#
# There is insufficient memory for the Java Runtime Environment to continue.
# Native memory allocation (malloc) failed to allocate 1207200 bytes. Error detail: Chunk::new
# Possible reasons:
#   The system is out of physical RAM or swap space
#   This process is running with CompressedOops enabled, and the Java Heap may be blocking the growth of the native heap
# Possible solutions:
#   Reduce memory load on the system
#   Increase physical memory or swap space
#   Check if swap backing store is full
#   Decrease Java heap size (-Xmx/-Xms)
#   Decrease number of Java threads
#   Decrease Java thread stack sizes (-Xss)
#   Set larger code cache with -XX:ReservedCodeCacheSize=
#   JVM is running with Zero Based Compressed Oops mode in which the Java heap is
#     placed in the first 32GB address space. The Java Heap base address is the
#     maximum limit for the native heap growth. Please use -XX:HeapBaseMinAddress
#     to set the Java Heap base and to place the Java Heap above 32GB virtual address.
# This output file may be truncated or incomplete.
#
#  Out of Memory Error (arena.cpp:168), pid=792, tid=19560
#
# JRE version: OpenJDK Runtime Environment JBR-21.0.10+1-1163.105-jcef (21.0.10+1) (build 21.0.10+1-b1163.105)
# Java VM: OpenJDK 64-Bit Server VM JBR-21.0.10+1-1163.105-jcef (21.0.10+1-b1163.105, mixed mode, sharing, tiered, compressed oops, compressed class ptrs, g1 gc, windows-amd64)
# No core dump will be written. Minidumps are not enabled by default on client versions of Windows
#

---------------  S U M M A R Y ------------

Command Line: --add-opens=java.base/java.lang=ALL-UNNAMED --add-opens=java.base/java.lang.invoke=ALL-UNNAMED --add-opens=java.base/java.util=ALL-UNNAMED --add-opens=java.prefs/java.util.prefs=ALL-UNNAMED --add-exports=jdk.compiler/com.sun.tools.javac.api=ALL-UNNAMED --add-exports=jdk.compiler/com.sun.tools.javac.util=ALL-UNNAMED --add-opens=java.base/java.util=ALL-UNNAMED --add-opens=java.prefs/java.util.prefs=ALL-UNNAMED --add-opens=java.base/java.nio.charset=ALL-UNNAMED --add-opens=java.base/java.net=ALL-UNNAMED --add-opens=java.base/java.util.concurrent=ALL-UNNAMED --add-opens=java.base/java.util.concurrent.atomic=ALL-UNNAMED --add-opens=java.xml/javax.xml.namespace=ALL-UNNAMED --add-opens=java.base/java.time=ALL-UNNAMED -XX:MaxMetaspaceSize=1g -XX:+HeapDumpOnOutOfMemoryError -Xmx4g -Dfile.encoding=UTF-8 -Duser.country=PE -Duser.language=es -Duser.variant -javaagent:C:\Users\usuario\.gradle\wrapper\dists\gradle-9.3.1-bin\23ovyewtku6u96viwx3xl3oks\gradle-9.3.1\lib\agents\gradle-instrumentation-agent-9.3.1.jar org.gradle.launcher.daemon.bootstrap.GradleDaemon 9.3.1

Host: AMD Ryzen 7 8700G w/ Radeon 780M Graphics      , 16 cores, 15G,  Windows 11 , 64 bit Build 26100 (10.0.26100.7920)
Time: Thu Mar 12 01:15:00 2026 Hora est. Pacífico, Sudamérica elapsed time: 182.763336 seconds (0d 0h 3m 2s)

---------------  T H R E A D  ---------------

Current thread (0x0000023766932cf0):  JavaThread "C2 CompilerThread5" daemon [_thread_in_native, id=19560, stack(0x0000003b4b500000,0x0000003b4b600000) (1024K)]


Current CompileTask:
C2:182763 74296       4       org.objectweb.asm.ClassReader::readMethod (1070 bytes)

Stack: [0x0000003b4b500000,0x0000003b4b600000]
Native frames: (J=compiled Java code, j=interpreted, Vv=VM code, C=native code)
V  [jvm.dll+0x6ecf49]  os::win32::platform_print_native_stack+0xd9  (os_windows_x86.cpp:236)
V  [jvm.dll+0x8cbe73]  VMError::report+0xd83  (vmError.cpp:1018)
V  [jvm.dll+0x8ce49e]  VMError::report_and_die+0x5fe  (vmError.cpp:1886)
V  [jvm.dll+0x8ceb83]  VMError::report_and_die+0x43  (vmError.cpp:1656)
V  [jvm.dll+0x28b776]  report_vm_out_of_memory+0x56  (debug.cpp:225)
V  [jvm.dll+0xc6f3d]  Chunk::operator new+0x10d  (arena.cpp:168)
V  [jvm.dll+0xc7473]  Arena::grow+0x103  (arena.cpp:301)
V  [jvm.dll+0x3c865b]  PhaseIFG::init+0xbb  (ifg.cpp:52)
V  [jvm.dll+0x1e79e4]  PhaseChaitin::Register_Allocate+0x494  (chaitin.cpp:500)
V  [jvm.dll+0x252864]  Compile::Code_Gen+0x394  (compile.cpp:2959)
V  [jvm.dll+0x251ce1]  Compile::Compile+0xee1  (compile.cpp:885)
V  [jvm.dll+0x1ceea4]  C2Compiler::compile_method+0xd4  (c2compiler.cpp:123)
V  [jvm.dll+0x26157e]  CompileBroker::invoke_compiler_on_method+0x78e  (compileBroker.cpp:2326)
V  [jvm.dll+0x25fac6]  CompileBroker::compiler_thread_loop+0x3b6  (compileBroker.cpp:1995)
V  [jvm.dll+0x403a4e]  JavaThread::run+0x11e  (javaThread.cpp:704)
V  [jvm.dll+0x874d68]  Thread::call_run+0xc8  (thread.cpp:231)
V  [jvm.dll+0x6eb6cd]  os::win32::thread_native_entry+0x7d  (os_windows.cpp:557)
C  [ucrtbase.dll+0x37b0]
C  [KERNEL32.DLL+0x2e8d7]
C  [ntdll.dll+0x8c48c]


---------------  P R O C E S S  ---------------

Threads class SMR info:
_java_thread_list=0x0000023782abbd10, length=263, elements={
0x0000023779f6f540, 0x000002371595ba30, 0x0000023715960e00, 0x0000023715961860,
0x000002371596c770, 0x000002371596edf0, 0x000002371596f460, 0x000002371596fe30,
0x0000023715975020, 0x0000023715977ea0, 0x000002375025a770, 0x00000237514f1590,
0x00000237516ba880, 0x000002375179ecf0, 0x00000237511d5950, 0x00000237511d45a0,
0x00000237511d52c0, 0x0000023754d23a50, 0x0000023754d24770, 0x0000023754d24e00,
0x000002375240e140, 0x0000023774d30290, 0x0000023774d31cd0, 0x000002375646e560,
0x0000023756471350, 0x0000023760185bd0, 0x0000023760183470, 0x0000023760182de0,
0x0000023760185540, 0x00000237601868f0, 0x0000023760186f80, 0x0000023760183b00,
0x0000023760187610, 0x0000023760184eb0, 0x0000023760184190, 0x0000023760187ca0,
0x0000023760184820, 0x0000023760189050, 0x0000023760188330, 0x000002376018be40,
0x000002376018b7b0, 0x000002376018b120, 0x0000023760189d70, 0x00000237601889c0,
0x000002376018c4d0, 0x000002376018cb60, 0x000002376018d1f0, 0x000002376018d880,
0x000002376018a400, 0x000002376018df10, 0x000002376018aa90, 0x0000023760191390,
0x0000023760191a20, 0x000002376018e5a0, 0x000002376018ec30, 0x0000023760192740,
0x0000023760190d00, 0x000002376018ffe0, 0x000002376018f2c0, 0x0000023760192dd0,
0x000002376018f950, 0x0000023760193af0, 0x0000023760190670, 0x00000237601968e0,
0x0000023760197600, 0x0000023760194ea0, 0x0000023760195bc0, 0x0000023760194180,
0x0000023760197c90, 0x000002376019aa80, 0x0000023760198320, 0x000002376019be30,
0x000002376019c4c0, 0x0000023760199040, 0x000002376019cb50, 0x00000237601a0660,
0x000002376019d870, 0x000002376019ffd0, 0x000002376019d1e0, 0x00000237601a0cf0,
0x000002376019e590, 0x00000237601a20a0, 0x000002376019ec20, 0x00000237566608a0,
0x0000023756660f30, 0x000002375665fb80, 0x00000237566615c0, 0x000002375665f4f0,
0x0000023756660210, 0x000002375665e7d0, 0x000002375665e140, 0x0000023756661c50,
0x00000237566622e0, 0x000002375665ee60, 0x0000023756662970, 0x0000023756666480,
0x0000023756663000, 0x0000023756663690, 0x00000237566650d0, 0x0000023756665df0,
0x0000023756666b10, 0x0000023756663d20, 0x00000237566671a0, 0x0000023756667830,
0x00000237566643b0, 0x0000023756667ec0, 0x0000023756664a40, 0x0000023756669f90,
0x000002375666b340, 0x0000023756669900, 0x000002375666a620, 0x000002375666acb0,
0x0000023756669270, 0x000002375666b9d0, 0x000002375666c060, 0x0000023756668be0,
0x000002375666d410, 0x000002375666c6f0, 0x000002375666cd80, 0x000002376e75ce20,
0x000002376e75db40, 0x000002376e75f580, 0x000002376e75fc10, 0x000002376e7602a0,
0x000002376e760930, 0x000002376e760fc0, 0x000002376e761650, 0x000002376e75e1d0,
0x000002376e765160, 0x000002376e763090, 0x000002376e763db0, 0x000002376e762a00,
0x000002376e764ad0, 0x000002376e763720, 0x000002376e761ce0, 0x000002376e7657f0,
0x000002376e762370, 0x000002376e7678c0, 0x000002376e767f50, 0x000002376e7685e0,
0x000002376e767230, 0x000002376e768c70, 0x000002376e769300, 0x000002376e765e80,
0x000002376e766ba0, 0x000002376e769990, 0x000002376e766510, 0x000002376e76ad40,
0x000002376e76ba60, 0x000002376e76b3d0, 0x000002376e76c0f0, 0x000002376e76a020,
0x0000023774d2a020, 0x0000023774d2ba60, 0x0000023774d2ad40, 0x0000023774d285e0,
0x0000023774d29990, 0x0000023774d2a6b0, 0x00000237660775c0, 0x00000237660782e0,
0x00000237660768a0, 0x0000023766079690, 0x000002376607a3b0, 0x0000023766076f30,
0x000002376607aa40, 0x000002376607b760, 0x000002376607bdf0, 0x000002376607b0d0,
0x000002376e70c960, 0x000002376e70f750, 0x000002376e70e3a0, 0x000002376e70cff0,
0x000002376e70d680, 0x000002376e711820, 0x000002376e711eb0, 0x000002376e70ea30,
0x000002376e70fde0, 0x000002376e710b00, 0x000002376e711190, 0x000002376e70f0c0,
0x000002376e712540, 0x000002376e712bd0, 0x000002376e710470, 0x000002376e713260,
0x000002376e713f80, 0x000002376e714610, 0x000002375ac5c520, 0x000002375ac5d240,
0x000002375ac59dc0, 0x000002375ac5b170, 0x000002375ac5be90, 0x000002375ac5cbb0,
0x000002375ac5b800, 0x000002375ac5d8d0, 0x000002375ac5aae0, 0x000002375ac5f310,
0x000002375ac61a70, 0x000002375ac5f9a0, 0x000002375ac63b40, 0x000002375ac606c0,
0x000002375ac65c10, 0x000002375ac5e5f0, 0x000002375ac67ce0, 0x000002375ac62790,
0x000002375ac662a0, 0x0000023757028af0, 0x000002375702a530, 0x0000023757028460,
0x0000023757029180, 0x000002375702abc0, 0x0000023757029810, 0x0000023757029ea0,
0x0000023757027dd0, 0x000002375702e6d0, 0x000002375702bf70, 0x000002375702e040,
0x000002375702b8e0, 0x000002375702ed60, 0x000002375702c600, 0x000002375702f3f0,
0x000002375702cc90, 0x000002375702d320, 0x000002375702d9b0, 0x000002375470a670,
0x000002375470ad00, 0x0000023754709fe0, 0x000002375470b390, 0x000002375470ba20,
0x000002375470c0b0, 0x000002375470c740, 0x0000023754709950, 0x000002375470eea0,
0x000002375470f530, 0x000002375470e180, 0x0000023774d44420, 0x0000023774d45e60,
0x0000023774d429e0, 0x0000023774d45140, 0x0000023774d464f0, 0x0000023774d43070,
0x0000023774d48c50, 0x0000023774d47210, 0x0000023774d46b80, 0x0000023774d47f30,
0x0000023774d492e0, 0x0000023774d49970, 0x0000023774d4a000, 0x0000023774d4a690,
0x0000023774d4ad20, 0x0000023774d478a0, 0x0000023774d2eee0, 0x0000023774d329f0,
0x0000023774d2f570, 0x0000023774d33da0, 0x0000023774d34430, 0x0000023776b17bb0,
0x0000023781021b70, 0x0000023759c87e00, 0x0000023774606360, 0x0000023774604150,
0x0000023766932cf0, 0x000002376a7eb250, 0x0000023766931880
}

Java Threads: ( => current thread )
  0x0000023779f6f540 JavaThread "main"                              [_thread_blocked, id=19916, stack(0x0000003b39800000,0x0000003b39900000) (1024K)]
  0x000002371595ba30 JavaThread "Common-Cleaner"             daemon [_thread_blocked, id=9596, stack(0x0000003b3a000000,0x0000003b3a100000) (1024K)]
  0x0000023715960e00 JavaThread "Reference Handler"          daemon [_thread_blocked, id=15232, stack(0x0000003b3a100000,0x0000003b3a200000) (1024K)]
  0x0000023715961860 JavaThread "Finalizer"                  daemon [_thread_blocked, id=22260, stack(0x0000003b3a200000,0x0000003b3a300000) (1024K)]
  0x000002371596c770 JavaThread "Signal Dispatcher"          daemon [_thread_blocked, id=11388, stack(0x0000003b3a300000,0x0000003b3a400000) (1024K)]
  0x000002371596edf0 JavaThread "Attach Listener"            daemon [_thread_blocked, id=7300, stack(0x0000003b3a400000,0x0000003b3a500000) (1024K)]
  0x000002371596f460 JavaThread "Service Thread"             daemon [_thread_blocked, id=7724, stack(0x0000003b3a500000,0x0000003b3a600000) (1024K)]
  0x000002371596fe30 JavaThread "Monitor Deflation Thread"   daemon [_thread_blocked, id=3200, stack(0x0000003b3a600000,0x0000003b3a700000) (1024K)]
  0x0000023715975020 JavaThread "C2 CompilerThread0"         daemon [_thread_in_native, id=19500, stack(0x0000003b3a700000,0x0000003b3a800000) (1024K)]
  0x0000023715977ea0 JavaThread "C1 CompilerThread0"         daemon [_thread_blocked, id=5256, stack(0x0000003b3a800000,0x0000003b3a900000) (1024K)]
  0x000002375025a770 JavaThread "Notification Thread"        daemon [_thread_blocked, id=17312, stack(0x0000003b3ab00000,0x0000003b3ac00000) (1024K)]
  0x00000237514f1590 JavaThread "Daemon health stats"               [_thread_blocked, id=8316, stack(0x0000003b3b400000,0x0000003b3b500000) (1024K)]
  0x00000237516ba880 JavaThread "Incoming local TCP Connector on port 60086"        [_thread_in_native, id=20980, stack(0x0000003b3b500000,0x0000003b3b600000) (1024K)]
  0x000002375179ecf0 JavaThread "Daemon periodic checks"            [_thread_blocked, id=20752, stack(0x0000003b3b600000,0x0000003b3b700000) (1024K)]
  0x00000237511d5950 JavaThread "Cache worker for journal cache (C:\Users\usuario\.gradle\caches\journal-1)"        [_thread_blocked, id=12240, stack(0x0000003b3c600000,0x0000003b3c700000) (1024K)]
  0x00000237511d45a0 JavaThread "File lock request listener"        [_thread_in_native, id=12328, stack(0x0000003b3c700000,0x0000003b3c800000) (1024K)]
  0x00000237511d52c0 JavaThread "Cache worker for file hash cache (C:\Users\usuario\.gradle\caches\9.3.1\fileHashes)"        [_thread_blocked, id=7404, stack(0x0000003b3c800000,0x0000003b3c900000) (1024K)]
  0x0000023754d23a50 JavaThread "File watcher server"        daemon [_thread_in_native, id=10256, stack(0x0000003b3cd00000,0x0000003b3ce00000) (1024K)]
  0x0000023754d24770 JavaThread "File watcher consumer"      daemon [_thread_blocked, id=21436, stack(0x0000003b3ce00000,0x0000003b3cf00000) (1024K)]
  0x0000023754d24e00 JavaThread "Cache worker for file content cache (C:\Users\usuario\.gradle\caches\9.3.1\fileContent)"        [_thread_blocked, id=18036, stack(0x0000003b3d000000,0x0000003b3d100000) (1024K)]
  0x000002375240e140 JavaThread "Memory manager"                    [_thread_blocked, id=13068, stack(0x0000003b3d300000,0x0000003b3d400000) (1024K)]
  0x0000023774d30290 JavaThread "Periodic tasks thread"      daemon [_thread_blocked, id=764, stack(0x0000003b49b00000,0x0000003b49c00000) (1024K)]
  0x0000023774d31cd0 JavaThread "ApplicationImpl pooled thread 1" daemon [_thread_blocked, id=760, stack(0x0000003b4b300000,0x0000003b4b400000) (1024K)]
  0x000002375646e560 JavaThread "Java2D Disposer"            daemon [_thread_blocked, id=12496, stack(0x0000003b42800000,0x0000003b42900000) (1024K)]
  0x0000023756471350 JavaThread "AWT-Windows"                daemon [_thread_in_native, id=8124, stack(0x0000003b4b700000,0x0000003b4b800000) (1024K)]
  0x0000023760185bd0 JavaThread "Daemon Thread 2"                   [_thread_blocked, id=22272, stack(0x0000003b39500000,0x0000003b39600000) (1024K)]
  0x0000023760183470 JavaThread "Handler for socket connection from /127.0.0.1:60086 to /127.0.0.1:59173"        [_thread_in_native, id=6048, stack(0x0000003b39600000,0x0000003b39700000) (1024K)]
  0x0000023760182de0 JavaThread "Cancel handler"                    [_thread_blocked, id=15116, stack(0x0000003b39700000,0x0000003b39800000) (1024K)]
  0x0000023760185540 JavaThread "Daemon worker Thread 2"            [_thread_blocked, id=16312, stack(0x0000003b3a900000,0x0000003b3aa00000) (1024K)]
  0x00000237601868f0 JavaThread "Asynchronous log dispatcher for DefaultDaemonConnection: socket connection from /127.0.0.1:60086 to /127.0.0.1:59173"        [_thread_blocked, id=16972, stack(0x0000003b3aa00000,0x0000003b3ab00000) (1024K)]
  0x0000023760186f80 JavaThread "Stdin handler"                     [_thread_blocked, id=20604, stack(0x0000003b3ac00000,0x0000003b3ad00000) (1024K)]
  0x0000023760183b00 JavaThread "Daemon client event forwarder"        [_thread_blocked, id=16304, stack(0x0000003b3ad00000,0x0000003b3ae00000) (1024K)]
  0x0000023760187610 JavaThread "Cache worker for file hash cache (C:\Users\usuario\Desktop\Programacion\Nuevapp 04-03\.gradle\9.3.1\fileHashes)"        [_thread_blocked, id=12620, stack(0x0000003b3c200000,0x0000003b3c300000) (1024K)]
  0x0000023760184eb0 JavaThread "Cache worker for Build Output Cleanup Cache (C:\Users\usuario\Desktop\Programacion\Nuevapp 04-03\.gradle\buildOutputCleanup)"        [_thread_blocked, id=14248, stack(0x0000003b3c300000,0x0000003b3c400000) (1024K)]
  0x0000023760184190 JavaThread "Cache worker for checksums cache (C:\Users\usuario\Desktop\Programacion\Nuevapp 04-03\.gradle\9.3.1\checksums)"        [_thread_blocked, id=2176, stack(0x0000003b3c400000,0x0000003b3c500000) (1024K)]
  0x0000023760187ca0 JavaThread "Cache worker for cache directory md-supplier (C:\Users\usuario\.gradle\caches\9.3.1\md-supplier)"        [_thread_blocked, id=21712, stack(0x0000003b3c500000,0x0000003b3c600000) (1024K)]
  0x0000023760184820 JavaThread "Cache worker for cache directory md-rule (C:\Users\usuario\.gradle\caches\9.3.1\md-rule)"        [_thread_blocked, id=8804, stack(0x0000003b3cb00000,0x0000003b3cc00000) (1024K)]
  0x0000023760189050 JavaThread "Unconstrained build operations"        [_thread_blocked, id=13936, stack(0x0000003b3cc00000,0x0000003b3cd00000) (1024K)]
  0x0000023760188330 JavaThread "Unconstrained build operations Thread 2"        [_thread_blocked, id=7216, stack(0x0000003b3cf00000,0x0000003b3d000000) (1024K)]
  0x000002376018be40 JavaThread "Unconstrained build operations Thread 3"        [_thread_blocked, id=6364, stack(0x0000003b3d400000,0x0000003b3d500000) (1024K)]
  0x000002376018b7b0 JavaThread "Unconstrained build operations Thread 4"        [_thread_blocked, id=13028, stack(0x0000003b3d500000,0x0000003b3d600000) (1024K)]
  0x000002376018b120 JavaThread "Unconstrained build operations Thread 5"        [_thread_blocked, id=11404, stack(0x0000003b3d600000,0x0000003b3d700000) (1024K)]
  0x0000023760189d70 JavaThread "Unconstrained build operations Thread 6"        [_thread_blocked, id=7892, stack(0x0000003b3d700000,0x0000003b3d800000) (1024K)]
  0x00000237601889c0 JavaThread "Unconstrained build operations Thread 7"        [_thread_blocked, id=20260, stack(0x0000003b3d800000,0x0000003b3d900000) (1024K)]
  0x000002376018c4d0 JavaThread "Unconstrained build operations Thread 8"        [_thread_blocked, id=22388, stack(0x0000003b3d900000,0x0000003b3da00000) (1024K)]
  0x000002376018cb60 JavaThread "Unconstrained build operations Thread 9"        [_thread_blocked, id=15860, stack(0x0000003b3da00000,0x0000003b3db00000) (1024K)]
  0x000002376018d1f0 JavaThread "Unconstrained build operations Thread 10"        [_thread_blocked, id=21396, stack(0x0000003b3db00000,0x0000003b3dc00000) (1024K)]
  0x000002376018d880 JavaThread "Unconstrained build operations Thread 11"        [_thread_blocked, id=6924, stack(0x0000003b3dc00000,0x0000003b3dd00000) (1024K)]
  0x000002376018a400 JavaThread "Unconstrained build operations Thread 12"        [_thread_blocked, id=10360, stack(0x0000003b3dd00000,0x0000003b3de00000) (1024K)]
  0x000002376018df10 JavaThread "Unconstrained build operations Thread 13"        [_thread_blocked, id=13288, stack(0x0000003b3de00000,0x0000003b3df00000) (1024K)]
  0x000002376018aa90 JavaThread "Unconstrained build operations Thread 14"        [_thread_blocked, id=9448, stack(0x0000003b3df00000,0x0000003b3e000000) (1024K)]
  0x0000023760191390 JavaThread "Unconstrained build operations Thread 15"        [_thread_blocked, id=1508, stack(0x0000003b3e000000,0x0000003b3e100000) (1024K)]
  0x0000023760191a20 JavaThread "Unconstrained build operations Thread 16"        [_thread_blocked, id=2772, stack(0x0000003b3e100000,0x0000003b3e200000) (1024K)]
  0x000002376018e5a0 JavaThread "Unconstrained build operations Thread 17"        [_thread_blocked, id=5996, stack(0x0000003b3e200000,0x0000003b3e300000) (1024K)]
  0x000002376018ec30 JavaThread "Unconstrained build operations Thread 18"        [_thread_blocked, id=476, stack(0x0000003b3e300000,0x0000003b3e400000) (1024K)]
  0x0000023760192740 JavaThread "Unconstrained build operations Thread 19"        [_thread_blocked, id=10564, stack(0x0000003b3e400000,0x0000003b3e500000) (1024K)]
  0x0000023760190d00 JavaThread "Unconstrained build operations Thread 20"        [_thread_blocked, id=2288, stack(0x0000003b3e500000,0x0000003b3e600000) (1024K)]
  0x000002376018ffe0 JavaThread "Unconstrained build operations Thread 21"        [_thread_blocked, id=7352, stack(0x0000003b3e600000,0x0000003b3e700000) (1024K)]
  0x000002376018f2c0 JavaThread "Unconstrained build operations Thread 22"        [_thread_blocked, id=17136, stack(0x0000003b3e700000,0x0000003b3e800000) (1024K)]
  0x0000023760192dd0 JavaThread "Unconstrained build operations Thread 23"        [_thread_blocked, id=9120, stack(0x0000003b3e800000,0x0000003b3e900000) (1024K)]
  0x000002376018f950 JavaThread "Unconstrained build operations Thread 24"        [_thread_blocked, id=11308, stack(0x0000003b3e900000,0x0000003b3ea00000) (1024K)]
  0x0000023760193af0 JavaThread "Unconstrained build operations Thread 25"        [_thread_blocked, id=18896, stack(0x0000003b3ea00000,0x0000003b3eb00000) (1024K)]
  0x0000023760190670 JavaThread "Unconstrained build operations Thread 26"        [_thread_blocked, id=8760, stack(0x0000003b3eb00000,0x0000003b3ec00000) (1024K)]
  0x00000237601968e0 JavaThread "Unconstrained build operations Thread 27"        [_thread_blocked, id=13956, stack(0x0000003b3ec00000,0x0000003b3ed00000) (1024K)]
  0x0000023760197600 JavaThread "Unconstrained build operations Thread 28"        [_thread_blocked, id=9816, stack(0x0000003b3ed00000,0x0000003b3ee00000) (1024K)]
  0x0000023760194ea0 JavaThread "Unconstrained build operations Thread 29"        [_thread_blocked, id=21248, stack(0x0000003b3ee00000,0x0000003b3ef00000) (1024K)]
  0x0000023760195bc0 JavaThread "Unconstrained build operations Thread 30"        [_thread_blocked, id=22256, stack(0x0000003b3ef00000,0x0000003b3f000000) (1024K)]
  0x0000023760194180 JavaThread "Unconstrained build operations Thread 31"        [_thread_blocked, id=14972, stack(0x0000003b3f000000,0x0000003b3f100000) (1024K)]
  0x0000023760197c90 JavaThread "Unconstrained build operations Thread 32"        [_thread_blocked, id=22380, stack(0x0000003b3f100000,0x0000003b3f200000) (1024K)]
  0x000002376019aa80 JavaThread "build event listener"              [_thread_blocked, id=7124, stack(0x0000003b3f200000,0x0000003b3f300000) (1024K)]
  0x0000023760198320 JavaThread "included builds"                   [_thread_blocked, id=22280, stack(0x0000003b3f300000,0x0000003b3f400000) (1024K)]
  0x000002376019be30 JavaThread "Execution worker"                  [_thread_blocked, id=12548, stack(0x0000003b3f400000,0x0000003b3f500000) (1024K)]
  0x000002376019c4c0 JavaThread "Execution worker Thread 2"         [_thread_blocked, id=18508, stack(0x0000003b3f500000,0x0000003b3f600000) (1024K)]
  0x0000023760199040 JavaThread "Execution worker Thread 3"         [_thread_blocked, id=21636, stack(0x0000003b3f600000,0x0000003b3f700000) (1024K)]
  0x000002376019cb50 JavaThread "Execution worker Thread 4"         [_thread_blocked, id=17220, stack(0x0000003b3f700000,0x0000003b3f800000) (1024K)]
  0x00000237601a0660 JavaThread "Execution worker Thread 5"         [_thread_blocked, id=18236, stack(0x0000003b3f800000,0x0000003b3f900000) (1024K)]
  0x000002376019d870 JavaThread "Execution worker Thread 6"         [_thread_blocked, id=22100, stack(0x0000003b3f900000,0x0000003b3fa00000) (1024K)]
  0x000002376019ffd0 JavaThread "Execution worker Thread 7"         [_thread_blocked, id=22460, stack(0x0000003b3fa00000,0x0000003b3fb00000) (1024K)]
  0x000002376019d1e0 JavaThread "Execution worker Thread 8"         [_thread_blocked, id=12708, stack(0x0000003b3fb00000,0x0000003b3fc00000) (1024K)]
  0x00000237601a0cf0 JavaThread "Execution worker Thread 9"         [_thread_in_native, id=4584, stack(0x0000003b3fc00000,0x0000003b3fd00000) (1024K)]
  0x000002376019e590 JavaThread "Execution worker Thread 10"        [_thread_blocked, id=14240, stack(0x0000003b3fd00000,0x0000003b3fe00000) (1024K)]
  0x00000237601a20a0 JavaThread "Execution worker Thread 11"        [_thread_blocked, id=3732, stack(0x0000003b3fe00000,0x0000003b3ff00000) (1024K)]
  0x000002376019ec20 JavaThread "Execution worker Thread 12"        [_thread_blocked, id=18488, stack(0x0000003b3ff00000,0x0000003b40000000) (1024K)]
  0x00000237566608a0 JavaThread "Execution worker Thread 13"        [_thread_blocked, id=17932, stack(0x0000003b40000000,0x0000003b40100000) (1024K)]
  0x0000023756660f30 JavaThread "Execution worker Thread 14"        [_thread_blocked, id=10748, stack(0x0000003b40100000,0x0000003b40200000) (1024K)]
  0x000002375665fb80 JavaThread "Execution worker Thread 15"        [_thread_blocked, id=19520, stack(0x0000003b40200000,0x0000003b40300000) (1024K)]
  0x00000237566615c0 JavaThread "Cache worker for execution history cache (C:\Users\usuario\Desktop\Programacion\Nuevapp 04-03\.gradle\9.3.1\executionHistory)"        [_thread_blocked, id=20792, stack(0x0000003b40300000,0x0000003b40400000) (1024K)]
  0x000002375665f4f0 JavaThread "Unconstrained build operations Thread 33"        [_thread_blocked, id=19476, stack(0x0000003b40400000,0x0000003b40500000) (1024K)]
  0x0000023756660210 JavaThread "Unconstrained build operations Thread 34"        [_thread_blocked, id=13740, stack(0x0000003b40600000,0x0000003b40700000) (1024K)]
  0x000002375665e7d0 JavaThread "Unconstrained build operations Thread 35"        [_thread_blocked, id=21912, stack(0x0000003b40700000,0x0000003b40800000) (1024K)]
  0x000002375665e140 JavaThread "Unconstrained build operations Thread 36"        [_thread_blocked, id=13356, stack(0x0000003b40800000,0x0000003b40900000) (1024K)]
  0x0000023756661c50 JavaThread "Unconstrained build operations Thread 37"        [_thread_blocked, id=7732, stack(0x0000003b3c000000,0x0000003b3c100000) (1024K)]
  0x00000237566622e0 JavaThread "Unconstrained build operations Thread 38"        [_thread_blocked, id=16376, stack(0x0000003b3c100000,0x0000003b3c200000) (1024K)]
  0x000002375665ee60 JavaThread "Unconstrained build operations Thread 39"        [_thread_blocked, id=7204, stack(0x0000003b40900000,0x0000003b40a00000) (1024K)]
  0x0000023756662970 JavaThread "Unconstrained build operations Thread 40"        [_thread_blocked, id=6972, stack(0x0000003b40a00000,0x0000003b40b00000) (1024K)]
  0x0000023756666480 JavaThread "Unconstrained build operations Thread 41"        [_thread_blocked, id=7864, stack(0x0000003b40b00000,0x0000003b40c00000) (1024K)]
  0x0000023756663000 JavaThread "Unconstrained build operations Thread 42"        [_thread_blocked, id=5856, stack(0x0000003b40c00000,0x0000003b40d00000) (1024K)]
  0x0000023756663690 JavaThread "Unconstrained build operations Thread 43"        [_thread_blocked, id=5440, stack(0x0000003b40d00000,0x0000003b40e00000) (1024K)]
  0x00000237566650d0 JavaThread "Unconstrained build operations Thread 44"        [_thread_blocked, id=6900, stack(0x0000003b40e00000,0x0000003b40f00000) (1024K)]
  0x0000023756665df0 JavaThread "Unconstrained build operations Thread 45"        [_thread_blocked, id=12972, stack(0x0000003b40f00000,0x0000003b41000000) (1024K)]
  0x0000023756666b10 JavaThread "Unconstrained build operations Thread 46"        [_thread_blocked, id=6228, stack(0x0000003b41000000,0x0000003b41100000) (1024K)]
  0x0000023756663d20 JavaThread "Unconstrained build operations Thread 47"        [_thread_blocked, id=2972, stack(0x0000003b41100000,0x0000003b41200000) (1024K)]
  0x00000237566671a0 JavaThread "Unconstrained build operations Thread 48"        [_thread_blocked, id=21400, stack(0x0000003b41200000,0x0000003b41300000) (1024K)]
  0x0000023756667830 JavaThread "Unconstrained build operations Thread 49"        [_thread_blocked, id=14676, stack(0x0000003b41300000,0x0000003b41400000) (1024K)]
  0x00000237566643b0 JavaThread "Unconstrained build operations Thread 50"        [_thread_blocked, id=12516, stack(0x0000003b41400000,0x0000003b41500000) (1024K)]
  0x0000023756667ec0 JavaThread "Unconstrained build operations Thread 51"        [_thread_blocked, id=21976, stack(0x0000003b41500000,0x0000003b41600000) (1024K)]
  0x0000023756664a40 JavaThread "Unconstrained build operations Thread 52"        [_thread_blocked, id=11940, stack(0x0000003b41600000,0x0000003b41700000) (1024K)]
  0x0000023756669f90 JavaThread "Unconstrained build operations Thread 53"        [_thread_blocked, id=1596, stack(0x0000003b41700000,0x0000003b41800000) (1024K)]
  0x000002375666b340 JavaThread "WorkerExecutor Queue"              [_thread_blocked, id=21684, stack(0x0000003b3d100000,0x0000003b3d200000) (1024K)]
  0x0000023756669900 JavaThread "Unconstrained build operations Thread 54"        [_thread_blocked, id=14056, stack(0x0000003b41900000,0x0000003b41a00000) (1024K)]
  0x000002375666a620 JavaThread "Unconstrained build operations Thread 55"        [_thread_blocked, id=19600, stack(0x0000003b41a00000,0x0000003b41b00000) (1024K)]
  0x000002375666acb0 JavaThread "Unconstrained build operations Thread 56"        [_thread_blocked, id=14012, stack(0x0000003b41b00000,0x0000003b41c00000) (1024K)]
  0x0000023756669270 JavaThread "Unconstrained build operations Thread 57"        [_thread_blocked, id=22032, stack(0x0000003b41c00000,0x0000003b41d00000) (1024K)]
  0x000002375666b9d0 JavaThread "Unconstrained build operations Thread 58"        [_thread_blocked, id=6112, stack(0x0000003b41d00000,0x0000003b41e00000) (1024K)]
  0x000002375666c060 JavaThread "Unconstrained build operations Thread 59"        [_thread_blocked, id=17940, stack(0x0000003b41e00000,0x0000003b41f00000) (1024K)]
  0x0000023756668be0 JavaThread "Unconstrained build operations Thread 60"        [_thread_blocked, id=5648, stack(0x0000003b41f00000,0x0000003b42000000) (1024K)]
  0x000002375666d410 JavaThread "Unconstrained build operations Thread 61"        [_thread_blocked, id=22028, stack(0x0000003b42000000,0x0000003b42100000) (1024K)]
  0x000002375666c6f0 JavaThread "Unconstrained build operations Thread 62"        [_thread_blocked, id=20644, stack(0x0000003b42100000,0x0000003b42200000) (1024K)]
  0x000002375666cd80 JavaThread "Unconstrained build operations Thread 63"        [_thread_blocked, id=13472, stack(0x0000003b42200000,0x0000003b42300000) (1024K)]
  0x000002376e75ce20 JavaThread "WorkerExecutor Queue Thread 2"        [_thread_blocked, id=17208, stack(0x0000003b42900000,0x0000003b42a00000) (1024K)]
  0x000002376e75db40 JavaThread "WorkerExecutor Queue Thread 3"        [_thread_blocked, id=10280, stack(0x0000003b42a00000,0x0000003b42b00000) (1024K)]
  0x000002376e75f580 JavaThread "WorkerExecutor Queue Thread 4"        [_thread_blocked, id=21264, stack(0x0000003b42b00000,0x0000003b42c00000) (1024K)]
  0x000002376e75fc10 JavaThread "WorkerExecutor Queue Thread 5"        [_thread_blocked, id=8868, stack(0x0000003b42c00000,0x0000003b42d00000) (1024K)]
  0x000002376e7602a0 JavaThread "WorkerExecutor Queue Thread 6"        [_thread_blocked, id=13884, stack(0x0000003b42d00000,0x0000003b42e00000) (1024K)]
  0x000002376e760930 JavaThread "WorkerExecutor Queue Thread 7"        [_thread_blocked, id=6980, stack(0x0000003b42e00000,0x0000003b42f00000) (1024K)]
  0x000002376e760fc0 JavaThread "WorkerExecutor Queue Thread 8"        [_thread_blocked, id=21268, stack(0x0000003b42f00000,0x0000003b43000000) (1024K)]
  0x000002376e761650 JavaThread "WorkerExecutor Queue Thread 9"        [_thread_blocked, id=8656, stack(0x0000003b43000000,0x0000003b43100000) (1024K)]
  0x000002376e75e1d0 JavaThread "WorkerExecutor Queue Thread 10"        [_thread_blocked, id=22352, stack(0x0000003b43100000,0x0000003b43200000) (1024K)]
  0x000002376e765160 JavaThread "WorkerExecutor Queue Thread 11"        [_thread_blocked, id=17748, stack(0x0000003b43200000,0x0000003b43300000) (1024K)]
  0x000002376e763090 JavaThread "WorkerExecutor Queue Thread 12"        [_thread_blocked, id=1728, stack(0x0000003b43300000,0x0000003b43400000) (1024K)]
  0x000002376e763db0 JavaThread "WorkerExecutor Queue Thread 13"        [_thread_blocked, id=3040, stack(0x0000003b43400000,0x0000003b43500000) (1024K)]
  0x000002376e762a00 JavaThread "WorkerExecutor Queue Thread 14"        [_thread_blocked, id=17604, stack(0x0000003b43500000,0x0000003b43600000) (1024K)]
  0x000002376e764ad0 JavaThread "WorkerExecutor Queue Thread 15"        [_thread_blocked, id=6224, stack(0x0000003b43600000,0x0000003b43700000) (1024K)]
  0x000002376e763720 JavaThread "WorkerExecutor Queue Thread 16"        [_thread_blocked, id=15924, stack(0x0000003b43700000,0x0000003b43800000) (1024K)]
  0x000002376e761ce0 JavaThread "Unconstrained build operations Thread 64"        [_thread_blocked, id=22220, stack(0x0000003b43800000,0x0000003b43900000) (1024K)]
  0x000002376e7657f0 JavaThread "Unconstrained build operations Thread 65"        [_thread_blocked, id=8376, stack(0x0000003b43900000,0x0000003b43a00000) (1024K)]
  0x000002376e762370 JavaThread "Unconstrained build operations Thread 66"        [_thread_blocked, id=16616, stack(0x0000003b43a00000,0x0000003b43b00000) (1024K)]
  0x000002376e7678c0 JavaThread "Unconstrained build operations Thread 67"        [_thread_blocked, id=6340, stack(0x0000003b43b00000,0x0000003b43c00000) (1024K)]
  0x000002376e767f50 JavaThread "Unconstrained build operations Thread 68"        [_thread_blocked, id=12500, stack(0x0000003b43c00000,0x0000003b43d00000) (1024K)]
  0x000002376e7685e0 JavaThread "Unconstrained build operations Thread 69"        [_thread_blocked, id=14156, stack(0x0000003b43d00000,0x0000003b43e00000) (1024K)]
  0x000002376e767230 JavaThread "Unconstrained build operations Thread 70"        [_thread_blocked, id=10908, stack(0x0000003b43e00000,0x0000003b43f00000) (1024K)]
  0x000002376e768c70 JavaThread "Unconstrained build operations Thread 71"        [_thread_blocked, id=8788, stack(0x0000003b43f00000,0x0000003b44000000) (1024K)]
  0x000002376e769300 JavaThread "Unconstrained build operations Thread 72"        [_thread_blocked, id=18596, stack(0x0000003b44000000,0x0000003b44100000) (1024K)]
  0x000002376e765e80 JavaThread "Unconstrained build operations Thread 73"        [_thread_blocked, id=13848, stack(0x0000003b44100000,0x0000003b44200000) (1024K)]
  0x000002376e766ba0 JavaThread "Unconstrained build operations Thread 74"        [_thread_blocked, id=11148, stack(0x0000003b44200000,0x0000003b44300000) (1024K)]
  0x000002376e769990 JavaThread "Unconstrained build operations Thread 75"        [_thread_blocked, id=10660, stack(0x0000003b44300000,0x0000003b44400000) (1024K)]
  0x000002376e766510 JavaThread "Unconstrained build operations Thread 76"        [_thread_blocked, id=19008, stack(0x0000003b44400000,0x0000003b44500000) (1024K)]
  0x000002376e76ad40 JavaThread "Unconstrained build operations Thread 77"        [_thread_blocked, id=440, stack(0x0000003b44500000,0x0000003b44600000) (1024K)]
  0x000002376e76ba60 JavaThread "Unconstrained build operations Thread 78"        [_thread_blocked, id=9268, stack(0x0000003b44600000,0x0000003b44700000) (1024K)]
  0x000002376e76b3d0 JavaThread "Unconstrained build operations Thread 79"        [_thread_blocked, id=9672, stack(0x0000003b44700000,0x0000003b44800000) (1024K)]
  0x000002376e76c0f0 JavaThread "Unconstrained build operations Thread 80"        [_thread_blocked, id=6592, stack(0x0000003b44800000,0x0000003b44900000) (1024K)]
  0x000002376e76a020 JavaThread "Unconstrained build operations Thread 81"        [_thread_blocked, id=9184, stack(0x0000003b44900000,0x0000003b44a00000) (1024K)]
  0x0000023774d2a020 JavaThread "Unconstrained build operations Thread 82"        [_thread_blocked, id=12368, stack(0x0000003b44a00000,0x0000003b44b00000) (1024K)]
  0x0000023774d2ba60 JavaThread "Unconstrained build operations Thread 83"        [_thread_blocked, id=15876, stack(0x0000003b44b00000,0x0000003b44c00000) (1024K)]
  0x0000023774d2ad40 JavaThread "Unconstrained build operations Thread 84"        [_thread_blocked, id=20688, stack(0x0000003b44c00000,0x0000003b44d00000) (1024K)]
  0x0000023774d285e0 JavaThread "pool-8-thread-1"                   [_thread_blocked, id=22340, stack(0x0000003b44d00000,0x0000003b44e00000) (1024K)]
  0x0000023774d29990 JavaThread "stderr"                            [_thread_in_native, id=5768, stack(0x0000003b44e00000,0x0000003b44f00000) (1024K)]
  0x0000023774d2a6b0 JavaThread "stdout"                            [_thread_in_native, id=14164, stack(0x0000003b44f00000,0x0000003b45000000) (1024K)]
  0x00000237660775c0 JavaThread "Unconstrained build operations Thread 85"        [_thread_blocked, id=17616, stack(0x0000003b42700000,0x0000003b42800000) (1024K)]
  0x00000237660782e0 JavaThread "Unconstrained build operations Thread 86"        [_thread_blocked, id=16984, stack(0x0000003b45000000,0x0000003b45100000) (1024K)]
  0x00000237660768a0 JavaThread "Unconstrained build operations Thread 87"        [_thread_blocked, id=20412, stack(0x0000003b45100000,0x0000003b45200000) (1024K)]
  0x0000023766079690 JavaThread "Unconstrained build operations Thread 88"        [_thread_blocked, id=16104, stack(0x0000003b45200000,0x0000003b45300000) (1024K)]
  0x000002376607a3b0 JavaThread "Unconstrained build operations Thread 89"        [_thread_blocked, id=9152, stack(0x0000003b45300000,0x0000003b45400000) (1024K)]
  0x0000023766076f30 JavaThread "Unconstrained build operations Thread 90"        [_thread_blocked, id=16752, stack(0x0000003b45400000,0x0000003b45500000) (1024K)]
  0x000002376607aa40 JavaThread "Unconstrained build operations Thread 91"        [_thread_blocked, id=22436, stack(0x0000003b45500000,0x0000003b45600000) (1024K)]
  0x000002376607b760 JavaThread "Unconstrained build operations Thread 92"        [_thread_blocked, id=10160, stack(0x0000003b45600000,0x0000003b45700000) (1024K)]
  0x000002376607bdf0 JavaThread "Unconstrained build operations Thread 93"        [_thread_blocked, id=804, stack(0x0000003b45700000,0x0000003b45800000) (1024K)]
  0x000002376607b0d0 JavaThread "Unconstrained build operations Thread 94"        [_thread_blocked, id=14936, stack(0x0000003b3d200000,0x0000003b3d300000) (1024K)]
  0x000002376e70c960 JavaThread "Unconstrained build operations Thread 95"        [_thread_blocked, id=7528, stack(0x0000003b41800000,0x0000003b41900000) (1024K)]
  0x000002376e70f750 JavaThread "Unconstrained build operations Thread 96"        [_thread_blocked, id=13668, stack(0x0000003b42300000,0x0000003b42400000) (1024K)]
  0x000002376e70e3a0 JavaThread "Unconstrained build operations Thread 97"        [_thread_blocked, id=12960, stack(0x0000003b42400000,0x0000003b42500000) (1024K)]
  0x000002376e70cff0 JavaThread "Unconstrained build operations Thread 98"        [_thread_blocked, id=21704, stack(0x0000003b42500000,0x0000003b42600000) (1024K)]
  0x000002376e70d680 JavaThread "Unconstrained build operations Thread 99"        [_thread_blocked, id=1848, stack(0x0000003b42600000,0x0000003b42700000) (1024K)]
  0x000002376e711820 JavaThread "Unconstrained build operations Thread 100"        [_thread_blocked, id=276, stack(0x0000003b45800000,0x0000003b45900000) (1024K)]
  0x000002376e711eb0 JavaThread "Unconstrained build operations Thread 101"        [_thread_blocked, id=21564, stack(0x0000003b45900000,0x0000003b45a00000) (1024K)]
  0x000002376e70ea30 JavaThread "Unconstrained build operations Thread 102"        [_thread_blocked, id=21528, stack(0x0000003b45a00000,0x0000003b45b00000) (1024K)]
  0x000002376e70fde0 JavaThread "Unconstrained build operations Thread 103"        [_thread_blocked, id=14508, stack(0x0000003b45b00000,0x0000003b45c00000) (1024K)]
  0x000002376e710b00 JavaThread "Unconstrained build operations Thread 104"        [_thread_blocked, id=10056, stack(0x0000003b45c00000,0x0000003b45d00000) (1024K)]
  0x000002376e711190 JavaThread "Unconstrained build operations Thread 105"        [_thread_blocked, id=13540, stack(0x0000003b45d00000,0x0000003b45e00000) (1024K)]
  0x000002376e70f0c0 JavaThread "Unconstrained build operations Thread 106"        [_thread_blocked, id=22252, stack(0x0000003b45e00000,0x0000003b45f00000) (1024K)]
  0x000002376e712540 JavaThread "Unconstrained build operations Thread 107"        [_thread_blocked, id=15780, stack(0x0000003b45f00000,0x0000003b46000000) (1024K)]
  0x000002376e712bd0 JavaThread "Unconstrained build operations Thread 108"        [_thread_blocked, id=20548, stack(0x0000003b46000000,0x0000003b46100000) (1024K)]
  0x000002376e710470 JavaThread "Unconstrained build operations Thread 109"        [_thread_blocked, id=5600, stack(0x0000003b46100000,0x0000003b46200000) (1024K)]
  0x000002376e713260 JavaThread "Unconstrained build operations Thread 110"        [_thread_blocked, id=17872, stack(0x0000003b46200000,0x0000003b46300000) (1024K)]
  0x000002376e713f80 JavaThread "Unconstrained build operations Thread 111"        [_thread_blocked, id=732, stack(0x0000003b46600000,0x0000003b46700000) (1024K)]
  0x000002376e714610 JavaThread "Unconstrained build operations Thread 112"        [_thread_blocked, id=10536, stack(0x0000003b46700000,0x0000003b46800000) (1024K)]
  0x000002375ac5c520 JavaThread "Unconstrained build operations Thread 113"        [_thread_blocked, id=21440, stack(0x0000003b46800000,0x0000003b46900000) (1024K)]
  0x000002375ac5d240 JavaThread "Unconstrained build operations Thread 114"        [_thread_blocked, id=9800, stack(0x0000003b46900000,0x0000003b46a00000) (1024K)]
  0x000002375ac59dc0 JavaThread "Unconstrained build operations Thread 115"        [_thread_blocked, id=5068, stack(0x0000003b46a00000,0x0000003b46b00000) (1024K)]
  0x000002375ac5b170 JavaThread "Unconstrained build operations Thread 116"        [_thread_blocked, id=16896, stack(0x0000003b46b00000,0x0000003b46c00000) (1024K)]
  0x000002375ac5be90 JavaThread "Unconstrained build operations Thread 117"        [_thread_blocked, id=20144, stack(0x0000003b46c00000,0x0000003b46d00000) (1024K)]
  0x000002375ac5cbb0 JavaThread "Unconstrained build operations Thread 118"        [_thread_blocked, id=22496, stack(0x0000003b46d00000,0x0000003b46e00000) (1024K)]
  0x000002375ac5b800 JavaThread "Unconstrained build operations Thread 119"        [_thread_blocked, id=14068, stack(0x0000003b46e00000,0x0000003b46f00000) (1024K)]
  0x000002375ac5d8d0 JavaThread "Unconstrained build operations Thread 120"        [_thread_blocked, id=2428, stack(0x0000003b46f00000,0x0000003b47000000) (1024K)]
  0x000002375ac5aae0 JavaThread "Unconstrained build operations Thread 121"        [_thread_blocked, id=21700, stack(0x0000003b47000000,0x0000003b47100000) (1024K)]
  0x000002375ac5f310 JavaThread "Unconstrained build operations Thread 122"        [_thread_blocked, id=5148, stack(0x0000003b47100000,0x0000003b47200000) (1024K)]
  0x000002375ac61a70 JavaThread "Unconstrained build operations Thread 123"        [_thread_blocked, id=10448, stack(0x0000003b47200000,0x0000003b47300000) (1024K)]
  0x000002375ac5f9a0 JavaThread "Unconstrained build operations Thread 124"        [_thread_blocked, id=6992, stack(0x0000003b47300000,0x0000003b47400000) (1024K)]
  0x000002375ac63b40 JavaThread "Unconstrained build operations Thread 125"        [_thread_blocked, id=18916, stack(0x0000003b47400000,0x0000003b47500000) (1024K)]
  0x000002375ac606c0 JavaThread "Unconstrained build operations Thread 126"        [_thread_blocked, id=11252, stack(0x0000003b47500000,0x0000003b47600000) (1024K)]
  0x000002375ac65c10 JavaThread "Unconstrained build operations Thread 127"        [_thread_blocked, id=8568, stack(0x0000003b47600000,0x0000003b47700000) (1024K)]
  0x000002375ac5e5f0 JavaThread "Unconstrained build operations Thread 128"        [_thread_blocked, id=18968, stack(0x0000003b47700000,0x0000003b47800000) (1024K)]
  0x000002375ac67ce0 JavaThread "Unconstrained build operations Thread 129"        [_thread_blocked, id=19996, stack(0x0000003b47800000,0x0000003b47900000) (1024K)]
  0x000002375ac62790 JavaThread "Unconstrained build operations Thread 130"        [_thread_blocked, id=18448, stack(0x0000003b47900000,0x0000003b47a00000) (1024K)]
  0x000002375ac662a0 JavaThread "Unconstrained build operations Thread 131"        [_thread_blocked, id=1412, stack(0x0000003b47a00000,0x0000003b47b00000) (1024K)]
  0x0000023757028af0 JavaThread "Unconstrained build operations Thread 132"        [_thread_blocked, id=16408, stack(0x0000003b47b00000,0x0000003b47c00000) (1024K)]
  0x000002375702a530 JavaThread "Unconstrained build operations Thread 133"        [_thread_blocked, id=13248, stack(0x0000003b47c00000,0x0000003b47d00000) (1024K)]
  0x0000023757028460 JavaThread "Unconstrained build operations Thread 134"        [_thread_blocked, id=21744, stack(0x0000003b47d00000,0x0000003b47e00000) (1024K)]
  0x0000023757029180 JavaThread "Unconstrained build operations Thread 135"        [_thread_blocked, id=16348, stack(0x0000003b47e00000,0x0000003b47f00000) (1024K)]
  0x000002375702abc0 JavaThread "Unconstrained build operations Thread 136"        [_thread_blocked, id=7460, stack(0x0000003b47f00000,0x0000003b48000000) (1024K)]
  0x0000023757029810 JavaThread "Unconstrained build operations Thread 137"        [_thread_blocked, id=8224, stack(0x0000003b48000000,0x0000003b48100000) (1024K)]
  0x0000023757029ea0 JavaThread "Unconstrained build operations Thread 138"        [_thread_blocked, id=20040, stack(0x0000003b48100000,0x0000003b48200000) (1024K)]
  0x0000023757027dd0 JavaThread "Unconstrained build operations Thread 139"        [_thread_blocked, id=22300, stack(0x0000003b48200000,0x0000003b48300000) (1024K)]
  0x000002375702e6d0 JavaThread "Unconstrained build operations Thread 140"        [_thread_blocked, id=10644, stack(0x0000003b48300000,0x0000003b48400000) (1024K)]
  0x000002375702bf70 JavaThread "Unconstrained build operations Thread 141"        [_thread_blocked, id=11172, stack(0x0000003b48400000,0x0000003b48500000) (1024K)]
  0x000002375702e040 JavaThread "Unconstrained build operations Thread 142"        [_thread_blocked, id=2644, stack(0x0000003b48500000,0x0000003b48600000) (1024K)]
  0x000002375702b8e0 JavaThread "Unconstrained build operations Thread 143"        [_thread_blocked, id=2352, stack(0x0000003b48600000,0x0000003b48700000) (1024K)]
  0x000002375702ed60 JavaThread "Unconstrained build operations Thread 144"        [_thread_blocked, id=15828, stack(0x0000003b48700000,0x0000003b48800000) (1024K)]
  0x000002375702c600 JavaThread "Unconstrained build operations Thread 145"        [_thread_blocked, id=6788, stack(0x0000003b48800000,0x0000003b48900000) (1024K)]
  0x000002375702f3f0 JavaThread "Unconstrained build operations Thread 146"        [_thread_blocked, id=12148, stack(0x0000003b48900000,0x0000003b48a00000) (1024K)]
  0x000002375702cc90 JavaThread "Unconstrained build operations Thread 147"        [_thread_blocked, id=9380, stack(0x0000003b48a00000,0x0000003b48b00000) (1024K)]
  0x000002375702d320 JavaThread "Unconstrained build operations Thread 148"        [_thread_blocked, id=21100, stack(0x0000003b48b00000,0x0000003b48c00000) (1024K)]
  0x000002375702d9b0 JavaThread "Unconstrained build operations Thread 149"        [_thread_blocked, id=10444, stack(0x0000003b48c00000,0x0000003b48d00000) (1024K)]
  0x000002375470a670 JavaThread "Unconstrained build operations Thread 150"        [_thread_blocked, id=2116, stack(0x0000003b48d00000,0x0000003b48e00000) (1024K)]
  0x000002375470ad00 JavaThread "Unconstrained build operations Thread 151"        [_thread_blocked, id=19960, stack(0x0000003b48e00000,0x0000003b48f00000) (1024K)]
  0x0000023754709fe0 JavaThread "Unconstrained build operations Thread 152"        [_thread_blocked, id=5340, stack(0x0000003b48f00000,0x0000003b49000000) (1024K)]
  0x000002375470b390 JavaThread "Unconstrained build operations Thread 153"        [_thread_blocked, id=14688, stack(0x0000003b49000000,0x0000003b49100000) (1024K)]
  0x000002375470ba20 JavaThread "Unconstrained build operations Thread 154"        [_thread_blocked, id=11144, stack(0x0000003b49100000,0x0000003b49200000) (1024K)]
  0x000002375470c0b0 JavaThread "Unconstrained build operations Thread 155"        [_thread_blocked, id=12168, stack(0x0000003b49200000,0x0000003b49300000) (1024K)]
  0x000002375470c740 JavaThread "Unconstrained build operations Thread 156"        [_thread_blocked, id=6964, stack(0x0000003b49300000,0x0000003b49400000) (1024K)]
  0x0000023754709950 JavaThread "Unconstrained build operations Thread 157"        [_thread_blocked, id=4200, stack(0x0000003b49600000,0x0000003b49700000) (1024K)]
  0x000002375470eea0 JavaThread "Unconstrained build operations Thread 158"        [_thread_blocked, id=4716, stack(0x0000003b49700000,0x0000003b49800000) (1024K)]
  0x000002375470f530 JavaThread "Unconstrained build operations Thread 159"        [_thread_blocked, id=15716, stack(0x0000003b49800000,0x0000003b49900000) (1024K)]
  0x000002375470e180 JavaThread "Unconstrained build operations Thread 160"        [_thread_blocked, id=1992, stack(0x0000003b49900000,0x0000003b49a00000) (1024K)]
  0x0000023774d44420 JavaThread "ForkJoinPool-2-worker-1"    daemon [_thread_blocked, id=14432, stack(0x0000003b49c00000,0x0000003b49d00000) (1024K)]
  0x0000023774d45e60 JavaThread "ForkJoinPool-2-worker-2"    daemon [_thread_blocked, id=21928, stack(0x0000003b49d00000,0x0000003b49e00000) (1024K)]
  0x0000023774d429e0 JavaThread "ForkJoinPool-2-worker-3"    daemon [_thread_blocked, id=20740, stack(0x0000003b49e00000,0x0000003b49f00000) (1024K)]
  0x0000023774d45140 JavaThread "ForkJoinPool-2-worker-4"    daemon [_thread_blocked, id=15464, stack(0x0000003b4a200000,0x0000003b4a300000) (1024K)]
  0x0000023774d464f0 JavaThread "ForkJoinPool-2-worker-5"    daemon [_thread_blocked, id=17740, stack(0x0000003b4a300000,0x0000003b4a400000) (1024K)]
  0x0000023774d43070 JavaThread "ForkJoinPool-2-worker-6"    daemon [_thread_blocked, id=22204, stack(0x0000003b4a400000,0x0000003b4a500000) (1024K)]
  0x0000023774d48c50 JavaThread "ForkJoinPool-2-worker-7"    daemon [_thread_blocked, id=9820, stack(0x0000003b4a500000,0x0000003b4a600000) (1024K)]
  0x0000023774d47210 JavaThread "ForkJoinPool-2-worker-8"    daemon [_thread_blocked, id=14596, stack(0x0000003b4a600000,0x0000003b4a700000) (1024K)]
  0x0000023774d46b80 JavaThread "ForkJoinPool-2-worker-9"    daemon [_thread_blocked, id=17152, stack(0x0000003b4a700000,0x0000003b4a800000) (1024K)]
  0x0000023774d47f30 JavaThread "ForkJoinPool-2-worker-10"   daemon [_thread_blocked, id=18856, stack(0x0000003b4a800000,0x0000003b4a900000) (1024K)]
  0x0000023774d492e0 JavaThread "ForkJoinPool-2-worker-11"   daemon [_thread_blocked, id=13720, stack(0x0000003b4a900000,0x0000003b4aa00000) (1024K)]
  0x0000023774d49970 JavaThread "ForkJoinPool-2-worker-12"   daemon [_thread_blocked, id=19208, stack(0x0000003b4aa00000,0x0000003b4ab00000) (1024K)]
  0x0000023774d4a000 JavaThread "ForkJoinPool-2-worker-13"   daemon [_thread_blocked, id=16740, stack(0x0000003b4ab00000,0x0000003b4ac00000) (1024K)]
  0x0000023774d4a690 JavaThread "ForkJoinPool-2-worker-14"   daemon [_thread_blocked, id=22004, stack(0x0000003b4ac00000,0x0000003b4ad00000) (1024K)]
  0x0000023774d4ad20 JavaThread "ForkJoinPool-2-worker-15"   daemon [_thread_blocked, id=19752, stack(0x0000003b4ad00000,0x0000003b4ae00000) (1024K)]
  0x0000023774d478a0 JavaThread "ForkJoinPool-2-worker-16"   daemon [_thread_blocked, id=4472, stack(0x0000003b4ae00000,0x0000003b4af00000) (1024K)]
  0x0000023774d2eee0 JavaThread "RMI Scheduler(0)"           daemon [_thread_blocked, id=22520, stack(0x0000003b46300000,0x0000003b46400000) (1024K)]
  0x0000023774d329f0 JavaThread "RMI RenewClean-[127.0.0.1:17852,org.jetbrains.kotlin.daemon.common.LoopbackNetworkInterface$ClientLoopbackSocketFactory@4be0141]" daemon [_thread_blocked, id=6596, stack(0x0000003b46400000,0x0000003b46500000) (1024K)]
  0x0000023774d2f570 JavaThread "RMI GC Daemon"              daemon [_thread_blocked, id=17824, stack(0x0000003b46500000,0x0000003b46600000) (1024K)]
  0x0000023774d33da0 JavaThread "RMI TCP Accept-0"           daemon [_thread_in_native, id=18068, stack(0x0000003b49a00000,0x0000003b49b00000) (1024K)]
  0x0000023774d34430 JavaThread "RMI Reaper"                        [_thread_blocked, id=21224, stack(0x0000003b4af00000,0x0000003b4b000000) (1024K)]
  0x0000023776b17bb0 JavaThread "RMI TCP Connection(2)-127.0.0.1" daemon [_thread_in_native, id=8960, stack(0x0000003b4bb00000,0x0000003b4bc00000) (1024K)]
  0x0000023781021b70 JavaThread "C2 CompilerThread1"         daemon [_thread_in_native, id=8364, stack(0x0000003b3b200000,0x0000003b3b300000) (1024K)]
  0x0000023759c87e00 JavaThread "C2 CompilerThread2"         daemon [_thread_in_native, id=14500, stack(0x0000003b3b300000,0x0000003b3b400000) (1024K)]
  0x0000023774606360 JavaThread "C2 CompilerThread3"         daemon [_thread_in_native, id=13152, stack(0x0000003b3b700000,0x0000003b3b800000) (1024K)]
  0x0000023774604150 JavaThread "C2 CompilerThread4"         daemon [_thread_in_native, id=8852, stack(0x0000003b49f00000,0x0000003b4a000000) (1024K)]
=>0x0000023766932cf0 JavaThread "C2 CompilerThread5"         daemon [_thread_in_native, id=19560, stack(0x0000003b4b500000,0x0000003b4b600000) (1024K)]
  0x000002376a7eb250 JavaThread "C2 CompilerThread6"         daemon [_thread_in_native, id=18880, stack(0x0000003b4b600000,0x0000003b4b700000) (1024K)]
  0x0000023766931880 JavaThread "C2 CompilerThread7"         daemon [_thread_in_native, id=10788, stack(0x0000003b4b800000,0x0000003b4b900000) (1024K)]
Total: 263

Other Threads:
  0x000002371593c7d0 VMThread "VM Thread"                           [id=424, stack(0x0000003b39f00000,0x0000003b3a000000) (1024K)]
  0x000002371592d020 WatcherThread "VM Periodic Task Thread"        [id=17584, stack(0x0000003b39e00000,0x0000003b39f00000) (1024K)]
  0x0000023779fd9800 WorkerThread "GC Thread#0"                     [id=9952, stack(0x0000003b39900000,0x0000003b39a00000) (1024K)]
  0x0000023750729470 WorkerThread "GC Thread#1"                     [id=17908, stack(0x0000003b3ae00000,0x0000003b3af00000) (1024K)]
  0x00000237504b5f40 WorkerThread "GC Thread#2"                     [id=15868, stack(0x0000003b3af00000,0x0000003b3b000000) (1024K)]
  0x00000237504b6700 WorkerThread "GC Thread#3"                     [id=4556, stack(0x0000003b3b000000,0x0000003b3b100000) (1024K)]
  0x00000237507dd9c0 WorkerThread "GC Thread#4"                     [id=15700, stack(0x0000003b3b100000,0x0000003b3b200000) (1024K)]
  0x00000237514ee810 WorkerThread "GC Thread#5"                     [id=11464, stack(0x0000003b3b800000,0x0000003b3b900000) (1024K)]
  0x00000237514f4700 WorkerThread "GC Thread#6"                     [id=1416, stack(0x0000003b3b900000,0x0000003b3ba00000) (1024K)]
  0x0000023751597470 WorkerThread "GC Thread#7"                     [id=7592, stack(0x0000003b3ba00000,0x0000003b3bb00000) (1024K)]
  0x00000237513ae780 WorkerThread "GC Thread#8"                     [id=12728, stack(0x0000003b3bb00000,0x0000003b3bc00000) (1024K)]
  0x00000237513ae3d0 WorkerThread "GC Thread#9"                     [id=21596, stack(0x0000003b3bc00000,0x0000003b3bd00000) (1024K)]
  0x00000237513aeb30 WorkerThread "GC Thread#10"                    [id=10780, stack(0x0000003b3bd00000,0x0000003b3be00000) (1024K)]
  0x00000237513af640 WorkerThread "GC Thread#11"                    [id=18600, stack(0x0000003b3be00000,0x0000003b3bf00000) (1024K)]
  0x00000237513aeee0 WorkerThread "GC Thread#12"                    [id=9736, stack(0x0000003b3bf00000,0x0000003b3c000000) (1024K)]
  0x0000023779fea700 ConcurrentGCThread "G1 Main Marker"            [id=9104, stack(0x0000003b39a00000,0x0000003b39b00000) (1024K)]
  0x0000023779fece50 WorkerThread "G1 Conc#0"                       [id=5712, stack(0x0000003b39b00000,0x0000003b39c00000) (1024K)]
  0x00000237568ba5c0 WorkerThread "G1 Conc#1"                       [id=19780, stack(0x0000003b3c900000,0x0000003b3ca00000) (1024K)]
  0x00000237568b9e60 WorkerThread "G1 Conc#2"                       [id=21940, stack(0x0000003b3ca00000,0x0000003b3cb00000) (1024K)]
  0x0000023715801d00 ConcurrentGCThread "G1 Refine#0"               [id=16728, stack(0x0000003b39c00000,0x0000003b39d00000) (1024K)]
  0x000002375b416d70 ConcurrentGCThread "G1 Refine#1"               [id=4248, stack(0x0000003b4b000000,0x0000003b4b100000) (1024K)]
  0x000002375b417eb0 ConcurrentGCThread "G1 Refine#2"               [id=14316, stack(0x0000003b4b100000,0x0000003b4b200000) (1024K)]
  0x00000237602b40b0 ConcurrentGCThread "G1 Refine#3"               [id=9264, stack(0x0000003b4b200000,0x0000003b4b300000) (1024K)]
  0x0000023715802530 ConcurrentGCThread "G1 Service"                [id=13260, stack(0x0000003b39d00000,0x0000003b39e00000) (1024K)]
Total: 24

Threads with active compile tasks:
C2 CompilerThread0  187945 74329       4       org.objectweb.asm.ClassReader::accept (1419 bytes)
C2 CompilerThread1  187945 74340       4       org.gradle.internal.tools.api.impl.JavaApiMemberWriter::writeClass (310 bytes)
C2 CompilerThread2  187945 74284       4       org.objectweb.asm.ClassWriter::toByteArray (1535 bytes)
C2 CompilerThread3  187946 74333       4       org.objectweb.asm.ClassReader::readField (675 bytes)
C2 CompilerThread4  187946 74380       4       org.objectweb.asm.ClassReader::readParameterAnnotations (106 bytes)
C2 CompilerThread5  187946 74296       4       org.objectweb.asm.ClassReader::readMethod (1070 bytes)
C2 CompilerThread6  187946 74131       4       org.objectweb.asm.ClassReader::readCode (5117 bytes)
C2 CompilerThread7  187946 74319       4       org.gradle.api.internal.changedetection.state.ZipHasher::fingerprintZipEntry (40 bytes)
Total: 8

VM state: not at safepoint (normal execution)

VM Mutex/Monitor currently owned by a thread: None

Heap address: 0x0000000700000000, size: 4096 MB, Compressed Oops mode: Zero based, Oop shift amount: 3

CDS archive(s) mapped at: [0x0000023716000000-0x0000023717c20000-0x0000023717c20000), size 29491200, SharedBaseAddress: 0x0000023716000000, ArchiveRelocationMode: 1.
Compressed class space mapped at: 0x0000023718000000-0x000002374c000000, reserved size: 872415232
Narrow klass base: 0x0000023716000000, Narrow klass shift: 0, Narrow klass range: 0x100000000

GC Precious Log:
 CardTable entry size: 512
 Card Set container configuration: InlinePtr #cards 4 size 8 Array Of Cards #cards 16 size 48 Howl #buckets 8 coarsen threshold 3686 Howl Bitmap #cards 512 size 80 coarsen threshold 460 Card regions per heap region 1 cards per card region 4096
 CPUs: 16 total, 16 available
 Memory: 15725M
 Large Page Support: Disabled
 NUMA Support: Disabled
 Compressed Oops: Enabled (Zero based)
 Heap Region Size: 2M
 Heap Min Capacity: 8M
 Heap Initial Capacity: 246M
 Heap Max Capacity: 4G
 Pre-touch: Disabled
 Parallel Workers: 13
 Concurrent Workers: 3
 Concurrent Refinement Workers: 13
 Periodic GC: Disabled

Heap:
 garbage-first heap   total 1816576K, used 1123183K [0x0000000700000000, 0x0000000800000000)
  region size 2048K, 319 young (653312K), 19 survivors (38912K)
 Metaspace       used 327509K, committed 330304K, reserved 1179648K
  class space    used 41612K, committed 43008K, reserved 851968K

Heap Regions: E=young(eden), S=young(survivor), O=old, HS=humongous(starts), HC=humongous(continues), CS=collection set, F=free, TAMS=top-at-mark-start, PB=parsable bottom
|   0|0x0000000700000000, 0x0000000700200000, 0x0000000700200000|100%|HS|  |TAMS 0x0000000700000000| PB 0x0000000700000000| Complete 
|   1|0x0000000700200000, 0x0000000700400000, 0x0000000700400000|100%|HC|  |TAMS 0x0000000700200000| PB 0x0000000700200000| Complete 
|   2|0x0000000700400000, 0x0000000700600000, 0x0000000700600000|100%| O|  |TAMS 0x0000000700400000| PB 0x0000000700400000| Untracked 
|   3|0x0000000700600000, 0x0000000700800000, 0x0000000700800000|100%| O|  |TAMS 0x0000000700600000| PB 0x0000000700600000| Untracked 
|   4|0x0000000700800000, 0x0000000700a00000, 0x0000000700a00000|100%| O|  |TAMS 0x0000000700800000| PB 0x0000000700800000| Untracked 
|   5|0x0000000700a00000, 0x0000000700c00000, 0x0000000700c00000|100%| O|  |TAMS 0x0000000700a00000| PB 0x0000000700a00000| Untracked 
|   6|0x0000000700c00000, 0x0000000700e00000, 0x0000000700e00000|100%| O|  |TAMS 0x0000000700c00000| PB 0x0000000700c00000| Untracked 
|   7|0x0000000700e00000, 0x0000000701000000, 0x0000000701000000|100%| O|  |TAMS 0x0000000700e00000| PB 0x0000000700e00000| Untracked 
|   8|0x0000000701000000, 0x0000000701200000, 0x0000000701200000|100%| O|  |TAMS 0x0000000701000000| PB 0x0000000701000000| Untracked 
|   9|0x0000000701200000, 0x0000000701400000, 0x0000000701400000|100%| O|  |TAMS 0x0000000701200000| PB 0x0000000701200000| Untracked 
|  10|0x0000000701400000, 0x0000000701600000, 0x0000000701600000|100%| O|  |TAMS 0x0000000701400000| PB 0x0000000701400000| Untracked 
|  11|0x0000000701600000, 0x0000000701800000, 0x0000000701800000|100%| O|  |TAMS 0x0000000701600000| PB 0x0000000701600000| Untracked 
|  12|0x0000000701800000, 0x0000000701a00000, 0x0000000701a00000|100%| O|  |TAMS 0x0000000701800000| PB 0x0000000701800000| Untracked 
|  13|0x0000000701a00000, 0x0000000701c00000, 0x0000000701c00000|100%| O|  |TAMS 0x0000000701a00000| PB 0x0000000701a00000| Untracked 
|  14|0x0000000701c00000, 0x0000000701e00000, 0x0000000701e00000|100%| O|  |TAMS 0x0000000701c00000| PB 0x0000000701c00000| Untracked 
|  15|0x0000000701e00000, 0x0000000702000000, 0x0000000702000000|100%| O|  |TAMS 0x0000000701e00000| PB 0x0000000701e00000| Untracked 
|  16|0x0000000702000000, 0x0000000702200000, 0x0000000702200000|100%| O|  |TAMS 0x0000000702000000| PB 0x0000000702000000| Untracked 
|  17|0x0000000702200000, 0x0000000702400000, 0x0000000702400000|100%| O|  |TAMS 0x0000000702200000| PB 0x0000000702200000| Untracked 
|  18|0x0000000702400000, 0x0000000702600000, 0x0000000702600000|100%| O|  |TAMS 0x0000000702400000| PB 0x0000000702400000| Untracked 
|  19|0x0000000702600000, 0x0000000702800000, 0x0000000702800000|100%| O|  |TAMS 0x0000000702600000| PB 0x0000000702600000| Untracked 
|  20|0x0000000702800000, 0x0000000702a00000, 0x0000000702a00000|100%| O|  |TAMS 0x0000000702800000| PB 0x0000000702800000| Untracked 
|  21|0x0000000702a00000, 0x0000000702c00000, 0x0000000702c00000|100%| O|  |TAMS 0x0000000702a00000| PB 0x0000000702a00000| Untracked 
|  22|0x0000000702c00000, 0x0000000702e00000, 0x0000000702e00000|100%| O|  |TAMS 0x0000000702c00000| PB 0x0000000702c00000| Untracked 
|  23|0x0000000702e00000, 0x0000000703000000, 0x0000000703000000|100%| O|  |TAMS 0x0000000702e00000| PB 0x0000000702e00000| Untracked 
|  24|0x0000000703000000, 0x0000000703200000, 0x0000000703200000|100%| O|  |TAMS 0x0000000703000000| PB 0x0000000703000000| Untracked 
|  25|0x0000000703200000, 0x0000000703400000, 0x0000000703400000|100%| O|  |TAMS 0x0000000703200000| PB 0x0000000703200000| Untracked 
|  26|0x0000000703400000, 0x0000000703600000, 0x0000000703600000|100%| O|  |TAMS 0x0000000703400000| PB 0x0000000703400000| Untracked 
|  27|0x0000000703600000, 0x0000000703800000, 0x0000000703800000|100%| O|  |TAMS 0x0000000703600000| PB 0x0000000703600000| Untracked 
|  28|0x0000000703800000, 0x0000000703a00000, 0x0000000703a00000|100%| O|  |TAMS 0x0000000703800000| PB 0x0000000703800000| Untracked 
|  29|0x0000000703a00000, 0x0000000703c00000, 0x0000000703c00000|100%| O|  |TAMS 0x0000000703a00000| PB 0x0000000703a00000| Untracked 
|  30|0x0000000703c00000, 0x0000000703e00000, 0x0000000703e00000|100%| O|Cm|TAMS 0x0000000703c00000| PB 0x0000000703c00000| Complete 
|  31|0x0000000703e00000, 0x0000000704000000, 0x0000000704000000|100%| O|  |TAMS 0x0000000703e00000| PB 0x0000000703e00000| Untracked 
|  32|0x0000000704000000, 0x0000000704200000, 0x0000000704200000|100%| O|  |TAMS 0x0000000704000000| PB 0x0000000704000000| Untracked 
|  33|0x0000000704200000, 0x0000000704400000, 0x0000000704400000|100%|HS|  |TAMS 0x0000000704200000| PB 0x0000000704200000| Complete 
|  34|0x0000000704400000, 0x00000007044dbc10, 0x0000000704600000| 42%| O|Cm|TAMS 0x0000000704400000| PB 0x0000000704400000| Complete 
|  35|0x0000000704600000, 0x0000000704800000, 0x0000000704800000|100%| O|  |TAMS 0x0000000704600000| PB 0x0000000704600000| Untracked 
|  36|0x0000000704800000, 0x0000000704a00000, 0x0000000704a00000|100%| O|  |TAMS 0x0000000704800000| PB 0x0000000704800000| Untracked 
|  37|0x0000000704a00000, 0x0000000704c00000, 0x0000000704c00000|100%| O|  |TAMS 0x0000000704a00000| PB 0x0000000704a00000| Untracked 
|  38|0x0000000704c00000, 0x0000000704e00000, 0x0000000704e00000|100%| O|  |TAMS 0x0000000704c00000| PB 0x0000000704c00000| Untracked 
|  39|0x0000000704e00000, 0x0000000705000000, 0x0000000705000000|100%| O|  |TAMS 0x0000000704e00000| PB 0x0000000704e00000| Untracked 
|  40|0x0000000705000000, 0x0000000705200000, 0x0000000705200000|100%| O|  |TAMS 0x0000000705000000| PB 0x0000000705000000| Untracked 
|  41|0x0000000705200000, 0x0000000705200000, 0x0000000705400000|  0%| F|  |TAMS 0x0000000705200000| PB 0x0000000705200000| Untracked 
|  42|0x0000000705400000, 0x0000000705600000, 0x0000000705600000|100%| O|  |TAMS 0x0000000705400000| PB 0x0000000705400000| Untracked 
|  43|0x0000000705600000, 0x0000000705800000, 0x0000000705800000|100%| O|  |TAMS 0x0000000705600000| PB 0x0000000705600000| Untracked 
|  44|0x0000000705800000, 0x0000000705800000, 0x0000000705a00000|  0%| F|  |TAMS 0x0000000705800000| PB 0x0000000705800000| Untracked 
|  45|0x0000000705a00000, 0x0000000705c00000, 0x0000000705c00000|100%| O|  |TAMS 0x0000000705a00000| PB 0x0000000705a00000| Untracked 
|  46|0x0000000705c00000, 0x0000000705e00000, 0x0000000705e00000|100%| O|  |TAMS 0x0000000705c00000| PB 0x0000000705c00000| Untracked 
|  47|0x0000000705e00000, 0x0000000706000000, 0x0000000706000000|100%|HS|  |TAMS 0x0000000705e00000| PB 0x0000000705e00000| Complete 
|  48|0x0000000706000000, 0x0000000706200000, 0x0000000706200000|100%|HS|  |TAMS 0x0000000706000000| PB 0x0000000706000000| Complete 
|  49|0x0000000706200000, 0x0000000706200000, 0x0000000706400000|  0%| F|  |TAMS 0x0000000706200000| PB 0x0000000706200000| Untracked 
|  50|0x0000000706400000, 0x0000000706400000, 0x0000000706600000|  0%| F|  |TAMS 0x0000000706400000| PB 0x0000000706400000| Untracked 
|  51|0x0000000706600000, 0x0000000706800000, 0x0000000706800000|100%| O|  |TAMS 0x0000000706600000| PB 0x0000000706600000| Untracked 
|  52|0x0000000706800000, 0x0000000706a00000, 0x0000000706a00000|100%| O|  |TAMS 0x0000000706800000| PB 0x0000000706800000| Untracked 
|  53|0x0000000706a00000, 0x0000000706c00000, 0x0000000706c00000|100%| O|  |TAMS 0x0000000706a00000| PB 0x0000000706a00000| Untracked 
|  54|0x0000000706c00000, 0x0000000706c00000, 0x0000000706e00000|  0%| F|  |TAMS 0x0000000706c00000| PB 0x0000000706c00000| Untracked 
|  55|0x0000000706e00000, 0x0000000707000000, 0x0000000707000000|100%| O|  |TAMS 0x0000000706e00000| PB 0x0000000706e00000| Untracked 
|  56|0x0000000707000000, 0x0000000707200000, 0x0000000707200000|100%| O|  |TAMS 0x0000000707000000| PB 0x0000000707000000| Untracked 
|  57|0x0000000707200000, 0x0000000707400000, 0x0000000707400000|100%| O|  |TAMS 0x0000000707200000| PB 0x0000000707200000| Untracked 
|  58|0x0000000707400000, 0x0000000707600000, 0x0000000707600000|100%| O|  |TAMS 0x0000000707400000| PB 0x0000000707400000| Untracked 
|  59|0x0000000707600000, 0x0000000707800000, 0x0000000707800000|100%| O|  |TAMS 0x0000000707600000| PB 0x0000000707600000| Untracked 
|  60|0x0000000707800000, 0x0000000707a00000, 0x0000000707a00000|100%| O|  |TAMS 0x0000000707800000| PB 0x0000000707800000| Untracked 
|  61|0x0000000707a00000, 0x0000000707c00000, 0x0000000707c00000|100%| O|  |TAMS 0x0000000707a00000| PB 0x0000000707a00000| Untracked 
|  62|0x0000000707c00000, 0x0000000707c00000, 0x0000000707e00000|  0%| F|  |TAMS 0x0000000707c00000| PB 0x0000000707c00000| Untracked 
|  63|0x0000000707e00000, 0x0000000707e00000, 0x0000000708000000|  0%| F|  |TAMS 0x0000000707e00000| PB 0x0000000707e00000| Untracked 
|  64|0x0000000708000000, 0x0000000708000000, 0x0000000708200000|  0%| F|  |TAMS 0x0000000708000000| PB 0x0000000708000000| Untracked 
|  65|0x0000000708200000, 0x0000000708400000, 0x0000000708400000|100%| O|  |TAMS 0x0000000708200000| PB 0x0000000708200000| Untracked 
|  66|0x0000000708400000, 0x0000000708400000, 0x0000000708600000|  0%| F|  |TAMS 0x0000000708400000| PB 0x0000000708400000| Untracked 
|  67|0x0000000708600000, 0x0000000708800000, 0x0000000708800000|100%| O|  |TAMS 0x0000000708600000| PB 0x0000000708600000| Untracked 
|  68|0x0000000708800000, 0x0000000708a00000, 0x0000000708a00000|100%| O|  |TAMS 0x0000000708800000| PB 0x0000000708800000| Untracked 
|  69|0x0000000708a00000, 0x0000000708a00000, 0x0000000708c00000|  0%| F|  |TAMS 0x0000000708a00000| PB 0x0000000708a00000| Untracked 
|  70|0x0000000708c00000, 0x0000000708e00000, 0x0000000708e00000|100%| O|  |TAMS 0x0000000708c00000| PB 0x0000000708c00000| Untracked 
|  71|0x0000000708e00000, 0x0000000708e00000, 0x0000000709000000|  0%| F|  |TAMS 0x0000000708e00000| PB 0x0000000708e00000| Untracked 
|  72|0x0000000709000000, 0x0000000709000000, 0x0000000709200000|  0%| F|  |TAMS 0x0000000709000000| PB 0x0000000709000000| Untracked 
|  73|0x0000000709200000, 0x0000000709400000, 0x0000000709400000|100%| O|  |TAMS 0x0000000709200000| PB 0x0000000709200000| Untracked 
|  74|0x0000000709400000, 0x0000000709600000, 0x0000000709600000|100%| O|Cm|TAMS 0x0000000709400000| PB 0x0000000709400000| Complete 
|  75|0x0000000709600000, 0x0000000709600000, 0x0000000709800000|  0%| F|  |TAMS 0x0000000709600000| PB 0x0000000709600000| Untracked 
|  76|0x0000000709800000, 0x0000000709800000, 0x0000000709a00000|  0%| F|  |TAMS 0x0000000709800000| PB 0x0000000709800000| Untracked 
|  77|0x0000000709a00000, 0x0000000709c00000, 0x0000000709c00000|100%| O|Cm|TAMS 0x0000000709a00000| PB 0x0000000709a00000| Complete 
|  78|0x0000000709c00000, 0x0000000709c00000, 0x0000000709e00000|  0%| F|  |TAMS 0x0000000709c00000| PB 0x0000000709c00000| Untracked 
|  79|0x0000000709e00000, 0x0000000709e00000, 0x000000070a000000|  0%| F|  |TAMS 0x0000000709e00000| PB 0x0000000709e00000| Untracked 
|  80|0x000000070a000000, 0x000000070a000000, 0x000000070a200000|  0%| F|  |TAMS 0x000000070a000000| PB 0x000000070a000000| Untracked 
|  81|0x000000070a200000, 0x000000070a400000, 0x000000070a400000|100%| O|  |TAMS 0x000000070a200000| PB 0x000000070a200000| Untracked 
|  82|0x000000070a400000, 0x000000070a600000, 0x000000070a600000|100%| O|  |TAMS 0x000000070a400000| PB 0x000000070a400000| Untracked 
|  83|0x000000070a600000, 0x000000070a800000, 0x000000070a800000|100%| O|  |TAMS 0x000000070a600000| PB 0x000000070a600000| Untracked 
|  84|0x000000070a800000, 0x000000070aa00000, 0x000000070aa00000|100%| O|  |TAMS 0x000000070a800000| PB 0x000000070a800000| Untracked 
|  85|0x000000070aa00000, 0x000000070ac00000, 0x000000070ac00000|100%| O|  |TAMS 0x000000070aa00000| PB 0x000000070aa00000| Untracked 
|  86|0x000000070ac00000, 0x000000070ae00000, 0x000000070ae00000|100%| O|  |TAMS 0x000000070ac00000| PB 0x000000070ac00000| Untracked 
|  87|0x000000070ae00000, 0x000000070b000000, 0x000000070b000000|100%| O|  |TAMS 0x000000070ae00000| PB 0x000000070ae00000| Untracked 
|  88|0x000000070b000000, 0x000000070b200000, 0x000000070b200000|100%| O|  |TAMS 0x000000070b000000| PB 0x000000070b000000| Untracked 
|  89|0x000000070b200000, 0x000000070b400000, 0x000000070b400000|100%| O|  |TAMS 0x000000070b200000| PB 0x000000070b200000| Untracked 
|  90|0x000000070b400000, 0x000000070b600000, 0x000000070b600000|100%| O|  |TAMS 0x000000070b400000| PB 0x000000070b400000| Untracked 
|  91|0x000000070b600000, 0x000000070b600000, 0x000000070b800000|  0%| F|  |TAMS 0x000000070b600000| PB 0x000000070b600000| Untracked 
|  92|0x000000070b800000, 0x000000070ba00000, 0x000000070ba00000|100%| O|  |TAMS 0x000000070b800000| PB 0x000000070b800000| Untracked 
|  93|0x000000070ba00000, 0x000000070bc00000, 0x000000070bc00000|100%| O|  |TAMS 0x000000070ba00000| PB 0x000000070ba00000| Untracked 
|  94|0x000000070bc00000, 0x000000070be00000, 0x000000070be00000|100%| O|  |TAMS 0x000000070bc00000| PB 0x000000070bc00000| Untracked 
|  95|0x000000070be00000, 0x000000070c000000, 0x000000070c000000|100%| O|  |TAMS 0x000000070be00000| PB 0x000000070be00000| Untracked 
|  96|0x000000070c000000, 0x000000070c200000, 0x000000070c200000|100%| O|Cm|TAMS 0x000000070c000000| PB 0x000000070c000000| Complete 
|  97|0x000000070c200000, 0x000000070c200000, 0x000000070c400000|  0%| F|  |TAMS 0x000000070c200000| PB 0x000000070c200000| Untracked 
|  98|0x000000070c400000, 0x000000070c400000, 0x000000070c600000|  0%| F|  |TAMS 0x000000070c400000| PB 0x000000070c400000| Untracked 
|  99|0x000000070c600000, 0x000000070c600000, 0x000000070c800000|  0%| F|  |TAMS 0x000000070c600000| PB 0x000000070c600000| Untracked 
| 100|0x000000070c800000, 0x000000070c800000, 0x000000070ca00000|  0%| F|  |TAMS 0x000000070c800000| PB 0x000000070c800000| Untracked 
| 101|0x000000070ca00000, 0x000000070ca00000, 0x000000070cc00000|  0%| F|  |TAMS 0x000000070ca00000| PB 0x000000070ca00000| Untracked 
| 102|0x000000070cc00000, 0x000000070ce00000, 0x000000070ce00000|100%| O|  |TAMS 0x000000070cc00000| PB 0x000000070cc00000| Untracked 
| 103|0x000000070ce00000, 0x000000070d000000, 0x000000070d000000|100%| O|  |TAMS 0x000000070ce00000| PB 0x000000070ce00000| Untracked 
| 104|0x000000070d000000, 0x000000070d200000, 0x000000070d200000|100%| O|  |TAMS 0x000000070d000000| PB 0x000000070d000000| Untracked 
| 105|0x000000070d200000, 0x000000070d400000, 0x000000070d400000|100%| O|  |TAMS 0x000000070d200000| PB 0x000000070d200000| Untracked 
| 106|0x000000070d400000, 0x000000070d600000, 0x000000070d600000|100%| O|Cm|TAMS 0x000000070d400000| PB 0x000000070d400000| Complete 
| 107|0x000000070d600000, 0x000000070d800000, 0x000000070d800000|100%| O|Cm|TAMS 0x000000070d600000| PB 0x000000070d600000| Complete 
| 108|0x000000070d800000, 0x000000070da00000, 0x000000070da00000|100%| O|  |TAMS 0x000000070d800000| PB 0x000000070d800000| Untracked 
| 109|0x000000070da00000, 0x000000070da00000, 0x000000070dc00000|  0%| F|  |TAMS 0x000000070da00000| PB 0x000000070da00000| Untracked 
| 110|0x000000070dc00000, 0x000000070de00000, 0x000000070de00000|100%|HS|  |TAMS 0x000000070dc00000| PB 0x000000070dc00000| Complete 
| 111|0x000000070de00000, 0x000000070de00000, 0x000000070e000000|  0%| F|  |TAMS 0x000000070de00000| PB 0x000000070de00000| Untracked 
| 112|0x000000070e000000, 0x000000070e200000, 0x000000070e200000|100%| O|  |TAMS 0x000000070e000000| PB 0x000000070e000000| Untracked 
| 113|0x000000070e200000, 0x000000070e400000, 0x000000070e400000|100%| O|  |TAMS 0x000000070e200000| PB 0x000000070e200000| Untracked 
| 114|0x000000070e400000, 0x000000070e600000, 0x000000070e600000|100%| O|Cm|TAMS 0x000000070e400000| PB 0x000000070e400000| Complete 
| 115|0x000000070e600000, 0x000000070e600000, 0x000000070e800000|  0%| F|  |TAMS 0x000000070e600000| PB 0x000000070e600000| Untracked 
| 116|0x000000070e800000, 0x000000070e800000, 0x000000070ea00000|  0%| F|  |TAMS 0x000000070e800000| PB 0x000000070e800000| Untracked 
| 117|0x000000070ea00000, 0x000000070ea00000, 0x000000070ec00000|  0%| F|  |TAMS 0x000000070ea00000| PB 0x000000070ea00000| Untracked 
| 118|0x000000070ec00000, 0x000000070ec00000, 0x000000070ee00000|  0%| F|  |TAMS 0x000000070ec00000| PB 0x000000070ec00000| Untracked 
| 119|0x000000070ee00000, 0x000000070ee00000, 0x000000070f000000|  0%| F|  |TAMS 0x000000070ee00000| PB 0x000000070ee00000| Untracked 
| 120|0x000000070f000000, 0x000000070f000000, 0x000000070f200000|  0%| F|  |TAMS 0x000000070f000000| PB 0x000000070f000000| Untracked 
| 121|0x000000070f200000, 0x000000070f200000, 0x000000070f400000|  0%| F|  |TAMS 0x000000070f200000| PB 0x000000070f200000| Untracked 
| 122|0x000000070f400000, 0x000000070f400000, 0x000000070f600000|  0%| F|  |TAMS 0x000000070f400000| PB 0x000000070f400000| Untracked 
| 123|0x000000070f600000, 0x000000070f600000, 0x000000070f800000|  0%| F|  |TAMS 0x000000070f600000| PB 0x000000070f600000| Untracked 
| 124|0x000000070f800000, 0x000000070f800000, 0x000000070fa00000|  0%| F|  |TAMS 0x000000070f800000| PB 0x000000070f800000| Untracked 
| 125|0x000000070fa00000, 0x000000070fc00000, 0x000000070fc00000|100%| O|  |TAMS 0x000000070fa00000| PB 0x000000070fa00000| Untracked 
| 126|0x000000070fc00000, 0x000000070fe00000, 0x000000070fe00000|100%| O|  |TAMS 0x000000070fc00000| PB 0x000000070fc00000| Untracked 
| 127|0x000000070fe00000, 0x0000000710000000, 0x0000000710000000|100%| O|Cm|TAMS 0x000000070fe00000| PB 0x000000070fe00000| Complete 
| 128|0x0000000710000000, 0x0000000710200000, 0x0000000710200000|100%| O|Cm|TAMS 0x0000000710000000| PB 0x0000000710000000| Complete 
| 129|0x0000000710200000, 0x0000000710400000, 0x0000000710400000|100%| O|Cm|TAMS 0x0000000710200000| PB 0x0000000710200000| Complete 
| 130|0x0000000710400000, 0x0000000710600000, 0x0000000710600000|100%|HS|  |TAMS 0x0000000710400000| PB 0x0000000710400000| Complete 
| 131|0x0000000710600000, 0x0000000710800000, 0x0000000710800000|100%|HC|  |TAMS 0x0000000710600000| PB 0x0000000710600000| Complete 
| 132|0x0000000710800000, 0x0000000710a00000, 0x0000000710a00000|100%| O|Cm|TAMS 0x0000000710800000| PB 0x0000000710800000| Complete 
| 133|0x0000000710a00000, 0x0000000710a00000, 0x0000000710c00000|  0%| F|  |TAMS 0x0000000710a00000| PB 0x0000000710a00000| Untracked 
| 134|0x0000000710c00000, 0x0000000710e00000, 0x0000000710e00000|100%| O|Cm|TAMS 0x0000000710c00000| PB 0x0000000710c00000| Complete 
| 135|0x0000000710e00000, 0x0000000711000000, 0x0000000711000000|100%|HS|  |TAMS 0x0000000710e00000| PB 0x0000000710e00000| Complete 
| 136|0x0000000711000000, 0x0000000711200000, 0x0000000711200000|100%|HC|  |TAMS 0x0000000711000000| PB 0x0000000711000000| Complete 
| 137|0x0000000711200000, 0x0000000711400000, 0x0000000711400000|100%| O|  |TAMS 0x0000000711200000| PB 0x0000000711200000| Untracked 
| 138|0x0000000711400000, 0x0000000711600000, 0x0000000711600000|100%| O|  |TAMS 0x0000000711400000| PB 0x0000000711400000| Untracked 
| 139|0x0000000711600000, 0x0000000711800000, 0x0000000711800000|100%| O|  |TAMS 0x0000000711600000| PB 0x0000000711600000| Untracked 
| 140|0x0000000711800000, 0x0000000711800000, 0x0000000711a00000|  0%| F|  |TAMS 0x0000000711800000| PB 0x0000000711800000| Untracked 
| 141|0x0000000711a00000, 0x0000000711c00000, 0x0000000711c00000|100%| O|  |TAMS 0x0000000711a00000| PB 0x0000000711a00000| Untracked 
| 142|0x0000000711c00000, 0x0000000711c00000, 0x0000000711e00000|  0%| F|  |TAMS 0x0000000711c00000| PB 0x0000000711c00000| Untracked 
| 143|0x0000000711e00000, 0x0000000711e00000, 0x0000000712000000|  0%| F|  |TAMS 0x0000000711e00000| PB 0x0000000711e00000| Untracked 
| 144|0x0000000712000000, 0x0000000712200000, 0x0000000712200000|100%| O|  |TAMS 0x0000000712000000| PB 0x0000000712000000| Untracked 
| 145|0x0000000712200000, 0x0000000712400000, 0x0000000712400000|100%| O|  |TAMS 0x0000000712200000| PB 0x0000000712200000| Untracked 
| 146|0x0000000712400000, 0x0000000712400000, 0x0000000712600000|  0%| F|  |TAMS 0x0000000712400000| PB 0x0000000712400000| Untracked 
| 147|0x0000000712600000, 0x0000000712600000, 0x0000000712800000|  0%| F|  |TAMS 0x0000000712600000| PB 0x0000000712600000| Untracked 
| 148|0x0000000712800000, 0x0000000712a00000, 0x0000000712a00000|100%| O|Cm|TAMS 0x0000000712800000| PB 0x0000000712800000| Complete 
| 149|0x0000000712a00000, 0x0000000712a00000, 0x0000000712c00000|  0%| F|  |TAMS 0x0000000712a00000| PB 0x0000000712a00000| Untracked 
| 150|0x0000000712c00000, 0x0000000712e00000, 0x0000000712e00000|100%| O|Cm|TAMS 0x0000000712c00000| PB 0x0000000712c00000| Complete 
| 151|0x0000000712e00000, 0x0000000713000000, 0x0000000713000000|100%| O|  |TAMS 0x0000000712e00000| PB 0x0000000712e00000| Untracked 
| 152|0x0000000713000000, 0x0000000713200000, 0x0000000713200000|100%| O|  |TAMS 0x0000000713000000| PB 0x0000000713000000| Untracked 
| 153|0x0000000713200000, 0x0000000713400000, 0x0000000713400000|100%| O|  |TAMS 0x0000000713200000| PB 0x0000000713200000| Untracked 
| 154|0x0000000713400000, 0x0000000713600000, 0x0000000713600000|100%| O|  |TAMS 0x0000000713400000| PB 0x0000000713400000| Untracked 
| 155|0x0000000713600000, 0x0000000713800000, 0x0000000713800000|100%| O|  |TAMS 0x0000000713600000| PB 0x0000000713600000| Untracked 
| 156|0x0000000713800000, 0x0000000713a00000, 0x0000000713a00000|100%| O|  |TAMS 0x0000000713800000| PB 0x0000000713800000| Untracked 
| 157|0x0000000713a00000, 0x0000000713c00000, 0x0000000713c00000|100%| O|Cm|TAMS 0x0000000713a00000| PB 0x0000000713a00000| Complete 
| 158|0x0000000713c00000, 0x0000000713c00000, 0x0000000713e00000|  0%| F|  |TAMS 0x0000000713c00000| PB 0x0000000713c00000| Untracked 
| 159|0x0000000713e00000, 0x0000000713e00000, 0x0000000714000000|  0%| F|  |TAMS 0x0000000713e00000| PB 0x0000000713e00000| Untracked 
| 160|0x0000000714000000, 0x0000000714200000, 0x0000000714200000|100%| O|  |TAMS 0x0000000714000000| PB 0x0000000714000000| Untracked 
| 161|0x0000000714200000, 0x0000000714400000, 0x0000000714400000|100%| O|  |TAMS 0x0000000714200000| PB 0x0000000714200000| Untracked 
| 162|0x0000000714400000, 0x0000000714600000, 0x0000000714600000|100%| O|  |TAMS 0x0000000714400000| PB 0x0000000714400000| Untracked 
| 163|0x0000000714600000, 0x0000000714800000, 0x0000000714800000|100%| O|Cm|TAMS 0x0000000714600000| PB 0x0000000714600000| Complete 
| 164|0x0000000714800000, 0x0000000714800000, 0x0000000714a00000|  0%| F|  |TAMS 0x0000000714800000| PB 0x0000000714800000| Untracked 
| 165|0x0000000714a00000, 0x0000000714c00000, 0x0000000714c00000|100%| O|  |TAMS 0x0000000714a00000| PB 0x0000000714a00000| Untracked 
| 166|0x0000000714c00000, 0x0000000714c00000, 0x0000000714e00000|  0%| F|  |TAMS 0x0000000714c00000| PB 0x0000000714c00000| Untracked 
| 167|0x0000000714e00000, 0x0000000714e00000, 0x0000000715000000|  0%| F|  |TAMS 0x0000000714e00000| PB 0x0000000714e00000| Untracked 
| 168|0x0000000715000000, 0x0000000715200000, 0x0000000715200000|100%| O|Cm|TAMS 0x0000000715000000| PB 0x0000000715000000| Complete 
| 169|0x0000000715200000, 0x0000000715200000, 0x0000000715400000|  0%| F|  |TAMS 0x0000000715200000| PB 0x0000000715200000| Untracked 
| 170|0x0000000715400000, 0x0000000715600000, 0x0000000715600000|100%| O|Cm|TAMS 0x0000000715400000| PB 0x0000000715400000| Complete 
| 171|0x0000000715600000, 0x0000000715600000, 0x0000000715800000|  0%| F|  |TAMS 0x0000000715600000| PB 0x0000000715600000| Untracked 
| 172|0x0000000715800000, 0x0000000715a00000, 0x0000000715a00000|100%| O|  |TAMS 0x0000000715800000| PB 0x0000000715800000| Untracked 
| 173|0x0000000715a00000, 0x0000000715c00000, 0x0000000715c00000|100%| O|Cm|TAMS 0x0000000715a00000| PB 0x0000000715a00000| Complete 
| 174|0x0000000715c00000, 0x0000000715e00000, 0x0000000715e00000|100%| O|  |TAMS 0x0000000715c00000| PB 0x0000000715c00000| Untracked 
| 175|0x0000000715e00000, 0x0000000716000000, 0x0000000716000000|100%| O|  |TAMS 0x0000000715e00000| PB 0x0000000715e00000| Untracked 
| 176|0x0000000716000000, 0x0000000716200000, 0x0000000716200000|100%| O|Cm|TAMS 0x0000000716000000| PB 0x0000000716000000| Complete 
| 177|0x0000000716200000, 0x0000000716200000, 0x0000000716400000|  0%| F|  |TAMS 0x0000000716200000| PB 0x0000000716200000| Untracked 
| 178|0x0000000716400000, 0x0000000716600000, 0x0000000716600000|100%| O|  |TAMS 0x0000000716400000| PB 0x0000000716400000| Untracked 
| 179|0x0000000716600000, 0x0000000716800000, 0x0000000716800000|100%| O|  |TAMS 0x0000000716600000| PB 0x0000000716600000| Untracked 
| 180|0x0000000716800000, 0x0000000716a00000, 0x0000000716a00000|100%| O|  |TAMS 0x0000000716800000| PB 0x0000000716800000| Untracked 
| 181|0x0000000716a00000, 0x0000000716a00000, 0x0000000716c00000|  0%| F|  |TAMS 0x0000000716a00000| PB 0x0000000716a00000| Untracked 
| 182|0x0000000716c00000, 0x0000000716c00000, 0x0000000716e00000|  0%| F|  |TAMS 0x0000000716c00000| PB 0x0000000716c00000| Untracked 
| 183|0x0000000716e00000, 0x0000000716e00000, 0x0000000717000000|  0%| F|  |TAMS 0x0000000716e00000| PB 0x0000000716e00000| Untracked 
| 184|0x0000000717000000, 0x0000000717000000, 0x0000000717200000|  0%| F|  |TAMS 0x0000000717000000| PB 0x0000000717000000| Untracked 
| 185|0x0000000717200000, 0x0000000717400000, 0x0000000717400000|100%| O|Cm|TAMS 0x0000000717200000| PB 0x0000000717200000| Complete 
| 186|0x0000000717400000, 0x0000000717600000, 0x0000000717600000|100%| O|Cm|TAMS 0x0000000717400000| PB 0x0000000717400000| Complete 
| 187|0x0000000717600000, 0x0000000717800000, 0x0000000717800000|100%| O|  |TAMS 0x0000000717600000| PB 0x0000000717600000| Untracked 
| 188|0x0000000717800000, 0x0000000717a00000, 0x0000000717a00000|100%| O|Cm|TAMS 0x0000000717800000| PB 0x0000000717800000| Complete 
| 189|0x0000000717a00000, 0x0000000717c00000, 0x0000000717c00000|100%| O|Cm|TAMS 0x0000000717a00000| PB 0x0000000717a00000| Complete 
| 190|0x0000000717c00000, 0x0000000717e00000, 0x0000000717e00000|100%| O|Cm|TAMS 0x0000000717c00000| PB 0x0000000717c00000| Complete 
| 191|0x0000000717e00000, 0x0000000718000000, 0x0000000718000000|100%| O|Cm|TAMS 0x0000000717e00000| PB 0x0000000717e00000| Complete 
| 192|0x0000000718000000, 0x0000000718000000, 0x0000000718200000|  0%| F|  |TAMS 0x0000000718000000| PB 0x0000000718000000| Untracked 
| 193|0x0000000718200000, 0x0000000718200000, 0x0000000718400000|  0%| F|  |TAMS 0x0000000718200000| PB 0x0000000718200000| Untracked 
| 194|0x0000000718400000, 0x0000000718400000, 0x0000000718600000|  0%| F|  |TAMS 0x0000000718400000| PB 0x0000000718400000| Untracked 
| 195|0x0000000718600000, 0x0000000718800000, 0x0000000718800000|100%| O|Cm|TAMS 0x0000000718600000| PB 0x0000000718600000| Complete 
| 196|0x0000000718800000, 0x0000000718800000, 0x0000000718a00000|  0%| F|  |TAMS 0x0000000718800000| PB 0x0000000718800000| Untracked 
| 197|0x0000000718a00000, 0x0000000718a00000, 0x0000000718c00000|  0%| F|  |TAMS 0x0000000718a00000| PB 0x0000000718a00000| Untracked 
| 198|0x0000000718c00000, 0x0000000718c00000, 0x0000000718e00000|  0%| F|  |TAMS 0x0000000718c00000| PB 0x0000000718c00000| Untracked 
| 199|0x0000000718e00000, 0x0000000718e00000, 0x0000000719000000|  0%| F|  |TAMS 0x0000000718e00000| PB 0x0000000718e00000| Untracked 
| 200|0x0000000719000000, 0x0000000719000000, 0x0000000719200000|  0%| F|  |TAMS 0x0000000719000000| PB 0x0000000719000000| Untracked 
| 201|0x0000000719200000, 0x0000000719200000, 0x0000000719400000|  0%| F|  |TAMS 0x0000000719200000| PB 0x0000000719200000| Untracked 
| 202|0x0000000719400000, 0x0000000719400000, 0x0000000719600000|  0%| F|  |TAMS 0x0000000719400000| PB 0x0000000719400000| Untracked 
| 203|0x0000000719600000, 0x0000000719600000, 0x0000000719800000|  0%| F|  |TAMS 0x0000000719600000| PB 0x0000000719600000| Untracked 
| 204|0x0000000719800000, 0x0000000719800000, 0x0000000719a00000|  0%| F|  |TAMS 0x0000000719800000| PB 0x0000000719800000| Untracked 
| 205|0x0000000719a00000, 0x0000000719a00000, 0x0000000719c00000|  0%| F|  |TAMS 0x0000000719a00000| PB 0x0000000719a00000| Untracked 
| 206|0x0000000719c00000, 0x0000000719c00000, 0x0000000719e00000|  0%| F|  |TAMS 0x0000000719c00000| PB 0x0000000719c00000| Untracked 
| 207|0x0000000719e00000, 0x0000000719e00000, 0x000000071a000000|  0%| F|  |TAMS 0x0000000719e00000| PB 0x0000000719e00000| Untracked 
| 208|0x000000071a000000, 0x000000071a000000, 0x000000071a200000|  0%| F|  |TAMS 0x000000071a000000| PB 0x000000071a000000| Untracked 
| 209|0x000000071a200000, 0x000000071a200000, 0x000000071a400000|  0%| F|  |TAMS 0x000000071a200000| PB 0x000000071a200000| Untracked 
| 210|0x000000071a400000, 0x000000071a400000, 0x000000071a600000|  0%| F|  |TAMS 0x000000071a400000| PB 0x000000071a400000| Untracked 
| 211|0x000000071a600000, 0x000000071a600000, 0x000000071a800000|  0%| F|  |TAMS 0x000000071a600000| PB 0x000000071a600000| Untracked 
| 212|0x000000071a800000, 0x000000071aa00000, 0x000000071aa00000|100%| O|Cm|TAMS 0x000000071a800000| PB 0x000000071a800000| Complete 
| 213|0x000000071aa00000, 0x000000071aa00000, 0x000000071ac00000|  0%| F|  |TAMS 0x000000071aa00000| PB 0x000000071aa00000| Untracked 
| 214|0x000000071ac00000, 0x000000071ac00000, 0x000000071ae00000|  0%| F|  |TAMS 0x000000071ac00000| PB 0x000000071ac00000| Untracked 
| 215|0x000000071ae00000, 0x000000071ae00000, 0x000000071b000000|  0%| F|  |TAMS 0x000000071ae00000| PB 0x000000071ae00000| Untracked 
| 216|0x000000071b000000, 0x000000071b000000, 0x000000071b200000|  0%| F|  |TAMS 0x000000071b000000| PB 0x000000071b000000| Untracked 
| 217|0x000000071b200000, 0x000000071b200000, 0x000000071b400000|  0%| F|  |TAMS 0x000000071b200000| PB 0x000000071b200000| Untracked 
| 218|0x000000071b400000, 0x000000071b600000, 0x000000071b600000|100%| O|Cm|TAMS 0x000000071b400000| PB 0x000000071b400000| Complete 
| 219|0x000000071b600000, 0x000000071b800000, 0x000000071b800000|100%| O|Cm|TAMS 0x000000071b600000| PB 0x000000071b600000| Complete 
| 220|0x000000071b800000, 0x000000071ba00000, 0x000000071ba00000|100%| O|  |TAMS 0x000000071b800000| PB 0x000000071b800000| Untracked 
| 221|0x000000071ba00000, 0x000000071bc00000, 0x000000071bc00000|100%| O|  |TAMS 0x000000071ba00000| PB 0x000000071ba00000| Untracked 
| 222|0x000000071bc00000, 0x000000071be00000, 0x000000071be00000|100%| O|Cm|TAMS 0x000000071bc00000| PB 0x000000071bc00000| Complete 
| 223|0x000000071be00000, 0x000000071c000000, 0x000000071c000000|100%| O|  |TAMS 0x000000071be00000| PB 0x000000071be00000| Untracked 
| 224|0x000000071c000000, 0x000000071c200000, 0x000000071c200000|100%| O|Cm|TAMS 0x000000071c000000| PB 0x000000071c000000| Complete 
| 225|0x000000071c200000, 0x000000071c200000, 0x000000071c400000|  0%| F|  |TAMS 0x000000071c200000| PB 0x000000071c200000| Untracked 
| 226|0x000000071c400000, 0x000000071c600000, 0x000000071c600000|100%| O|  |TAMS 0x000000071c400000| PB 0x000000071c400000| Untracked 
| 227|0x000000071c600000, 0x000000071c800000, 0x000000071c800000|100%| O|  |TAMS 0x000000071c600000| PB 0x000000071c600000| Untracked 
| 228|0x000000071c800000, 0x000000071ca00000, 0x000000071ca00000|100%| O|  |TAMS 0x000000071c800000| PB 0x000000071c800000| Untracked 
| 229|0x000000071ca00000, 0x000000071cc00000, 0x000000071cc00000|100%| O|Cm|TAMS 0x000000071ca00000| PB 0x000000071ca00000| Complete 
| 230|0x000000071cc00000, 0x000000071cc00000, 0x000000071ce00000|  0%| F|  |TAMS 0x000000071cc00000| PB 0x000000071cc00000| Untracked 
| 231|0x000000071ce00000, 0x000000071d000000, 0x000000071d000000|100%| O|Cm|TAMS 0x000000071ce00000| PB 0x000000071ce00000| Complete 
| 232|0x000000071d000000, 0x000000071d200000, 0x000000071d200000|100%| O|  |TAMS 0x000000071d000000| PB 0x000000071d000000| Untracked 
| 233|0x000000071d200000, 0x000000071d400000, 0x000000071d400000|100%| O|Cm|TAMS 0x000000071d200000| PB 0x000000071d200000| Complete 
| 234|0x000000071d400000, 0x000000071d400000, 0x000000071d600000|  0%| F|  |TAMS 0x000000071d400000| PB 0x000000071d400000| Untracked 
| 235|0x000000071d600000, 0x000000071d800000, 0x000000071d800000|100%| O|Cm|TAMS 0x000000071d600000| PB 0x000000071d600000| Complete 
| 236|0x000000071d800000, 0x000000071da00000, 0x000000071da00000|100%| O|Cm|TAMS 0x000000071d800000| PB 0x000000071d800000| Complete 
| 237|0x000000071da00000, 0x000000071da00000, 0x000000071dc00000|  0%| F|  |TAMS 0x000000071da00000| PB 0x000000071da00000| Untracked 
| 238|0x000000071dc00000, 0x000000071dc00000, 0x000000071de00000|  0%| F|  |TAMS 0x000000071dc00000| PB 0x000000071dc00000| Untracked 
| 239|0x000000071de00000, 0x000000071de00000, 0x000000071e000000|  0%| F|  |TAMS 0x000000071de00000| PB 0x000000071de00000| Untracked 
| 240|0x000000071e000000, 0x000000071e200000, 0x000000071e200000|100%| O|  |TAMS 0x000000071e000000| PB 0x000000071e000000| Untracked 
| 241|0x000000071e200000, 0x000000071e400000, 0x000000071e400000|100%| O|Cm|TAMS 0x000000071e200000| PB 0x000000071e200000| Complete 
| 242|0x000000071e400000, 0x000000071e600000, 0x000000071e600000|100%| O|  |TAMS 0x000000071e400000| PB 0x000000071e400000| Untracked 
| 243|0x000000071e600000, 0x000000071e600000, 0x000000071e800000|  0%| F|  |TAMS 0x000000071e600000| PB 0x000000071e600000| Untracked 
| 244|0x000000071e800000, 0x000000071e800000, 0x000000071ea00000|  0%| F|  |TAMS 0x000000071e800000| PB 0x000000071e800000| Untracked 
| 245|0x000000071ea00000, 0x000000071ec00000, 0x000000071ec00000|100%| O|  |TAMS 0x000000071ea00000| PB 0x000000071ea00000| Untracked 
| 246|0x000000071ec00000, 0x000000071ee00000, 0x000000071ee00000|100%| O|  |TAMS 0x000000071ec00000| PB 0x000000071ec00000| Untracked 
| 247|0x000000071ee00000, 0x000000071f000000, 0x000000071f000000|100%| O|  |TAMS 0x000000071ee00000| PB 0x000000071ee00000| Untracked 
| 248|0x000000071f000000, 0x000000071f200000, 0x000000071f200000|100%| O|  |TAMS 0x000000071f000000| PB 0x000000071f000000| Untracked 
| 249|0x000000071f200000, 0x000000071f400000, 0x000000071f400000|100%| O|  |TAMS 0x000000071f200000| PB 0x000000071f200000| Untracked 
| 250|0x000000071f400000, 0x000000071f600000, 0x000000071f600000|100%| O|  |TAMS 0x000000071f400000| PB 0x000000071f400000| Untracked 
| 251|0x000000071f600000, 0x000000071f800000, 0x000000071f800000|100%| O|  |TAMS 0x000000071f600000| PB 0x000000071f600000| Untracked 
| 252|0x000000071f800000, 0x000000071fa00000, 0x000000071fa00000|100%| O|  |TAMS 0x000000071f800000| PB 0x000000071f800000| Untracked 
| 253|0x000000071fa00000, 0x000000071fc00000, 0x000000071fc00000|100%| O|  |TAMS 0x000000071fa00000| PB 0x000000071fa00000| Untracked 
| 254|0x000000071fc00000, 0x000000071fe00000, 0x000000071fe00000|100%| O|  |TAMS 0x000000071fc00000| PB 0x000000071fc00000| Untracked 
| 255|0x000000071fe00000, 0x0000000720000000, 0x0000000720000000|100%| O|  |TAMS 0x000000071fe00000| PB 0x000000071fe00000| Untracked 
| 256|0x0000000720000000, 0x0000000720200000, 0x0000000720200000|100%| O|  |TAMS 0x0000000720000000| PB 0x0000000720000000| Untracked 
| 257|0x0000000720200000, 0x0000000720400000, 0x0000000720400000|100%| O|  |TAMS 0x0000000720200000| PB 0x0000000720200000| Untracked 
| 258|0x0000000720400000, 0x0000000720600000, 0x0000000720600000|100%| O|  |TAMS 0x0000000720400000| PB 0x0000000720400000| Untracked 
| 259|0x0000000720600000, 0x0000000720800000, 0x0000000720800000|100%| O|  |TAMS 0x0000000720600000| PB 0x0000000720600000| Untracked 
| 260|0x0000000720800000, 0x0000000720a00000, 0x0000000720a00000|100%| O|  |TAMS 0x0000000720800000| PB 0x0000000720800000| Untracked 
| 261|0x0000000720a00000, 0x0000000720c00000, 0x0000000720c00000|100%| O|  |TAMS 0x0000000720a00000| PB 0x0000000720a00000| Untracked 
| 262|0x0000000720c00000, 0x0000000720e00000, 0x0000000720e00000|100%| O|  |TAMS 0x0000000720c00000| PB 0x0000000720c00000| Untracked 
| 263|0x0000000720e00000, 0x0000000721000000, 0x0000000721000000|100%| O|  |TAMS 0x0000000720e00000| PB 0x0000000720e00000| Untracked 
| 264|0x0000000721000000, 0x0000000721200000, 0x0000000721200000|100%| O|  |TAMS 0x0000000721000000| PB 0x0000000721000000| Untracked 
| 265|0x0000000721200000, 0x0000000721400000, 0x0000000721400000|100%| O|  |TAMS 0x0000000721200000| PB 0x0000000721200000| Untracked 
| 266|0x0000000721400000, 0x0000000721600000, 0x0000000721600000|100%| O|  |TAMS 0x0000000721400000| PB 0x0000000721400000| Untracked 
| 267|0x0000000721600000, 0x0000000721800000, 0x0000000721800000|100%| O|  |TAMS 0x0000000721600000| PB 0x0000000721600000| Untracked 
| 268|0x0000000721800000, 0x0000000721a00000, 0x0000000721a00000|100%| O|  |TAMS 0x0000000721800000| PB 0x0000000721800000| Untracked 
| 269|0x0000000721a00000, 0x0000000721c00000, 0x0000000721c00000|100%| O|  |TAMS 0x0000000721a00000| PB 0x0000000721a00000| Untracked 
| 270|0x0000000721c00000, 0x0000000721e00000, 0x0000000721e00000|100%| O|  |TAMS 0x0000000721c00000| PB 0x0000000721c00000| Untracked 
| 271|0x0000000721e00000, 0x0000000722000000, 0x0000000722000000|100%| O|Cm|TAMS 0x0000000721e00000| PB 0x0000000721e00000| Complete 
| 272|0x0000000722000000, 0x0000000722200000, 0x0000000722200000|100%| O|Cm|TAMS 0x0000000722000000| PB 0x0000000722000000| Complete 
| 273|0x0000000722200000, 0x0000000722200000, 0x0000000722400000|  0%| F|  |TAMS 0x0000000722200000| PB 0x0000000722200000| Untracked 
| 274|0x0000000722400000, 0x0000000722400000, 0x0000000722600000|  0%| F|  |TAMS 0x0000000722400000| PB 0x0000000722400000| Untracked 
| 275|0x0000000722600000, 0x0000000722600000, 0x0000000722800000|  0%| F|  |TAMS 0x0000000722600000| PB 0x0000000722600000| Untracked 
| 276|0x0000000722800000, 0x0000000722a00000, 0x0000000722a00000|100%| O|  |TAMS 0x0000000722800000| PB 0x0000000722800000| Untracked 
| 277|0x0000000722a00000, 0x0000000722c00000, 0x0000000722c00000|100%| O|  |TAMS 0x0000000722a00000| PB 0x0000000722a00000| Untracked 
| 278|0x0000000722c00000, 0x0000000722e00000, 0x0000000722e00000|100%| O|  |TAMS 0x0000000722c00000| PB 0x0000000722c00000| Untracked 
| 279|0x0000000722e00000, 0x0000000723000000, 0x0000000723000000|100%| O|  |TAMS 0x0000000722e00000| PB 0x0000000722e00000| Untracked 
| 280|0x0000000723000000, 0x0000000723200000, 0x0000000723200000|100%| O|  |TAMS 0x0000000723000000| PB 0x0000000723000000| Untracked 
| 281|0x0000000723200000, 0x0000000723400000, 0x0000000723400000|100%| O|  |TAMS 0x0000000723200000| PB 0x0000000723200000| Untracked 
| 282|0x0000000723400000, 0x0000000723600000, 0x0000000723600000|100%| O|  |TAMS 0x0000000723400000| PB 0x0000000723400000| Untracked 
| 283|0x0000000723600000, 0x0000000723800000, 0x0000000723800000|100%| O|  |TAMS 0x0000000723600000| PB 0x0000000723600000| Untracked 
| 284|0x0000000723800000, 0x0000000723a00000, 0x0000000723a00000|100%| O|  |TAMS 0x0000000723800000| PB 0x0000000723800000| Untracked 
| 285|0x0000000723a00000, 0x0000000723c00000, 0x0000000723c00000|100%| O|  |TAMS 0x0000000723a00000| PB 0x0000000723a00000| Untracked 
| 286|0x0000000723c00000, 0x0000000723e00000, 0x0000000723e00000|100%| O|  |TAMS 0x0000000723c00000| PB 0x0000000723c00000| Untracked 
| 287|0x0000000723e00000, 0x0000000724000000, 0x0000000724000000|100%| O|  |TAMS 0x0000000723e00000| PB 0x0000000723e00000| Untracked 
| 288|0x0000000724000000, 0x0000000724200000, 0x0000000724200000|100%| O|  |TAMS 0x0000000724000000| PB 0x0000000724000000| Untracked 
| 289|0x0000000724200000, 0x0000000724400000, 0x0000000724400000|100%| O|  |TAMS 0x0000000724200000| PB 0x0000000724200000| Untracked 
| 290|0x0000000724400000, 0x0000000724600000, 0x0000000724600000|100%| O|  |TAMS 0x0000000724400000| PB 0x0000000724400000| Untracked 
| 291|0x0000000724600000, 0x0000000724800000, 0x0000000724800000|100%| O|  |TAMS 0x0000000724600000| PB 0x0000000724600000| Untracked 
| 292|0x0000000724800000, 0x0000000724a00000, 0x0000000724a00000|100%| O|  |TAMS 0x0000000724800000| PB 0x0000000724800000| Untracked 
| 293|0x0000000724a00000, 0x0000000724c00000, 0x0000000724c00000|100%| O|  |TAMS 0x0000000724a00000| PB 0x0000000724a00000| Untracked 
| 294|0x0000000724c00000, 0x0000000724e00000, 0x0000000724e00000|100%| O|  |TAMS 0x0000000724c00000| PB 0x0000000724c00000| Untracked 
| 295|0x0000000724e00000, 0x0000000725000000, 0x0000000725000000|100%| O|  |TAMS 0x0000000724e00000| PB 0x0000000724e00000| Untracked 
| 296|0x0000000725000000, 0x0000000725200000, 0x0000000725200000|100%| O|  |TAMS 0x0000000725000000| PB 0x0000000725000000| Untracked 
| 297|0x0000000725200000, 0x0000000725400000, 0x0000000725400000|100%| O|  |TAMS 0x0000000725200000| PB 0x0000000725200000| Untracked 
| 298|0x0000000725400000, 0x0000000725600000, 0x0000000725600000|100%| O|  |TAMS 0x0000000725400000| PB 0x0000000725400000| Untracked 
| 299|0x0000000725600000, 0x0000000725800000, 0x0000000725800000|100%| O|Cm|TAMS 0x0000000725600000| PB 0x0000000725600000| Complete 
| 300|0x0000000725800000, 0x0000000725800000, 0x0000000725a00000|  0%| F|  |TAMS 0x0000000725800000| PB 0x0000000725800000| Untracked 
| 301|0x0000000725a00000, 0x0000000725a00000, 0x0000000725c00000|  0%| F|  |TAMS 0x0000000725a00000| PB 0x0000000725a00000| Untracked 
| 302|0x0000000725c00000, 0x0000000725c00000, 0x0000000725e00000|  0%| F|  |TAMS 0x0000000725c00000| PB 0x0000000725c00000| Untracked 
| 303|0x0000000725e00000, 0x0000000725e00000, 0x0000000726000000|  0%| F|  |TAMS 0x0000000725e00000| PB 0x0000000725e00000| Untracked 
| 304|0x0000000726000000, 0x0000000726000000, 0x0000000726200000|  0%| F|  |TAMS 0x0000000726000000| PB 0x0000000726000000| Untracked 
| 305|0x0000000726200000, 0x0000000726200000, 0x0000000726400000|  0%| F|  |TAMS 0x0000000726200000| PB 0x0000000726200000| Untracked 
| 306|0x0000000726400000, 0x0000000726400000, 0x0000000726600000|  0%| F|  |TAMS 0x0000000726400000| PB 0x0000000726400000| Untracked 
| 307|0x0000000726600000, 0x0000000726600000, 0x0000000726800000|  0%| F|  |TAMS 0x0000000726600000| PB 0x0000000726600000| Untracked 
| 308|0x0000000726800000, 0x0000000726800000, 0x0000000726a00000|  0%| F|  |TAMS 0x0000000726800000| PB 0x0000000726800000| Untracked 
| 309|0x0000000726a00000, 0x0000000726a00000, 0x0000000726c00000|  0%| F|  |TAMS 0x0000000726a00000| PB 0x0000000726a00000| Untracked 
| 310|0x0000000726c00000, 0x0000000726c00000, 0x0000000726e00000|  0%| F|  |TAMS 0x0000000726c00000| PB 0x0000000726c00000| Untracked 
| 311|0x0000000726e00000, 0x0000000726e00000, 0x0000000727000000|  0%| F|  |TAMS 0x0000000726e00000| PB 0x0000000726e00000| Untracked 
| 312|0x0000000727000000, 0x0000000727000000, 0x0000000727200000|  0%| F|  |TAMS 0x0000000727000000| PB 0x0000000727000000| Untracked 
| 313|0x0000000727200000, 0x0000000727200000, 0x0000000727400000|  0%| F|  |TAMS 0x0000000727200000| PB 0x0000000727200000| Untracked 
| 314|0x0000000727400000, 0x0000000727400000, 0x0000000727600000|  0%| F|  |TAMS 0x0000000727400000| PB 0x0000000727400000| Untracked 
| 315|0x0000000727600000, 0x0000000727800000, 0x0000000727800000|100%| S|CS|TAMS 0x0000000727600000| PB 0x0000000727600000| Complete 
| 316|0x0000000727800000, 0x0000000727a00000, 0x0000000727a00000|100%| S|CS|TAMS 0x0000000727800000| PB 0x0000000727800000| Complete 
| 317|0x0000000727a00000, 0x0000000727c00000, 0x0000000727c00000|100%| S|CS|TAMS 0x0000000727a00000| PB 0x0000000727a00000| Complete 
| 318|0x0000000727c00000, 0x0000000727e00000, 0x0000000727e00000|100%| S|CS|TAMS 0x0000000727c00000| PB 0x0000000727c00000| Complete 
| 319|0x0000000727e00000, 0x0000000728000000, 0x0000000728000000|100%| S|CS|TAMS 0x0000000727e00000| PB 0x0000000727e00000| Complete 
| 320|0x0000000728000000, 0x0000000728200000, 0x0000000728200000|100%| S|CS|TAMS 0x0000000728000000| PB 0x0000000728000000| Complete 
| 321|0x0000000728200000, 0x0000000728400000, 0x0000000728400000|100%| S|CS|TAMS 0x0000000728200000| PB 0x0000000728200000| Complete 
| 322|0x0000000728400000, 0x0000000728600000, 0x0000000728600000|100%| S|CS|TAMS 0x0000000728400000| PB 0x0000000728400000| Complete 
| 323|0x0000000728600000, 0x0000000728800000, 0x0000000728800000|100%| S|CS|TAMS 0x0000000728600000| PB 0x0000000728600000| Complete 
| 324|0x0000000728800000, 0x0000000728a00000, 0x0000000728a00000|100%| S|CS|TAMS 0x0000000728800000| PB 0x0000000728800000| Complete 
| 325|0x0000000728a00000, 0x0000000728c00000, 0x0000000728c00000|100%| S|CS|TAMS 0x0000000728a00000| PB 0x0000000728a00000| Complete 
| 326|0x0000000728c00000, 0x0000000728e00000, 0x0000000728e00000|100%| S|CS|TAMS 0x0000000728c00000| PB 0x0000000728c00000| Complete 
| 327|0x0000000728e00000, 0x0000000729000000, 0x0000000729000000|100%| S|CS|TAMS 0x0000000728e00000| PB 0x0000000728e00000| Complete 
| 328|0x0000000729000000, 0x0000000729200000, 0x0000000729200000|100%| S|CS|TAMS 0x0000000729000000| PB 0x0000000729000000| Complete 
| 329|0x0000000729200000, 0x0000000729400000, 0x0000000729400000|100%| S|CS|TAMS 0x0000000729200000| PB 0x0000000729200000| Complete 
| 330|0x0000000729400000, 0x0000000729600000, 0x0000000729600000|100%| S|CS|TAMS 0x0000000729400000| PB 0x0000000729400000| Complete 
| 331|0x0000000729600000, 0x0000000729800000, 0x0000000729800000|100%| O|  |TAMS 0x0000000729600000| PB 0x0000000729600000| Untracked 
| 332|0x0000000729800000, 0x0000000729a00000, 0x0000000729a00000|100%| S|CS|TAMS 0x0000000729800000| PB 0x0000000729800000| Complete 
| 333|0x0000000729a00000, 0x0000000729c00000, 0x0000000729c00000|100%| S|CS|TAMS 0x0000000729a00000| PB 0x0000000729a00000| Complete 
| 334|0x0000000729c00000, 0x0000000729e00000, 0x0000000729e00000|100%| S|CS|TAMS 0x0000000729c00000| PB 0x0000000729c00000| Complete 
| 335|0x0000000729e00000, 0x0000000729e00000, 0x000000072a000000|  0%| F|  |TAMS 0x0000000729e00000| PB 0x0000000729e00000| Untracked 
| 336|0x000000072a000000, 0x000000072a000000, 0x000000072a200000|  0%| F|  |TAMS 0x000000072a000000| PB 0x000000072a000000| Untracked 
| 337|0x000000072a200000, 0x000000072a200000, 0x000000072a400000|  0%| F|  |TAMS 0x000000072a200000| PB 0x000000072a200000| Untracked 
| 338|0x000000072a400000, 0x000000072a400000, 0x000000072a600000|  0%| F|  |TAMS 0x000000072a400000| PB 0x000000072a400000| Untracked 
| 339|0x000000072a600000, 0x000000072a600000, 0x000000072a800000|  0%| F|  |TAMS 0x000000072a600000| PB 0x000000072a600000| Untracked 
| 340|0x000000072a800000, 0x000000072a800000, 0x000000072aa00000|  0%| F|  |TAMS 0x000000072a800000| PB 0x000000072a800000| Untracked 
| 341|0x000000072aa00000, 0x000000072aa00000, 0x000000072ac00000|  0%| F|  |TAMS 0x000000072aa00000| PB 0x000000072aa00000| Untracked 
| 342|0x000000072ac00000, 0x000000072ac00000, 0x000000072ae00000|  0%| F|  |TAMS 0x000000072ac00000| PB 0x000000072ac00000| Untracked 
| 343|0x000000072ae00000, 0x000000072ae00000, 0x000000072b000000|  0%| F|  |TAMS 0x000000072ae00000| PB 0x000000072ae00000| Untracked 
| 344|0x000000072b000000, 0x000000072b000000, 0x000000072b200000|  0%| F|  |TAMS 0x000000072b000000| PB 0x000000072b000000| Untracked 
| 345|0x000000072b200000, 0x000000072b200000, 0x000000072b400000|  0%| F|  |TAMS 0x000000072b200000| PB 0x000000072b200000| Untracked 
| 346|0x000000072b400000, 0x000000072b400000, 0x000000072b600000|  0%| F|  |TAMS 0x000000072b400000| PB 0x000000072b400000| Untracked 
| 347|0x000000072b600000, 0x000000072b600000, 0x000000072b800000|  0%| F|  |TAMS 0x000000072b600000| PB 0x000000072b600000| Untracked 
| 348|0x000000072b800000, 0x000000072b800000, 0x000000072ba00000|  0%| F|  |TAMS 0x000000072b800000| PB 0x000000072b800000| Untracked 
| 349|0x000000072ba00000, 0x000000072ba00000, 0x000000072bc00000|  0%| F|  |TAMS 0x000000072ba00000| PB 0x000000072ba00000| Untracked 
| 350|0x000000072bc00000, 0x000000072bc00000, 0x000000072be00000|  0%| F|  |TAMS 0x000000072bc00000| PB 0x000000072bc00000| Untracked 
| 351|0x000000072be00000, 0x000000072be00000, 0x000000072c000000|  0%| F|  |TAMS 0x000000072be00000| PB 0x000000072be00000| Untracked 
| 352|0x000000072c000000, 0x000000072c000000, 0x000000072c200000|  0%| F|  |TAMS 0x000000072c000000| PB 0x000000072c000000| Untracked 
| 353|0x000000072c200000, 0x000000072c200000, 0x000000072c400000|  0%| F|  |TAMS 0x000000072c200000| PB 0x000000072c200000| Untracked 
| 354|0x000000072c400000, 0x000000072c400000, 0x000000072c600000|  0%| F|  |TAMS 0x000000072c400000| PB 0x000000072c400000| Untracked 
| 355|0x000000072c600000, 0x000000072c600000, 0x000000072c800000|  0%| F|  |TAMS 0x000000072c600000| PB 0x000000072c600000| Untracked 
| 356|0x000000072c800000, 0x000000072c800000, 0x000000072ca00000|  0%| F|  |TAMS 0x000000072c800000| PB 0x000000072c800000| Untracked 
| 357|0x000000072ca00000, 0x000000072ca00000, 0x000000072cc00000|  0%| F|  |TAMS 0x000000072ca00000| PB 0x000000072ca00000| Untracked 
| 358|0x000000072cc00000, 0x000000072cc00000, 0x000000072ce00000|  0%| F|  |TAMS 0x000000072cc00000| PB 0x000000072cc00000| Untracked 
| 359|0x000000072ce00000, 0x000000072ce00000, 0x000000072d000000|  0%| F|  |TAMS 0x000000072ce00000| PB 0x000000072ce00000| Untracked 
| 360|0x000000072d000000, 0x000000072d000000, 0x000000072d200000|  0%| F|  |TAMS 0x000000072d000000| PB 0x000000072d000000| Untracked 
| 361|0x000000072d200000, 0x000000072d200000, 0x000000072d400000|  0%| F|  |TAMS 0x000000072d200000| PB 0x000000072d200000| Untracked 
| 362|0x000000072d400000, 0x000000072d400000, 0x000000072d600000|  0%| F|  |TAMS 0x000000072d400000| PB 0x000000072d400000| Untracked 
| 363|0x000000072d600000, 0x000000072d600000, 0x000000072d800000|  0%| F|  |TAMS 0x000000072d600000| PB 0x000000072d600000| Untracked 
| 364|0x000000072d800000, 0x000000072d800000, 0x000000072da00000|  0%| F|  |TAMS 0x000000072d800000| PB 0x000000072d800000| Untracked 
| 365|0x000000072da00000, 0x000000072da00000, 0x000000072dc00000|  0%| F|  |TAMS 0x000000072da00000| PB 0x000000072da00000| Untracked 
| 366|0x000000072dc00000, 0x000000072dc00000, 0x000000072de00000|  0%| F|  |TAMS 0x000000072dc00000| PB 0x000000072dc00000| Untracked 
| 367|0x000000072de00000, 0x000000072de00000, 0x000000072e000000|  0%| F|  |TAMS 0x000000072de00000| PB 0x000000072de00000| Untracked 
| 368|0x000000072e000000, 0x000000072e000000, 0x000000072e200000|  0%| F|  |TAMS 0x000000072e000000| PB 0x000000072e000000| Untracked 
| 369|0x000000072e200000, 0x000000072e200000, 0x000000072e400000|  0%| F|  |TAMS 0x000000072e200000| PB 0x000000072e200000| Untracked 
| 370|0x000000072e400000, 0x000000072e400000, 0x000000072e600000|  0%| F|  |TAMS 0x000000072e400000| PB 0x000000072e400000| Untracked 
| 371|0x000000072e600000, 0x000000072e600000, 0x000000072e800000|  0%| F|  |TAMS 0x000000072e600000| PB 0x000000072e600000| Untracked 
| 372|0x000000072e800000, 0x000000072e800000, 0x000000072ea00000|  0%| F|  |TAMS 0x000000072e800000| PB 0x000000072e800000| Untracked 
| 373|0x000000072ea00000, 0x000000072ea00000, 0x000000072ec00000|  0%| F|  |TAMS 0x000000072ea00000| PB 0x000000072ea00000| Untracked 
| 374|0x000000072ec00000, 0x000000072ec00000, 0x000000072ee00000|  0%| F|  |TAMS 0x000000072ec00000| PB 0x000000072ec00000| Untracked 
| 375|0x000000072ee00000, 0x000000072ee00000, 0x000000072f000000|  0%| F|  |TAMS 0x000000072ee00000| PB 0x000000072ee00000| Untracked 
| 376|0x000000072f000000, 0x000000072f000000, 0x000000072f200000|  0%| F|  |TAMS 0x000000072f000000| PB 0x000000072f000000| Untracked 
| 377|0x000000072f200000, 0x000000072f200000, 0x000000072f400000|  0%| F|  |TAMS 0x000000072f200000| PB 0x000000072f200000| Untracked 
| 378|0x000000072f400000, 0x000000072f400000, 0x000000072f600000|  0%| F|  |TAMS 0x000000072f400000| PB 0x000000072f400000| Untracked 
| 379|0x000000072f600000, 0x000000072f600000, 0x000000072f800000|  0%| F|  |TAMS 0x000000072f600000| PB 0x000000072f600000| Untracked 
| 380|0x000000072f800000, 0x000000072f800000, 0x000000072fa00000|  0%| F|  |TAMS 0x000000072f800000| PB 0x000000072f800000| Untracked 
| 381|0x000000072fa00000, 0x000000072fa00000, 0x000000072fc00000|  0%| F|  |TAMS 0x000000072fa00000| PB 0x000000072fa00000| Untracked 
| 382|0x000000072fc00000, 0x000000072fc00000, 0x000000072fe00000|  0%| F|  |TAMS 0x000000072fc00000| PB 0x000000072fc00000| Untracked 
| 383|0x000000072fe00000, 0x000000072fe00000, 0x0000000730000000|  0%| F|  |TAMS 0x000000072fe00000| PB 0x000000072fe00000| Untracked 
| 384|0x0000000730000000, 0x0000000730000000, 0x0000000730200000|  0%| F|  |TAMS 0x0000000730000000| PB 0x0000000730000000| Untracked 
| 385|0x0000000730200000, 0x0000000730200000, 0x0000000730400000|  0%| F|  |TAMS 0x0000000730200000| PB 0x0000000730200000| Untracked 
| 386|0x0000000730400000, 0x0000000730400000, 0x0000000730600000|  0%| F|  |TAMS 0x0000000730400000| PB 0x0000000730400000| Untracked 
| 387|0x0000000730600000, 0x0000000730800000, 0x0000000730800000|100%| O|  |TAMS 0x0000000730600000| PB 0x0000000730600000| Untracked 
| 388|0x0000000730800000, 0x0000000730800000, 0x0000000730a00000|  0%| F|  |TAMS 0x0000000730800000| PB 0x0000000730800000| Untracked 
| 389|0x0000000730a00000, 0x0000000730a00000, 0x0000000730c00000|  0%| F|  |TAMS 0x0000000730a00000| PB 0x0000000730a00000| Untracked 
| 390|0x0000000730c00000, 0x0000000730c00000, 0x0000000730e00000|  0%| F|  |TAMS 0x0000000730c00000| PB 0x0000000730c00000| Untracked 
| 391|0x0000000730e00000, 0x0000000730e00000, 0x0000000731000000|  0%| F|  |TAMS 0x0000000730e00000| PB 0x0000000730e00000| Untracked 
| 392|0x0000000731000000, 0x0000000731000000, 0x0000000731200000|  0%| F|  |TAMS 0x0000000731000000| PB 0x0000000731000000| Untracked 
| 393|0x0000000731200000, 0x0000000731200000, 0x0000000731400000|  0%| F|  |TAMS 0x0000000731200000| PB 0x0000000731200000| Untracked 
| 394|0x0000000731400000, 0x0000000731400000, 0x0000000731600000|  0%| F|  |TAMS 0x0000000731400000| PB 0x0000000731400000| Untracked 
| 395|0x0000000731600000, 0x0000000731600000, 0x0000000731800000|  0%| F|  |TAMS 0x0000000731600000| PB 0x0000000731600000| Untracked 
| 396|0x0000000731800000, 0x0000000731800000, 0x0000000731a00000|  0%| F|  |TAMS 0x0000000731800000| PB 0x0000000731800000| Untracked 
| 397|0x0000000731a00000, 0x0000000731c00000, 0x0000000731c00000|100%| O|Cm|TAMS 0x0000000731a00000| PB 0x0000000731a00000| Complete 
| 398|0x0000000731c00000, 0x0000000731e00000, 0x0000000731e00000|100%| O|Cm|TAMS 0x0000000731c00000| PB 0x0000000731c00000| Complete 
| 399|0x0000000731e00000, 0x0000000731e00000, 0x0000000732000000|  0%| F|  |TAMS 0x0000000731e00000| PB 0x0000000731e00000| Untracked 
| 400|0x0000000732000000, 0x0000000732000000, 0x0000000732200000|  0%| F|  |TAMS 0x0000000732000000| PB 0x0000000732000000| Untracked 
| 401|0x0000000732200000, 0x0000000732200000, 0x0000000732400000|  0%| F|  |TAMS 0x0000000732200000| PB 0x0000000732200000| Untracked 
| 402|0x0000000732400000, 0x0000000732400000, 0x0000000732600000|  0%| F|  |TAMS 0x0000000732400000| PB 0x0000000732400000| Untracked 
| 403|0x0000000732600000, 0x0000000732600000, 0x0000000732800000|  0%| F|  |TAMS 0x0000000732600000| PB 0x0000000732600000| Untracked 
| 404|0x0000000732800000, 0x0000000732800000, 0x0000000732a00000|  0%| F|  |TAMS 0x0000000732800000| PB 0x0000000732800000| Untracked 
| 405|0x0000000732a00000, 0x0000000732c00000, 0x0000000732c00000|100%| O|Cm|TAMS 0x0000000732a00000| PB 0x0000000732a00000| Complete 
| 406|0x0000000732c00000, 0x0000000732c00000, 0x0000000732e00000|  0%| F|  |TAMS 0x0000000732c00000| PB 0x0000000732c00000| Untracked 
| 407|0x0000000732e00000, 0x0000000733000000, 0x0000000733000000|100%| O|Cm|TAMS 0x0000000732e00000| PB 0x0000000732e00000| Complete 
| 408|0x0000000733000000, 0x0000000733000000, 0x0000000733200000|  0%| F|  |TAMS 0x0000000733000000| PB 0x0000000733000000| Untracked 
| 409|0x0000000733200000, 0x0000000733200000, 0x0000000733400000|  0%| F|  |TAMS 0x0000000733200000| PB 0x0000000733200000| Untracked 
| 410|0x0000000733400000, 0x0000000733400000, 0x0000000733600000|  0%| F|  |TAMS 0x0000000733400000| PB 0x0000000733400000| Untracked 
| 411|0x0000000733600000, 0x0000000733600000, 0x0000000733800000|  0%| F|  |TAMS 0x0000000733600000| PB 0x0000000733600000| Untracked 
| 412|0x0000000733800000, 0x0000000733800000, 0x0000000733a00000|  0%| F|  |TAMS 0x0000000733800000| PB 0x0000000733800000| Untracked 
| 413|0x0000000733a00000, 0x0000000733a00000, 0x0000000733c00000|  0%| F|  |TAMS 0x0000000733a00000| PB 0x0000000733a00000| Untracked 
| 414|0x0000000733c00000, 0x0000000733c00000, 0x0000000733e00000|  0%| F|  |TAMS 0x0000000733c00000| PB 0x0000000733c00000| Untracked 
| 415|0x0000000733e00000, 0x0000000733e00000, 0x0000000734000000|  0%| F|  |TAMS 0x0000000733e00000| PB 0x0000000733e00000| Untracked 
| 416|0x0000000734000000, 0x0000000734000000, 0x0000000734200000|  0%| F|  |TAMS 0x0000000734000000| PB 0x0000000734000000| Untracked 
| 417|0x0000000734200000, 0x0000000734200000, 0x0000000734400000|  0%| F|  |TAMS 0x0000000734200000| PB 0x0000000734200000| Untracked 
| 418|0x0000000734400000, 0x0000000734400000, 0x0000000734600000|  0%| F|  |TAMS 0x0000000734400000| PB 0x0000000734400000| Untracked 
| 419|0x0000000734600000, 0x0000000734600000, 0x0000000734800000|  0%| F|  |TAMS 0x0000000734600000| PB 0x0000000734600000| Untracked 
| 420|0x0000000734800000, 0x0000000734800000, 0x0000000734a00000|  0%| F|  |TAMS 0x0000000734800000| PB 0x0000000734800000| Untracked 
| 421|0x0000000734a00000, 0x0000000734a00000, 0x0000000734c00000|  0%| F|  |TAMS 0x0000000734a00000| PB 0x0000000734a00000| Untracked 
| 422|0x0000000734c00000, 0x0000000734c00000, 0x0000000734e00000|  0%| F|  |TAMS 0x0000000734c00000| PB 0x0000000734c00000| Untracked 
| 423|0x0000000734e00000, 0x0000000735000000, 0x0000000735000000|100%| O|Cm|TAMS 0x0000000734e00000| PB 0x0000000734e00000| Complete 
| 424|0x0000000735000000, 0x0000000735000000, 0x0000000735200000|  0%| F|  |TAMS 0x0000000735000000| PB 0x0000000735000000| Untracked 
| 425|0x0000000735200000, 0x0000000735200000, 0x0000000735400000|  0%| F|  |TAMS 0x0000000735200000| PB 0x0000000735200000| Untracked 
| 426|0x0000000735400000, 0x0000000735400000, 0x0000000735600000|  0%| F|  |TAMS 0x0000000735400000| PB 0x0000000735400000| Untracked 
| 427|0x0000000735600000, 0x0000000735600000, 0x0000000735800000|  0%| F|  |TAMS 0x0000000735600000| PB 0x0000000735600000| Untracked 
| 428|0x0000000735800000, 0x0000000735800000, 0x0000000735a00000|  0%| F|  |TAMS 0x0000000735800000| PB 0x0000000735800000| Untracked 
| 429|0x0000000735a00000, 0x0000000735c00000, 0x0000000735c00000|100%| O|Cm|TAMS 0x0000000735a00000| PB 0x0000000735a00000| Complete 
| 430|0x0000000735c00000, 0x0000000735c00000, 0x0000000735e00000|  0%| F|  |TAMS 0x0000000735c00000| PB 0x0000000735c00000| Untracked 
| 431|0x0000000735e00000, 0x0000000735e00000, 0x0000000736000000|  0%| F|  |TAMS 0x0000000735e00000| PB 0x0000000735e00000| Untracked 
| 432|0x0000000736000000, 0x0000000736000000, 0x0000000736200000|  0%| F|  |TAMS 0x0000000736000000| PB 0x0000000736000000| Untracked 
| 433|0x0000000736200000, 0x0000000736200000, 0x0000000736400000|  0%| F|  |TAMS 0x0000000736200000| PB 0x0000000736200000| Untracked 
| 434|0x0000000736400000, 0x0000000736400000, 0x0000000736600000|  0%| F|  |TAMS 0x0000000736400000| PB 0x0000000736400000| Untracked 
| 435|0x0000000736600000, 0x0000000736800000, 0x0000000736800000|100%| O|Cm|TAMS 0x0000000736600000| PB 0x0000000736600000| Complete 
| 436|0x0000000736800000, 0x0000000736800000, 0x0000000736a00000|  0%| F|  |TAMS 0x0000000736800000| PB 0x0000000736800000| Untracked 
| 437|0x0000000736a00000, 0x0000000736a00000, 0x0000000736c00000|  0%| F|  |TAMS 0x0000000736a00000| PB 0x0000000736a00000| Untracked 
| 438|0x0000000736c00000, 0x0000000736c00000, 0x0000000736e00000|  0%| F|  |TAMS 0x0000000736c00000| PB 0x0000000736c00000| Untracked 
| 439|0x0000000736e00000, 0x0000000736e00000, 0x0000000737000000|  0%| F|  |TAMS 0x0000000736e00000| PB 0x0000000736e00000| Untracked 
| 440|0x0000000737000000, 0x0000000737000000, 0x0000000737200000|  0%| F|  |TAMS 0x0000000737000000| PB 0x0000000737000000| Untracked 
| 441|0x0000000737200000, 0x0000000737200000, 0x0000000737400000|  0%| F|  |TAMS 0x0000000737200000| PB 0x0000000737200000| Untracked 
| 442|0x0000000737400000, 0x0000000737400000, 0x0000000737600000|  0%| F|  |TAMS 0x0000000737400000| PB 0x0000000737400000| Untracked 
| 443|0x0000000737600000, 0x0000000737600000, 0x0000000737800000|  0%| F|  |TAMS 0x0000000737600000| PB 0x0000000737600000| Untracked 
| 444|0x0000000737800000, 0x0000000737800000, 0x0000000737a00000|  0%| F|  |TAMS 0x0000000737800000| PB 0x0000000737800000| Untracked 
| 445|0x0000000737a00000, 0x0000000737a00000, 0x0000000737c00000|  0%| F|  |TAMS 0x0000000737a00000| PB 0x0000000737a00000| Untracked 
| 446|0x0000000737c00000, 0x0000000737c00000, 0x0000000737e00000|  0%| F|  |TAMS 0x0000000737c00000| PB 0x0000000737c00000| Untracked 
| 447|0x0000000737e00000, 0x0000000737e00000, 0x0000000738000000|  0%| F|  |TAMS 0x0000000737e00000| PB 0x0000000737e00000| Untracked 
| 448|0x0000000738000000, 0x0000000738000000, 0x0000000738200000|  0%| F|  |TAMS 0x0000000738000000| PB 0x0000000738000000| Untracked 
| 449|0x0000000738200000, 0x0000000738200000, 0x0000000738400000|  0%| F|  |TAMS 0x0000000738200000| PB 0x0000000738200000| Untracked 
| 450|0x0000000738400000, 0x0000000738400000, 0x0000000738600000|  0%| F|  |TAMS 0x0000000738400000| PB 0x0000000738400000| Untracked 
| 451|0x0000000738600000, 0x0000000738600000, 0x0000000738800000|  0%| F|  |TAMS 0x0000000738600000| PB 0x0000000738600000| Untracked 
| 452|0x0000000738800000, 0x0000000738800000, 0x0000000738a00000|  0%| F|  |TAMS 0x0000000738800000| PB 0x0000000738800000| Untracked 
| 453|0x0000000738a00000, 0x0000000738a00000, 0x0000000738c00000|  0%| F|  |TAMS 0x0000000738a00000| PB 0x0000000738a00000| Untracked 
| 454|0x0000000738c00000, 0x0000000738c00000, 0x0000000738e00000|  0%| F|  |TAMS 0x0000000738c00000| PB 0x0000000738c00000| Untracked 
| 455|0x0000000738e00000, 0x0000000738e00000, 0x0000000739000000|  0%| F|  |TAMS 0x0000000738e00000| PB 0x0000000738e00000| Untracked 
| 456|0x0000000739000000, 0x0000000739000000, 0x0000000739200000|  0%| F|  |TAMS 0x0000000739000000| PB 0x0000000739000000| Untracked 
| 457|0x0000000739200000, 0x0000000739200000, 0x0000000739400000|  0%| F|  |TAMS 0x0000000739200000| PB 0x0000000739200000| Untracked 
| 458|0x0000000739400000, 0x0000000739400000, 0x0000000739600000|  0%| F|  |TAMS 0x0000000739400000| PB 0x0000000739400000| Untracked 
| 459|0x0000000739600000, 0x0000000739600000, 0x0000000739800000|  0%| F|  |TAMS 0x0000000739600000| PB 0x0000000739600000| Untracked 
| 460|0x0000000739800000, 0x0000000739a00000, 0x0000000739a00000|100%| O|Cm|TAMS 0x0000000739800000| PB 0x0000000739800000| Complete 
| 461|0x0000000739a00000, 0x0000000739a00000, 0x0000000739c00000|  0%| F|  |TAMS 0x0000000739a00000| PB 0x0000000739a00000| Untracked 
| 462|0x0000000739c00000, 0x0000000739c00000, 0x0000000739e00000|  0%| F|  |TAMS 0x0000000739c00000| PB 0x0000000739c00000| Untracked 
| 463|0x0000000739e00000, 0x0000000739e00000, 0x000000073a000000|  0%| F|  |TAMS 0x0000000739e00000| PB 0x0000000739e00000| Untracked 
| 464|0x000000073a000000, 0x000000073a000000, 0x000000073a200000|  0%| F|  |TAMS 0x000000073a000000| PB 0x000000073a000000| Untracked 
| 465|0x000000073a200000, 0x000000073a200000, 0x000000073a400000|  0%| F|  |TAMS 0x000000073a200000| PB 0x000000073a200000| Untracked 
| 466|0x000000073a400000, 0x000000073a400000, 0x000000073a600000|  0%| F|  |TAMS 0x000000073a400000| PB 0x000000073a400000| Untracked 
| 467|0x000000073a600000, 0x000000073a600000, 0x000000073a800000|  0%| F|  |TAMS 0x000000073a600000| PB 0x000000073a600000| Untracked 
| 468|0x000000073a800000, 0x000000073a800000, 0x000000073aa00000|  0%| F|  |TAMS 0x000000073a800000| PB 0x000000073a800000| Untracked 
| 469|0x000000073aa00000, 0x000000073aa00000, 0x000000073ac00000|  0%| F|  |TAMS 0x000000073aa00000| PB 0x000000073aa00000| Untracked 
| 470|0x000000073ac00000, 0x000000073ac00000, 0x000000073ae00000|  0%| F|  |TAMS 0x000000073ac00000| PB 0x000000073ac00000| Untracked 
| 471|0x000000073ae00000, 0x000000073ae00000, 0x000000073b000000|  0%| F|  |TAMS 0x000000073ae00000| PB 0x000000073ae00000| Untracked 
| 472|0x000000073b000000, 0x000000073b000000, 0x000000073b200000|  0%| F|  |TAMS 0x000000073b000000| PB 0x000000073b000000| Untracked 
| 473|0x000000073b200000, 0x000000073b200000, 0x000000073b400000|  0%| F|  |TAMS 0x000000073b200000| PB 0x000000073b200000| Untracked 
| 474|0x000000073b400000, 0x000000073b400000, 0x000000073b600000|  0%| F|  |TAMS 0x000000073b400000| PB 0x000000073b400000| Untracked 
| 475|0x000000073b600000, 0x000000073b600000, 0x000000073b800000|  0%| F|  |TAMS 0x000000073b600000| PB 0x000000073b600000| Untracked 
| 476|0x000000073b800000, 0x000000073b800000, 0x000000073ba00000|  0%| F|  |TAMS 0x000000073b800000| PB 0x000000073b800000| Untracked 
| 477|0x000000073ba00000, 0x000000073ba00000, 0x000000073bc00000|  0%| F|  |TAMS 0x000000073ba00000| PB 0x000000073ba00000| Untracked 
| 478|0x000000073bc00000, 0x000000073bc00000, 0x000000073be00000|  0%| F|  |TAMS 0x000000073bc00000| PB 0x000000073bc00000| Untracked 
| 479|0x000000073be00000, 0x000000073c000000, 0x000000073c000000|100%| O|Cm|TAMS 0x000000073be00000| PB 0x000000073be00000| Complete 
| 480|0x000000073c000000, 0x000000073c000000, 0x000000073c200000|  0%| F|  |TAMS 0x000000073c000000| PB 0x000000073c000000| Untracked 
| 481|0x000000073c200000, 0x000000073c400000, 0x000000073c400000|100%| O|Cm|TAMS 0x000000073c200000| PB 0x000000073c200000| Complete 
| 482|0x000000073c400000, 0x000000073c400000, 0x000000073c600000|  0%| F|  |TAMS 0x000000073c400000| PB 0x000000073c400000| Untracked 
| 483|0x000000073c600000, 0x000000073c600000, 0x000000073c800000|  0%| F|  |TAMS 0x000000073c600000| PB 0x000000073c600000| Untracked 
| 484|0x000000073c800000, 0x000000073c800000, 0x000000073ca00000|  0%| F|  |TAMS 0x000000073c800000| PB 0x000000073c800000| Untracked 
| 485|0x000000073ca00000, 0x000000073ca00000, 0x000000073cc00000|  0%| F|  |TAMS 0x000000073ca00000| PB 0x000000073ca00000| Untracked 
| 486|0x000000073cc00000, 0x000000073cc00000, 0x000000073ce00000|  0%| F|  |TAMS 0x000000073cc00000| PB 0x000000073cc00000| Untracked 
| 487|0x000000073ce00000, 0x000000073ce00000, 0x000000073d000000|  0%| F|  |TAMS 0x000000073ce00000| PB 0x000000073ce00000| Untracked 
| 488|0x000000073d000000, 0x000000073d200000, 0x000000073d200000|100%| O|Cm|TAMS 0x000000073d000000| PB 0x000000073d000000| Complete 
| 489|0x000000073d200000, 0x000000073d400000, 0x000000073d400000|100%| O|Cm|TAMS 0x000000073d200000| PB 0x000000073d200000| Complete 
| 490|0x000000073d400000, 0x000000073d400000, 0x000000073d600000|  0%| F|  |TAMS 0x000000073d400000| PB 0x000000073d400000| Untracked 
| 491|0x000000073d600000, 0x000000073d600000, 0x000000073d800000|  0%| F|  |TAMS 0x000000073d600000| PB 0x000000073d600000| Untracked 
| 492|0x000000073d800000, 0x000000073d800000, 0x000000073da00000|  0%| F|  |TAMS 0x000000073d800000| PB 0x000000073d800000| Untracked 
| 493|0x000000073da00000, 0x000000073da00000, 0x000000073dc00000|  0%| F|  |TAMS 0x000000073da00000| PB 0x000000073da00000| Untracked 
| 494|0x000000073dc00000, 0x000000073dc00000, 0x000000073de00000|  0%| F|  |TAMS 0x000000073dc00000| PB 0x000000073dc00000| Untracked 
| 495|0x000000073de00000, 0x000000073de00000, 0x000000073e000000|  0%| F|  |TAMS 0x000000073de00000| PB 0x000000073de00000| Untracked 
| 496|0x000000073e000000, 0x000000073e000000, 0x000000073e200000|  0%| F|  |TAMS 0x000000073e000000| PB 0x000000073e000000| Untracked 
| 497|0x000000073e200000, 0x000000073e200000, 0x000000073e400000|  0%| F|  |TAMS 0x000000073e200000| PB 0x000000073e200000| Untracked 
| 498|0x000000073e400000, 0x000000073e400000, 0x000000073e600000|  0%| F|  |TAMS 0x000000073e400000| PB 0x000000073e400000| Untracked 
| 499|0x000000073e600000, 0x000000073e600000, 0x000000073e800000|  0%| F|  |TAMS 0x000000073e600000| PB 0x000000073e600000| Untracked 
| 500|0x000000073e800000, 0x000000073e800000, 0x000000073ea00000|  0%| F|  |TAMS 0x000000073e800000| PB 0x000000073e800000| Untracked 
| 501|0x000000073ea00000, 0x000000073ea00000, 0x000000073ec00000|  0%| F|  |TAMS 0x000000073ea00000| PB 0x000000073ea00000| Untracked 
| 502|0x000000073ec00000, 0x000000073ec00000, 0x000000073ee00000|  0%| F|  |TAMS 0x000000073ec00000| PB 0x000000073ec00000| Untracked 
| 503|0x000000073ee00000, 0x000000073ee00000, 0x000000073f000000|  0%| F|  |TAMS 0x000000073ee00000| PB 0x000000073ee00000| Untracked 
| 504|0x000000073f000000, 0x000000073f000000, 0x000000073f200000|  0%| F|  |TAMS 0x000000073f000000| PB 0x000000073f000000| Untracked 
| 505|0x000000073f200000, 0x000000073f200000, 0x000000073f400000|  0%| F|  |TAMS 0x000000073f200000| PB 0x000000073f200000| Untracked 
| 506|0x000000073f400000, 0x000000073f400000, 0x000000073f600000|  0%| F|  |TAMS 0x000000073f400000| PB 0x000000073f400000| Untracked 
| 507|0x000000073f600000, 0x000000073f600000, 0x000000073f800000|  0%| F|  |TAMS 0x000000073f600000| PB 0x000000073f600000| Untracked 
| 508|0x000000073f800000, 0x000000073f800000, 0x000000073fa00000|  0%| F|  |TAMS 0x000000073f800000| PB 0x000000073f800000| Untracked 
| 509|0x000000073fa00000, 0x000000073fa00000, 0x000000073fc00000|  0%| F|  |TAMS 0x000000073fa00000| PB 0x000000073fa00000| Untracked 
| 510|0x000000073fc00000, 0x000000073fc00000, 0x000000073fe00000|  0%| F|  |TAMS 0x000000073fc00000| PB 0x000000073fc00000| Untracked 
| 511|0x000000073fe00000, 0x000000073fe00000, 0x0000000740000000|  0%| F|  |TAMS 0x000000073fe00000| PB 0x000000073fe00000| Untracked 
| 512|0x0000000740000000, 0x0000000740000000, 0x0000000740200000|  0%| F|  |TAMS 0x0000000740000000| PB 0x0000000740000000| Untracked 
| 513|0x0000000740200000, 0x0000000740200000, 0x0000000740400000|  0%| F|  |TAMS 0x0000000740200000| PB 0x0000000740200000| Untracked 
| 514|0x0000000740400000, 0x0000000740400000, 0x0000000740600000|  0%| F|  |TAMS 0x0000000740400000| PB 0x0000000740400000| Untracked 
| 515|0x0000000740600000, 0x0000000740600000, 0x0000000740800000|  0%| F|  |TAMS 0x0000000740600000| PB 0x0000000740600000| Untracked 
| 516|0x0000000740800000, 0x0000000740800000, 0x0000000740a00000|  0%| F|  |TAMS 0x0000000740800000| PB 0x0000000740800000| Untracked 
| 517|0x0000000740a00000, 0x0000000740a00000, 0x0000000740c00000|  0%| F|  |TAMS 0x0000000740a00000| PB 0x0000000740a00000| Untracked 
| 518|0x0000000740c00000, 0x0000000740c00000, 0x0000000740e00000|  0%| F|  |TAMS 0x0000000740c00000| PB 0x0000000740c00000| Untracked 
| 519|0x0000000740e00000, 0x0000000740e00000, 0x0000000741000000|  0%| F|  |TAMS 0x0000000740e00000| PB 0x0000000740e00000| Untracked 
| 520|0x0000000741000000, 0x0000000741000000, 0x0000000741200000|  0%| F|  |TAMS 0x0000000741000000| PB 0x0000000741000000| Untracked 
| 521|0x0000000741200000, 0x0000000741200000, 0x0000000741400000|  0%| F|  |TAMS 0x0000000741200000| PB 0x0000000741200000| Untracked 
| 522|0x0000000741400000, 0x0000000741400000, 0x0000000741600000|  0%| F|  |TAMS 0x0000000741400000| PB 0x0000000741400000| Untracked 
| 523|0x0000000741600000, 0x0000000741800000, 0x0000000741800000|100%| O|Cm|TAMS 0x0000000741600000| PB 0x0000000741600000| Complete 
| 524|0x0000000741800000, 0x0000000741800000, 0x0000000741a00000|  0%| F|  |TAMS 0x0000000741800000| PB 0x0000000741800000| Untracked 
| 525|0x0000000741a00000, 0x0000000741a00000, 0x0000000741c00000|  0%| F|  |TAMS 0x0000000741a00000| PB 0x0000000741a00000| Untracked 
| 526|0x0000000741c00000, 0x0000000741c00000, 0x0000000741e00000|  0%| F|  |TAMS 0x0000000741c00000| PB 0x0000000741c00000| Untracked 
| 527|0x0000000741e00000, 0x0000000741e00000, 0x0000000742000000|  0%| F|  |TAMS 0x0000000741e00000| PB 0x0000000741e00000| Untracked 
| 528|0x0000000742000000, 0x0000000742000000, 0x0000000742200000|  0%| F|  |TAMS 0x0000000742000000| PB 0x0000000742000000| Untracked 
| 529|0x0000000742200000, 0x0000000742200000, 0x0000000742400000|  0%| F|  |TAMS 0x0000000742200000| PB 0x0000000742200000| Untracked 
| 530|0x0000000742400000, 0x0000000742400000, 0x0000000742600000|  0%| F|  |TAMS 0x0000000742400000| PB 0x0000000742400000| Untracked 
| 531|0x0000000742600000, 0x0000000742600000, 0x0000000742800000|  0%| F|  |TAMS 0x0000000742600000| PB 0x0000000742600000| Untracked 
| 532|0x0000000742800000, 0x0000000742800000, 0x0000000742a00000|  0%| F|  |TAMS 0x0000000742800000| PB 0x0000000742800000| Untracked 
| 533|0x0000000742a00000, 0x0000000742a00000, 0x0000000742c00000|  0%| F|  |TAMS 0x0000000742a00000| PB 0x0000000742a00000| Untracked 
| 534|0x0000000742c00000, 0x0000000742c00000, 0x0000000742e00000|  0%| F|  |TAMS 0x0000000742c00000| PB 0x0000000742c00000| Untracked 
| 535|0x0000000742e00000, 0x0000000742e00000, 0x0000000743000000|  0%| F|  |TAMS 0x0000000742e00000| PB 0x0000000742e00000| Untracked 
| 536|0x0000000743000000, 0x0000000743000000, 0x0000000743200000|  0%| F|  |TAMS 0x0000000743000000| PB 0x0000000743000000| Untracked 
| 537|0x0000000743200000, 0x0000000743200000, 0x0000000743400000|  0%| F|  |TAMS 0x0000000743200000| PB 0x0000000743200000| Untracked 
| 538|0x0000000743400000, 0x0000000743400000, 0x0000000743600000|  0%| F|  |TAMS 0x0000000743400000| PB 0x0000000743400000| Untracked 
| 539|0x0000000743600000, 0x0000000743600000, 0x0000000743800000|  0%| F|  |TAMS 0x0000000743600000| PB 0x0000000743600000| Untracked 
| 540|0x0000000743800000, 0x0000000743800000, 0x0000000743a00000|  0%| F|  |TAMS 0x0000000743800000| PB 0x0000000743800000| Untracked 
| 541|0x0000000743a00000, 0x0000000743a00000, 0x0000000743c00000|  0%| F|  |TAMS 0x0000000743a00000| PB 0x0000000743a00000| Untracked 
| 542|0x0000000743c00000, 0x0000000743c00000, 0x0000000743e00000|  0%| F|  |TAMS 0x0000000743c00000| PB 0x0000000743c00000| Untracked 
| 543|0x0000000743e00000, 0x0000000743e00000, 0x0000000744000000|  0%| F|  |TAMS 0x0000000743e00000| PB 0x0000000743e00000| Untracked 
| 544|0x0000000744000000, 0x0000000744000000, 0x0000000744200000|  0%| F|  |TAMS 0x0000000744000000| PB 0x0000000744000000| Untracked 
| 545|0x0000000744200000, 0x0000000744200000, 0x0000000744400000|  0%| F|  |TAMS 0x0000000744200000| PB 0x0000000744200000| Untracked 
| 546|0x0000000744400000, 0x0000000744400000, 0x0000000744600000|  0%| F|  |TAMS 0x0000000744400000| PB 0x0000000744400000| Untracked 
| 547|0x0000000744600000, 0x0000000744600000, 0x0000000744800000|  0%| F|  |TAMS 0x0000000744600000| PB 0x0000000744600000| Untracked 
| 548|0x0000000744800000, 0x0000000744800000, 0x0000000744a00000|  0%| F|  |TAMS 0x0000000744800000| PB 0x0000000744800000| Untracked 
| 549|0x0000000744a00000, 0x0000000744a00000, 0x0000000744c00000|  0%| F|  |TAMS 0x0000000744a00000| PB 0x0000000744a00000| Untracked 
| 550|0x0000000744c00000, 0x0000000744c00000, 0x0000000744e00000|  0%| F|  |TAMS 0x0000000744c00000| PB 0x0000000744c00000| Untracked 
| 551|0x0000000744e00000, 0x0000000744e00000, 0x0000000745000000|  0%| F|  |TAMS 0x0000000744e00000| PB 0x0000000744e00000| Untracked 
| 552|0x0000000745000000, 0x0000000745000000, 0x0000000745200000|  0%| F|  |TAMS 0x0000000745000000| PB 0x0000000745000000| Untracked 
| 553|0x0000000745200000, 0x0000000745200000, 0x0000000745400000|  0%| F|  |TAMS 0x0000000745200000| PB 0x0000000745200000| Untracked 
| 554|0x0000000745400000, 0x0000000745400000, 0x0000000745600000|  0%| F|  |TAMS 0x0000000745400000| PB 0x0000000745400000| Untracked 
| 555|0x0000000745600000, 0x0000000745600000, 0x0000000745800000|  0%| F|  |TAMS 0x0000000745600000| PB 0x0000000745600000| Untracked 
| 556|0x0000000745800000, 0x0000000745800000, 0x0000000745a00000|  0%| F|  |TAMS 0x0000000745800000| PB 0x0000000745800000| Untracked 
| 557|0x0000000745a00000, 0x0000000745a00000, 0x0000000745c00000|  0%| F|  |TAMS 0x0000000745a00000| PB 0x0000000745a00000| Untracked 
| 558|0x0000000745c00000, 0x0000000745c00000, 0x0000000745e00000|  0%| F|  |TAMS 0x0000000745c00000| PB 0x0000000745c00000| Untracked 
| 559|0x0000000745e00000, 0x0000000745e00000, 0x0000000746000000|  0%| F|  |TAMS 0x0000000745e00000| PB 0x0000000745e00000| Untracked 
| 560|0x0000000746000000, 0x0000000746000000, 0x0000000746200000|  0%| F|  |TAMS 0x0000000746000000| PB 0x0000000746000000| Untracked 
| 561|0x0000000746200000, 0x0000000746200000, 0x0000000746400000|  0%| F|  |TAMS 0x0000000746200000| PB 0x0000000746200000| Untracked 
| 562|0x0000000746400000, 0x0000000746400000, 0x0000000746600000|  0%| F|  |TAMS 0x0000000746400000| PB 0x0000000746400000| Untracked 
| 563|0x0000000746600000, 0x0000000746600000, 0x0000000746800000|  0%| F|  |TAMS 0x0000000746600000| PB 0x0000000746600000| Untracked 
| 564|0x0000000746800000, 0x0000000746800000, 0x0000000746a00000|  0%| F|  |TAMS 0x0000000746800000| PB 0x0000000746800000| Untracked 
| 565|0x0000000746a00000, 0x0000000746a00000, 0x0000000746c00000|  0%| F|  |TAMS 0x0000000746a00000| PB 0x0000000746a00000| Untracked 
| 566|0x0000000746c00000, 0x0000000746c00000, 0x0000000746e00000|  0%| F|  |TAMS 0x0000000746c00000| PB 0x0000000746c00000| Untracked 
| 567|0x0000000746e00000, 0x0000000746e00000, 0x0000000747000000|  0%| F|  |TAMS 0x0000000746e00000| PB 0x0000000746e00000| Untracked 
| 568|0x0000000747000000, 0x0000000747000000, 0x0000000747200000|  0%| F|  |TAMS 0x0000000747000000| PB 0x0000000747000000| Untracked 
| 569|0x0000000747200000, 0x0000000747200000, 0x0000000747400000|  0%| F|  |TAMS 0x0000000747200000| PB 0x0000000747200000| Untracked 
| 570|0x0000000747400000, 0x0000000747400000, 0x0000000747600000|  0%| F|  |TAMS 0x0000000747400000| PB 0x0000000747400000| Untracked 
| 571|0x0000000747600000, 0x0000000747600000, 0x0000000747800000|  0%| F|  |TAMS 0x0000000747600000| PB 0x0000000747600000| Untracked 
| 572|0x0000000747800000, 0x0000000747800000, 0x0000000747a00000|  0%| F|  |TAMS 0x0000000747800000| PB 0x0000000747800000| Untracked 
| 573|0x0000000747a00000, 0x0000000747a00000, 0x0000000747c00000|  0%| F|  |TAMS 0x0000000747a00000| PB 0x0000000747a00000| Untracked 
| 574|0x0000000747c00000, 0x0000000747c00000, 0x0000000747e00000|  0%| F|  |TAMS 0x0000000747c00000| PB 0x0000000747c00000| Untracked 
| 575|0x0000000747e00000, 0x0000000747e00000, 0x0000000748000000|  0%| F|  |TAMS 0x0000000747e00000| PB 0x0000000747e00000| Untracked 
| 576|0x0000000748000000, 0x0000000748000000, 0x0000000748200000|  0%| F|  |TAMS 0x0000000748000000| PB 0x0000000748000000| Untracked 
| 577|0x0000000748200000, 0x0000000748200000, 0x0000000748400000|  0%| F|  |TAMS 0x0000000748200000| PB 0x0000000748200000| Untracked 
| 578|0x0000000748400000, 0x0000000748400000, 0x0000000748600000|  0%| F|  |TAMS 0x0000000748400000| PB 0x0000000748400000| Untracked 
| 579|0x0000000748600000, 0x0000000748800000, 0x0000000748800000|100%| E|  |TAMS 0x0000000748600000| PB 0x0000000748600000| Complete 
| 580|0x0000000748800000, 0x0000000748a00000, 0x0000000748a00000|100%| E|CS|TAMS 0x0000000748800000| PB 0x0000000748800000| Complete 
| 581|0x0000000748a00000, 0x0000000748c00000, 0x0000000748c00000|100%| E|CS|TAMS 0x0000000748a00000| PB 0x0000000748a00000| Complete 
| 582|0x0000000748c00000, 0x0000000748e00000, 0x0000000748e00000|100%| E|CS|TAMS 0x0000000748c00000| PB 0x0000000748c00000| Complete 
| 583|0x0000000748e00000, 0x0000000749000000, 0x0000000749000000|100%| E|CS|TAMS 0x0000000748e00000| PB 0x0000000748e00000| Complete 
| 584|0x0000000749000000, 0x0000000749200000, 0x0000000749200000|100%| E|CS|TAMS 0x0000000749000000| PB 0x0000000749000000| Complete 
| 585|0x0000000749200000, 0x0000000749400000, 0x0000000749400000|100%| E|CS|TAMS 0x0000000749200000| PB 0x0000000749200000| Complete 
| 586|0x0000000749400000, 0x0000000749600000, 0x0000000749600000|100%| E|CS|TAMS 0x0000000749400000| PB 0x0000000749400000| Complete 
| 587|0x0000000749600000, 0x0000000749800000, 0x0000000749800000|100%| E|CS|TAMS 0x0000000749600000| PB 0x0000000749600000| Complete 
| 588|0x0000000749800000, 0x0000000749a00000, 0x0000000749a00000|100%| E|CS|TAMS 0x0000000749800000| PB 0x0000000749800000| Complete 
| 589|0x0000000749a00000, 0x0000000749c00000, 0x0000000749c00000|100%| E|CS|TAMS 0x0000000749a00000| PB 0x0000000749a00000| Complete 
| 590|0x0000000749c00000, 0x0000000749e00000, 0x0000000749e00000|100%| E|CS|TAMS 0x0000000749c00000| PB 0x0000000749c00000| Complete 
| 591|0x0000000749e00000, 0x000000074a000000, 0x000000074a000000|100%| E|CS|TAMS 0x0000000749e00000| PB 0x0000000749e00000| Complete 
| 592|0x000000074a000000, 0x000000074a200000, 0x000000074a200000|100%| E|CS|TAMS 0x000000074a000000| PB 0x000000074a000000| Complete 
| 593|0x000000074a200000, 0x000000074a400000, 0x000000074a400000|100%| E|CS|TAMS 0x000000074a200000| PB 0x000000074a200000| Complete 
| 594|0x000000074a400000, 0x000000074a600000, 0x000000074a600000|100%| E|CS|TAMS 0x000000074a400000| PB 0x000000074a400000| Complete 
| 595|0x000000074a600000, 0x000000074a800000, 0x000000074a800000|100%| E|CS|TAMS 0x000000074a600000| PB 0x000000074a600000| Complete 
| 596|0x000000074a800000, 0x000000074aa00000, 0x000000074aa00000|100%| E|CS|TAMS 0x000000074a800000| PB 0x000000074a800000| Complete 
| 597|0x000000074aa00000, 0x000000074ac00000, 0x000000074ac00000|100%| E|CS|TAMS 0x000000074aa00000| PB 0x000000074aa00000| Complete 
| 598|0x000000074ac00000, 0x000000074ae00000, 0x000000074ae00000|100%| E|CS|TAMS 0x000000074ac00000| PB 0x000000074ac00000| Complete 
| 599|0x000000074ae00000, 0x000000074b000000, 0x000000074b000000|100%| E|CS|TAMS 0x000000074ae00000| PB 0x000000074ae00000| Complete 
| 600|0x000000074b000000, 0x000000074b200000, 0x000000074b200000|100%| E|CS|TAMS 0x000000074b000000| PB 0x000000074b000000| Complete 
| 601|0x000000074b200000, 0x000000074b400000, 0x000000074b400000|100%| E|CS|TAMS 0x000000074b200000| PB 0x000000074b200000| Complete 
| 602|0x000000074b400000, 0x000000074b600000, 0x000000074b600000|100%| E|CS|TAMS 0x000000074b400000| PB 0x000000074b400000| Complete 
| 603|0x000000074b600000, 0x000000074b800000, 0x000000074b800000|100%| E|CS|TAMS 0x000000074b600000| PB 0x000000074b600000| Complete 
| 604|0x000000074b800000, 0x000000074ba00000, 0x000000074ba00000|100%| E|CS|TAMS 0x000000074b800000| PB 0x000000074b800000| Complete 
| 605|0x000000074ba00000, 0x000000074bc00000, 0x000000074bc00000|100%| E|CS|TAMS 0x000000074ba00000| PB 0x000000074ba00000| Complete 
| 606|0x000000074bc00000, 0x000000074be00000, 0x000000074be00000|100%| E|CS|TAMS 0x000000074bc00000| PB 0x000000074bc00000| Complete 
| 607|0x000000074be00000, 0x000000074c000000, 0x000000074c000000|100%| E|CS|TAMS 0x000000074be00000| PB 0x000000074be00000| Complete 
| 608|0x000000074c000000, 0x000000074c200000, 0x000000074c200000|100%| E|CS|TAMS 0x000000074c000000| PB 0x000000074c000000| Complete 
| 609|0x000000074c200000, 0x000000074c400000, 0x000000074c400000|100%| E|CS|TAMS 0x000000074c200000| PB 0x000000074c200000| Complete 
| 610|0x000000074c400000, 0x000000074c600000, 0x000000074c600000|100%| E|CS|TAMS 0x000000074c400000| PB 0x000000074c400000| Complete 
| 611|0x000000074c600000, 0x000000074c800000, 0x000000074c800000|100%| E|CS|TAMS 0x000000074c600000| PB 0x000000074c600000| Complete 
| 612|0x000000074c800000, 0x000000074ca00000, 0x000000074ca00000|100%| E|CS|TAMS 0x000000074c800000| PB 0x000000074c800000| Complete 
| 613|0x000000074ca00000, 0x000000074cc00000, 0x000000074cc00000|100%| E|CS|TAMS 0x000000074ca00000| PB 0x000000074ca00000| Complete 
| 614|0x000000074cc00000, 0x000000074ce00000, 0x000000074ce00000|100%| E|CS|TAMS 0x000000074cc00000| PB 0x000000074cc00000| Complete 
| 615|0x000000074ce00000, 0x000000074d000000, 0x000000074d000000|100%| E|CS|TAMS 0x000000074ce00000| PB 0x000000074ce00000| Complete 
| 616|0x000000074d000000, 0x000000074d200000, 0x000000074d200000|100%| E|CS|TAMS 0x000000074d000000| PB 0x000000074d000000| Complete 
| 617|0x000000074d200000, 0x000000074d400000, 0x000000074d400000|100%| E|CS|TAMS 0x000000074d200000| PB 0x000000074d200000| Complete 
| 618|0x000000074d400000, 0x000000074d600000, 0x000000074d600000|100%| E|CS|TAMS 0x000000074d400000| PB 0x000000074d400000| Complete 
| 619|0x000000074d600000, 0x000000074d800000, 0x000000074d800000|100%| E|CS|TAMS 0x000000074d600000| PB 0x000000074d600000| Complete 
| 620|0x000000074d800000, 0x000000074da00000, 0x000000074da00000|100%| E|CS|TAMS 0x000000074d800000| PB 0x000000074d800000| Complete 
| 853|0x000000076aa00000, 0x000000076ac00000, 0x000000076ac00000|100%| E|CS|TAMS 0x000000076aa00000| PB 0x000000076aa00000| Complete 
| 854|0x000000076ac00000, 0x000000076ae00000, 0x000000076ae00000|100%| E|CS|TAMS 0x000000076ac00000| PB 0x000000076ac00000| Complete 
| 855|0x000000076ae00000, 0x000000076b000000, 0x000000076b000000|100%| E|CS|TAMS 0x000000076ae00000| PB 0x000000076ae00000| Complete 
| 856|0x000000076b000000, 0x000000076b200000, 0x000000076b200000|100%| E|CS|TAMS 0x000000076b000000| PB 0x000000076b000000| Complete 
| 857|0x000000076b200000, 0x000000076b400000, 0x000000076b400000|100%| E|CS|TAMS 0x000000076b200000| PB 0x000000076b200000| Complete 
| 858|0x000000076b400000, 0x000000076b600000, 0x000000076b600000|100%| E|CS|TAMS 0x000000076b400000| PB 0x000000076b400000| Complete 
| 859|0x000000076b600000, 0x000000076b800000, 0x000000076b800000|100%| E|CS|TAMS 0x000000076b600000| PB 0x000000076b600000| Complete 
| 860|0x000000076b800000, 0x000000076ba00000, 0x000000076ba00000|100%| E|CS|TAMS 0x000000076b800000| PB 0x000000076b800000| Complete 
| 861|0x000000076ba00000, 0x000000076bc00000, 0x000000076bc00000|100%| E|CS|TAMS 0x000000076ba00000| PB 0x000000076ba00000| Complete 
| 862|0x000000076bc00000, 0x000000076be00000, 0x000000076be00000|100%| E|CS|TAMS 0x000000076bc00000| PB 0x000000076bc00000| Complete 
| 863|0x000000076be00000, 0x000000076c000000, 0x000000076c000000|100%| E|CS|TAMS 0x000000076be00000| PB 0x000000076be00000| Complete 
| 864|0x000000076c000000, 0x000000076c200000, 0x000000076c200000|100%| E|CS|TAMS 0x000000076c000000| PB 0x000000076c000000| Complete 
| 865|0x000000076c200000, 0x000000076c400000, 0x000000076c400000|100%| E|CS|TAMS 0x000000076c200000| PB 0x000000076c200000| Complete 
| 866|0x000000076c400000, 0x000000076c600000, 0x000000076c600000|100%| E|CS|TAMS 0x000000076c400000| PB 0x000000076c400000| Complete 
| 867|0x000000076c600000, 0x000000076c800000, 0x000000076c800000|100%| E|CS|TAMS 0x000000076c600000| PB 0x000000076c600000| Complete 
| 868|0x000000076c800000, 0x000000076ca00000, 0x000000076ca00000|100%| E|CS|TAMS 0x000000076c800000| PB 0x000000076c800000| Complete 
| 869|0x000000076ca00000, 0x000000076cc00000, 0x000000076cc00000|100%| E|CS|TAMS 0x000000076ca00000| PB 0x000000076ca00000| Complete 
| 870|0x000000076cc00000, 0x000000076ce00000, 0x000000076ce00000|100%| E|CS|TAMS 0x000000076cc00000| PB 0x000000076cc00000| Complete 
| 871|0x000000076ce00000, 0x000000076d000000, 0x000000076d000000|100%| E|CS|TAMS 0x000000076ce00000| PB 0x000000076ce00000| Complete 
| 872|0x000000076d000000, 0x000000076d200000, 0x000000076d200000|100%| E|CS|TAMS 0x000000076d000000| PB 0x000000076d000000| Complete 
| 873|0x000000076d200000, 0x000000076d400000, 0x000000076d400000|100%| E|CS|TAMS 0x000000076d200000| PB 0x000000076d200000| Complete 
| 874|0x000000076d400000, 0x000000076d600000, 0x000000076d600000|100%| E|CS|TAMS 0x000000076d400000| PB 0x000000076d400000| Complete 
| 875|0x000000076d600000, 0x000000076d800000, 0x000000076d800000|100%| E|CS|TAMS 0x000000076d600000| PB 0x000000076d600000| Complete 
| 876|0x000000076d800000, 0x000000076da00000, 0x000000076da00000|100%| E|CS|TAMS 0x000000076d800000| PB 0x000000076d800000| Complete 
| 877|0x000000076da00000, 0x000000076dc00000, 0x000000076dc00000|100%| E|CS|TAMS 0x000000076da00000| PB 0x000000076da00000| Complete 
| 878|0x000000076dc00000, 0x000000076de00000, 0x000000076de00000|100%| E|CS|TAMS 0x000000076dc00000| PB 0x000000076dc00000| Complete 
| 879|0x000000076de00000, 0x000000076e000000, 0x000000076e000000|100%| E|CS|TAMS 0x000000076de00000| PB 0x000000076de00000| Complete 
| 880|0x000000076e000000, 0x000000076e200000, 0x000000076e200000|100%| E|CS|TAMS 0x000000076e000000| PB 0x000000076e000000| Complete 
| 881|0x000000076e200000, 0x000000076e400000, 0x000000076e400000|100%| E|CS|TAMS 0x000000076e200000| PB 0x000000076e200000| Complete 
| 882|0x000000076e400000, 0x000000076e600000, 0x000000076e600000|100%| E|CS|TAMS 0x000000076e400000| PB 0x000000076e400000| Complete 
| 883|0x000000076e600000, 0x000000076e800000, 0x000000076e800000|100%| E|CS|TAMS 0x000000076e600000| PB 0x000000076e600000| Complete 
| 884|0x000000076e800000, 0x000000076ea00000, 0x000000076ea00000|100%| E|CS|TAMS 0x000000076e800000| PB 0x000000076e800000| Complete 
| 885|0x000000076ea00000, 0x000000076ec00000, 0x000000076ec00000|100%| E|CS|TAMS 0x000000076ea00000| PB 0x000000076ea00000| Complete 
| 886|0x000000076ec00000, 0x000000076ee00000, 0x000000076ee00000|100%| E|CS|TAMS 0x000000076ec00000| PB 0x000000076ec00000| Complete 
| 887|0x000000076ee00000, 0x000000076f000000, 0x000000076f000000|100%| E|CS|TAMS 0x000000076ee00000| PB 0x000000076ee00000| Complete 
| 888|0x000000076f000000, 0x000000076f200000, 0x000000076f200000|100%| E|CS|TAMS 0x000000076f000000| PB 0x000000076f000000| Complete 
| 889|0x000000076f200000, 0x000000076f400000, 0x000000076f400000|100%| E|CS|TAMS 0x000000076f200000| PB 0x000000076f200000| Complete 
| 890|0x000000076f400000, 0x000000076f600000, 0x000000076f600000|100%| E|CS|TAMS 0x000000076f400000| PB 0x000000076f400000| Complete 
| 891|0x000000076f600000, 0x000000076f800000, 0x000000076f800000|100%| E|CS|TAMS 0x000000076f600000| PB 0x000000076f600000| Complete 
| 892|0x000000076f800000, 0x000000076fa00000, 0x000000076fa00000|100%| E|CS|TAMS 0x000000076f800000| PB 0x000000076f800000| Complete 
| 893|0x000000076fa00000, 0x000000076fc00000, 0x000000076fc00000|100%| E|CS|TAMS 0x000000076fa00000| PB 0x000000076fa00000| Complete 
| 894|0x000000076fc00000, 0x000000076fe00000, 0x000000076fe00000|100%| E|CS|TAMS 0x000000076fc00000| PB 0x000000076fc00000| Complete 
| 895|0x000000076fe00000, 0x0000000770000000, 0x0000000770000000|100%| E|CS|TAMS 0x000000076fe00000| PB 0x000000076fe00000| Complete 
| 896|0x0000000770000000, 0x0000000770200000, 0x0000000770200000|100%| E|CS|TAMS 0x0000000770000000| PB 0x0000000770000000| Complete 
| 897|0x0000000770200000, 0x0000000770400000, 0x0000000770400000|100%| E|CS|TAMS 0x0000000770200000| PB 0x0000000770200000| Complete 
| 898|0x0000000770400000, 0x0000000770600000, 0x0000000770600000|100%| E|CS|TAMS 0x0000000770400000| PB 0x0000000770400000| Complete 
| 899|0x0000000770600000, 0x0000000770800000, 0x0000000770800000|100%| E|CS|TAMS 0x0000000770600000| PB 0x0000000770600000| Complete 
| 900|0x0000000770800000, 0x0000000770a00000, 0x0000000770a00000|100%| E|CS|TAMS 0x0000000770800000| PB 0x0000000770800000| Complete 
| 901|0x0000000770a00000, 0x0000000770c00000, 0x0000000770c00000|100%| E|CS|TAMS 0x0000000770a00000| PB 0x0000000770a00000| Complete 
| 902|0x0000000770c00000, 0x0000000770e00000, 0x0000000770e00000|100%| E|CS|TAMS 0x0000000770c00000| PB 0x0000000770c00000| Complete 
| 903|0x0000000770e00000, 0x0000000771000000, 0x0000000771000000|100%| E|CS|TAMS 0x0000000770e00000| PB 0x0000000770e00000| Complete 
| 904|0x0000000771000000, 0x0000000771200000, 0x0000000771200000|100%| E|CS|TAMS 0x0000000771000000| PB 0x0000000771000000| Complete 
| 905|0x0000000771200000, 0x0000000771400000, 0x0000000771400000|100%| E|CS|TAMS 0x0000000771200000| PB 0x0000000771200000| Complete 
| 906|0x0000000771400000, 0x0000000771600000, 0x0000000771600000|100%| E|CS|TAMS 0x0000000771400000| PB 0x0000000771400000| Complete 
| 907|0x0000000771600000, 0x0000000771800000, 0x0000000771800000|100%| E|CS|TAMS 0x0000000771600000| PB 0x0000000771600000| Complete 
| 908|0x0000000771800000, 0x0000000771a00000, 0x0000000771a00000|100%| E|CS|TAMS 0x0000000771800000| PB 0x0000000771800000| Complete 
| 909|0x0000000771a00000, 0x0000000771c00000, 0x0000000771c00000|100%| E|CS|TAMS 0x0000000771a00000| PB 0x0000000771a00000| Complete 
| 910|0x0000000771c00000, 0x0000000771e00000, 0x0000000771e00000|100%| E|CS|TAMS 0x0000000771c00000| PB 0x0000000771c00000| Complete 
| 911|0x0000000771e00000, 0x0000000772000000, 0x0000000772000000|100%| E|CS|TAMS 0x0000000771e00000| PB 0x0000000771e00000| Complete 
| 912|0x0000000772000000, 0x0000000772200000, 0x0000000772200000|100%| E|CS|TAMS 0x0000000772000000| PB 0x0000000772000000| Complete 
| 913|0x0000000772200000, 0x0000000772400000, 0x0000000772400000|100%| E|CS|TAMS 0x0000000772200000| PB 0x0000000772200000| Complete 
| 914|0x0000000772400000, 0x0000000772600000, 0x0000000772600000|100%| E|CS|TAMS 0x0000000772400000| PB 0x0000000772400000| Complete 
| 915|0x0000000772600000, 0x0000000772800000, 0x0000000772800000|100%| E|CS|TAMS 0x0000000772600000| PB 0x0000000772600000| Complete 
| 916|0x0000000772800000, 0x0000000772a00000, 0x0000000772a00000|100%| E|CS|TAMS 0x0000000772800000| PB 0x0000000772800000| Complete 
| 917|0x0000000772a00000, 0x0000000772c00000, 0x0000000772c00000|100%| E|CS|TAMS 0x0000000772a00000| PB 0x0000000772a00000| Complete 
| 918|0x0000000772c00000, 0x0000000772e00000, 0x0000000772e00000|100%| E|CS|TAMS 0x0000000772c00000| PB 0x0000000772c00000| Complete 
| 919|0x0000000772e00000, 0x0000000773000000, 0x0000000773000000|100%| E|CS|TAMS 0x0000000772e00000| PB 0x0000000772e00000| Complete 
| 920|0x0000000773000000, 0x0000000773200000, 0x0000000773200000|100%| E|CS|TAMS 0x0000000773000000| PB 0x0000000773000000| Complete 
| 921|0x0000000773200000, 0x0000000773400000, 0x0000000773400000|100%| E|CS|TAMS 0x0000000773200000| PB 0x0000000773200000| Complete 
| 922|0x0000000773400000, 0x0000000773600000, 0x0000000773600000|100%| E|CS|TAMS 0x0000000773400000| PB 0x0000000773400000| Complete 
| 923|0x0000000773600000, 0x0000000773800000, 0x0000000773800000|100%| E|CS|TAMS 0x0000000773600000| PB 0x0000000773600000| Complete 
| 924|0x0000000773800000, 0x0000000773a00000, 0x0000000773a00000|100%| E|CS|TAMS 0x0000000773800000| PB 0x0000000773800000| Complete 
| 925|0x0000000773a00000, 0x0000000773c00000, 0x0000000773c00000|100%| E|CS|TAMS 0x0000000773a00000| PB 0x0000000773a00000| Complete 
| 926|0x0000000773c00000, 0x0000000773e00000, 0x0000000773e00000|100%| E|CS|TAMS 0x0000000773c00000| PB 0x0000000773c00000| Complete 
| 927|0x0000000773e00000, 0x0000000774000000, 0x0000000774000000|100%| E|CS|TAMS 0x0000000773e00000| PB 0x0000000773e00000| Complete 
| 928|0x0000000774000000, 0x0000000774200000, 0x0000000774200000|100%| E|CS|TAMS 0x0000000774000000| PB 0x0000000774000000| Complete 
| 929|0x0000000774200000, 0x0000000774400000, 0x0000000774400000|100%| E|CS|TAMS 0x0000000774200000| PB 0x0000000774200000| Complete 
| 930|0x0000000774400000, 0x0000000774600000, 0x0000000774600000|100%| E|CS|TAMS 0x0000000774400000| PB 0x0000000774400000| Complete 
| 931|0x0000000774600000, 0x0000000774800000, 0x0000000774800000|100%| E|CS|TAMS 0x0000000774600000| PB 0x0000000774600000| Complete 
| 932|0x0000000774800000, 0x0000000774a00000, 0x0000000774a00000|100%| E|CS|TAMS 0x0000000774800000| PB 0x0000000774800000| Complete 
| 933|0x0000000774a00000, 0x0000000774c00000, 0x0000000774c00000|100%| E|CS|TAMS 0x0000000774a00000| PB 0x0000000774a00000| Complete 
| 934|0x0000000774c00000, 0x0000000774e00000, 0x0000000774e00000|100%| E|CS|TAMS 0x0000000774c00000| PB 0x0000000774c00000| Complete 
| 935|0x0000000774e00000, 0x0000000775000000, 0x0000000775000000|100%| E|CS|TAMS 0x0000000774e00000| PB 0x0000000774e00000| Complete 
| 936|0x0000000775000000, 0x0000000775200000, 0x0000000775200000|100%| E|CS|TAMS 0x0000000775000000| PB 0x0000000775000000| Complete 
| 937|0x0000000775200000, 0x0000000775400000, 0x0000000775400000|100%| E|CS|TAMS 0x0000000775200000| PB 0x0000000775200000| Complete 
| 938|0x0000000775400000, 0x0000000775600000, 0x0000000775600000|100%| E|CS|TAMS 0x0000000775400000| PB 0x0000000775400000| Complete 
| 939|0x0000000775600000, 0x0000000775800000, 0x0000000775800000|100%| E|CS|TAMS 0x0000000775600000| PB 0x0000000775600000| Complete 
| 940|0x0000000775800000, 0x0000000775a00000, 0x0000000775a00000|100%| E|CS|TAMS 0x0000000775800000| PB 0x0000000775800000| Complete 
| 941|0x0000000775a00000, 0x0000000775c00000, 0x0000000775c00000|100%| E|CS|TAMS 0x0000000775a00000| PB 0x0000000775a00000| Complete 
| 942|0x0000000775c00000, 0x0000000775e00000, 0x0000000775e00000|100%| E|CS|TAMS 0x0000000775c00000| PB 0x0000000775c00000| Complete 
| 943|0x0000000775e00000, 0x0000000776000000, 0x0000000776000000|100%| E|CS|TAMS 0x0000000775e00000| PB 0x0000000775e00000| Complete 
| 944|0x0000000776000000, 0x0000000776200000, 0x0000000776200000|100%| E|CS|TAMS 0x0000000776000000| PB 0x0000000776000000| Complete 
| 945|0x0000000776200000, 0x0000000776400000, 0x0000000776400000|100%| E|CS|TAMS 0x0000000776200000| PB 0x0000000776200000| Complete 
| 946|0x0000000776400000, 0x0000000776600000, 0x0000000776600000|100%| E|CS|TAMS 0x0000000776400000| PB 0x0000000776400000| Complete 
| 947|0x0000000776600000, 0x0000000776800000, 0x0000000776800000|100%| E|CS|TAMS 0x0000000776600000| PB 0x0000000776600000| Complete 
| 948|0x0000000776800000, 0x0000000776a00000, 0x0000000776a00000|100%| E|CS|TAMS 0x0000000776800000| PB 0x0000000776800000| Complete 
| 949|0x0000000776a00000, 0x0000000776c00000, 0x0000000776c00000|100%| E|CS|TAMS 0x0000000776a00000| PB 0x0000000776a00000| Complete 
| 950|0x0000000776c00000, 0x0000000776e00000, 0x0000000776e00000|100%| E|CS|TAMS 0x0000000776c00000| PB 0x0000000776c00000| Complete 
| 951|0x0000000776e00000, 0x0000000777000000, 0x0000000777000000|100%| E|CS|TAMS 0x0000000776e00000| PB 0x0000000776e00000| Complete 
| 952|0x0000000777000000, 0x0000000777200000, 0x0000000777200000|100%| E|CS|TAMS 0x0000000777000000| PB 0x0000000777000000| Complete 
| 953|0x0000000777200000, 0x0000000777400000, 0x0000000777400000|100%| E|CS|TAMS 0x0000000777200000| PB 0x0000000777200000| Complete 
| 954|0x0000000777400000, 0x0000000777600000, 0x0000000777600000|100%| E|CS|TAMS 0x0000000777400000| PB 0x0000000777400000| Complete 
| 955|0x0000000777600000, 0x0000000777800000, 0x0000000777800000|100%| E|CS|TAMS 0x0000000777600000| PB 0x0000000777600000| Complete 
| 956|0x0000000777800000, 0x0000000777a00000, 0x0000000777a00000|100%| E|CS|TAMS 0x0000000777800000| PB 0x0000000777800000| Complete 
| 957|0x0000000777a00000, 0x0000000777c00000, 0x0000000777c00000|100%| E|CS|TAMS 0x0000000777a00000| PB 0x0000000777a00000| Complete 
| 958|0x0000000777c00000, 0x0000000777e00000, 0x0000000777e00000|100%| E|CS|TAMS 0x0000000777c00000| PB 0x0000000777c00000| Complete 
| 959|0x0000000777e00000, 0x0000000778000000, 0x0000000778000000|100%| E|CS|TAMS 0x0000000777e00000| PB 0x0000000777e00000| Complete 
| 960|0x0000000778000000, 0x0000000778200000, 0x0000000778200000|100%| E|CS|TAMS 0x0000000778000000| PB 0x0000000778000000| Complete 
| 961|0x0000000778200000, 0x0000000778400000, 0x0000000778400000|100%| E|CS|TAMS 0x0000000778200000| PB 0x0000000778200000| Complete 
| 962|0x0000000778400000, 0x0000000778600000, 0x0000000778600000|100%| E|CS|TAMS 0x0000000778400000| PB 0x0000000778400000| Complete 
| 963|0x0000000778600000, 0x0000000778800000, 0x0000000778800000|100%| E|CS|TAMS 0x0000000778600000| PB 0x0000000778600000| Complete 
| 964|0x0000000778800000, 0x0000000778a00000, 0x0000000778a00000|100%| E|CS|TAMS 0x0000000778800000| PB 0x0000000778800000| Complete 
| 965|0x0000000778a00000, 0x0000000778c00000, 0x0000000778c00000|100%| E|CS|TAMS 0x0000000778a00000| PB 0x0000000778a00000| Complete 
| 966|0x0000000778c00000, 0x0000000778e00000, 0x0000000778e00000|100%| E|CS|TAMS 0x0000000778c00000| PB 0x0000000778c00000| Complete 
| 967|0x0000000778e00000, 0x0000000779000000, 0x0000000779000000|100%| E|CS|TAMS 0x0000000778e00000| PB 0x0000000778e00000| Complete 
| 968|0x0000000779000000, 0x0000000779200000, 0x0000000779200000|100%| E|CS|TAMS 0x0000000779000000| PB 0x0000000779000000| Complete 
| 969|0x0000000779200000, 0x0000000779400000, 0x0000000779400000|100%| E|CS|TAMS 0x0000000779200000| PB 0x0000000779200000| Complete 
| 970|0x0000000779400000, 0x0000000779600000, 0x0000000779600000|100%| E|CS|TAMS 0x0000000779400000| PB 0x0000000779400000| Complete 
| 971|0x0000000779600000, 0x0000000779800000, 0x0000000779800000|100%| E|  |TAMS 0x0000000779600000| PB 0x0000000779600000| Complete 
| 972|0x0000000779800000, 0x0000000779a00000, 0x0000000779a00000|100%| E|CS|TAMS 0x0000000779800000| PB 0x0000000779800000| Complete 
| 973|0x0000000779a00000, 0x0000000779c00000, 0x0000000779c00000|100%| E|CS|TAMS 0x0000000779a00000| PB 0x0000000779a00000| Complete 
| 974|0x0000000779c00000, 0x0000000779e00000, 0x0000000779e00000|100%| E|CS|TAMS 0x0000000779c00000| PB 0x0000000779c00000| Complete 
| 975|0x0000000779e00000, 0x000000077a000000, 0x000000077a000000|100%| E|CS|TAMS 0x0000000779e00000| PB 0x0000000779e00000| Complete 
| 976|0x000000077a000000, 0x000000077a200000, 0x000000077a200000|100%| E|CS|TAMS 0x000000077a000000| PB 0x000000077a000000| Complete 
| 977|0x000000077a200000, 0x000000077a400000, 0x000000077a400000|100%| E|CS|TAMS 0x000000077a200000| PB 0x000000077a200000| Complete 
| 978|0x000000077a400000, 0x000000077a600000, 0x000000077a600000|100%| E|CS|TAMS 0x000000077a400000| PB 0x000000077a400000| Complete 
| 979|0x000000077a600000, 0x000000077a800000, 0x000000077a800000|100%| E|CS|TAMS 0x000000077a600000| PB 0x000000077a600000| Complete 
| 980|0x000000077a800000, 0x000000077aa00000, 0x000000077aa00000|100%| E|CS|TAMS 0x000000077a800000| PB 0x000000077a800000| Complete 
| 981|0x000000077aa00000, 0x000000077ac00000, 0x000000077ac00000|100%| E|CS|TAMS 0x000000077aa00000| PB 0x000000077aa00000| Complete 
| 982|0x000000077ac00000, 0x000000077ae00000, 0x000000077ae00000|100%| E|CS|TAMS 0x000000077ac00000| PB 0x000000077ac00000| Complete 
| 983|0x000000077ae00000, 0x000000077b000000, 0x000000077b000000|100%| E|CS|TAMS 0x000000077ae00000| PB 0x000000077ae00000| Complete 
| 984|0x000000077b000000, 0x000000077b200000, 0x000000077b200000|100%| E|CS|TAMS 0x000000077b000000| PB 0x000000077b000000| Complete 
| 985|0x000000077b200000, 0x000000077b400000, 0x000000077b400000|100%| E|CS|TAMS 0x000000077b200000| PB 0x000000077b200000| Complete 
| 986|0x000000077b400000, 0x000000077b600000, 0x000000077b600000|100%| E|CS|TAMS 0x000000077b400000| PB 0x000000077b400000| Complete 
| 987|0x000000077b600000, 0x000000077b800000, 0x000000077b800000|100%| E|CS|TAMS 0x000000077b600000| PB 0x000000077b600000| Complete 
| 988|0x000000077b800000, 0x000000077ba00000, 0x000000077ba00000|100%| E|CS|TAMS 0x000000077b800000| PB 0x000000077b800000| Complete 
| 989|0x000000077ba00000, 0x000000077bc00000, 0x000000077bc00000|100%| E|CS|TAMS 0x000000077ba00000| PB 0x000000077ba00000| Complete 
| 990|0x000000077bc00000, 0x000000077be00000, 0x000000077be00000|100%| E|CS|TAMS 0x000000077bc00000| PB 0x000000077bc00000| Complete 
| 991|0x000000077be00000, 0x000000077c000000, 0x000000077c000000|100%| E|CS|TAMS 0x000000077be00000| PB 0x000000077be00000| Complete 
| 992|0x000000077c000000, 0x000000077c200000, 0x000000077c200000|100%| E|CS|TAMS 0x000000077c000000| PB 0x000000077c000000| Complete 
| 993|0x000000077c200000, 0x000000077c400000, 0x000000077c400000|100%| E|CS|TAMS 0x000000077c200000| PB 0x000000077c200000| Complete 
| 994|0x000000077c400000, 0x000000077c600000, 0x000000077c600000|100%| E|CS|TAMS 0x000000077c400000| PB 0x000000077c400000| Complete 
| 995|0x000000077c600000, 0x000000077c800000, 0x000000077c800000|100%| E|CS|TAMS 0x000000077c600000| PB 0x000000077c600000| Complete 
| 996|0x000000077c800000, 0x000000077ca00000, 0x000000077ca00000|100%| E|CS|TAMS 0x000000077c800000| PB 0x000000077c800000| Complete 
| 997|0x000000077ca00000, 0x000000077cc00000, 0x000000077cc00000|100%| E|CS|TAMS 0x000000077ca00000| PB 0x000000077ca00000| Complete 
| 998|0x000000077cc00000, 0x000000077ce00000, 0x000000077ce00000|100%| E|CS|TAMS 0x000000077cc00000| PB 0x000000077cc00000| Complete 
| 999|0x000000077ce00000, 0x000000077d000000, 0x000000077d000000|100%| E|CS|TAMS 0x000000077ce00000| PB 0x000000077ce00000| Complete 
|1000|0x000000077d000000, 0x000000077d200000, 0x000000077d200000|100%| E|CS|TAMS 0x000000077d000000| PB 0x000000077d000000| Complete 
|1001|0x000000077d200000, 0x000000077d400000, 0x000000077d400000|100%| E|CS|TAMS 0x000000077d200000| PB 0x000000077d200000| Complete 
|1002|0x000000077d400000, 0x000000077d600000, 0x000000077d600000|100%| E|CS|TAMS 0x000000077d400000| PB 0x000000077d400000| Complete 
|1003|0x000000077d600000, 0x000000077d800000, 0x000000077d800000|100%| E|CS|TAMS 0x000000077d600000| PB 0x000000077d600000| Complete 
|1004|0x000000077d800000, 0x000000077da00000, 0x000000077da00000|100%| E|CS|TAMS 0x000000077d800000| PB 0x000000077d800000| Complete 
|1005|0x000000077da00000, 0x000000077dc00000, 0x000000077dc00000|100%| E|CS|TAMS 0x000000077da00000| PB 0x000000077da00000| Complete 
|1006|0x000000077dc00000, 0x000000077de00000, 0x000000077de00000|100%| E|CS|TAMS 0x000000077dc00000| PB 0x000000077dc00000| Complete 
|1007|0x000000077de00000, 0x000000077e000000, 0x000000077e000000|100%| E|CS|TAMS 0x000000077de00000| PB 0x000000077de00000| Complete 
|1008|0x000000077e000000, 0x000000077e200000, 0x000000077e200000|100%| E|CS|TAMS 0x000000077e000000| PB 0x000000077e000000| Complete 
|1009|0x000000077e200000, 0x000000077e400000, 0x000000077e400000|100%| E|CS|TAMS 0x000000077e200000| PB 0x000000077e200000| Complete 
|1010|0x000000077e400000, 0x000000077e600000, 0x000000077e600000|100%| E|CS|TAMS 0x000000077e400000| PB 0x000000077e400000| Complete 
|1011|0x000000077e600000, 0x000000077e800000, 0x000000077e800000|100%| E|CS|TAMS 0x000000077e600000| PB 0x000000077e600000| Complete 
|1012|0x000000077e800000, 0x000000077ea00000, 0x000000077ea00000|100%| E|CS|TAMS 0x000000077e800000| PB 0x000000077e800000| Complete 
|1013|0x000000077ea00000, 0x000000077ec00000, 0x000000077ec00000|100%| E|CS|TAMS 0x000000077ea00000| PB 0x000000077ea00000| Complete 
|1014|0x000000077ec00000, 0x000000077ee00000, 0x000000077ee00000|100%| E|CS|TAMS 0x000000077ec00000| PB 0x000000077ec00000| Complete 
|1015|0x000000077ee00000, 0x000000077f000000, 0x000000077f000000|100%| E|CS|TAMS 0x000000077ee00000| PB 0x000000077ee00000| Complete 
|1016|0x000000077f000000, 0x000000077f200000, 0x000000077f200000|100%| E|CS|TAMS 0x000000077f000000| PB 0x000000077f000000| Complete 
|1017|0x000000077f200000, 0x000000077f400000, 0x000000077f400000|100%| E|CS|TAMS 0x000000077f200000| PB 0x000000077f200000| Complete 
|1018|0x000000077f400000, 0x000000077f600000, 0x000000077f600000|100%| E|CS|TAMS 0x000000077f400000| PB 0x000000077f400000| Complete 
|1019|0x000000077f600000, 0x000000077f800000, 0x000000077f800000|100%| E|CS|TAMS 0x000000077f600000| PB 0x000000077f600000| Complete 
|1020|0x000000077f800000, 0x000000077fa00000, 0x000000077fa00000|100%| E|CS|TAMS 0x000000077f800000| PB 0x000000077f800000| Complete 
|1021|0x000000077fa00000, 0x000000077fc00000, 0x000000077fc00000|100%| E|CS|TAMS 0x000000077fa00000| PB 0x000000077fa00000| Complete 
|1022|0x000000077fc00000, 0x000000077fe00000, 0x000000077fe00000|100%| E|CS|TAMS 0x000000077fc00000| PB 0x000000077fc00000| Complete 
|1023|0x000000077fe00000, 0x0000000780000000, 0x0000000780000000|100%| E|CS|TAMS 0x000000077fe00000| PB 0x000000077fe00000| Complete 
|1024|0x0000000780000000, 0x0000000780200000, 0x0000000780200000|100%| E|CS|TAMS 0x0000000780000000| PB 0x0000000780000000| Complete 
|1025|0x0000000780200000, 0x0000000780400000, 0x0000000780400000|100%| E|CS|TAMS 0x0000000780200000| PB 0x0000000780200000| Complete 
|1026|0x0000000780400000, 0x0000000780600000, 0x0000000780600000|100%| E|CS|TAMS 0x0000000780400000| PB 0x0000000780400000| Complete 
|1027|0x0000000780600000, 0x0000000780800000, 0x0000000780800000|100%| E|CS|TAMS 0x0000000780600000| PB 0x0000000780600000| Complete 
|1028|0x0000000780800000, 0x0000000780a00000, 0x0000000780a00000|100%| E|CS|TAMS 0x0000000780800000| PB 0x0000000780800000| Complete 
|1029|0x0000000780a00000, 0x0000000780c00000, 0x0000000780c00000|100%| E|CS|TAMS 0x0000000780a00000| PB 0x0000000780a00000| Complete 
|1030|0x0000000780c00000, 0x0000000780e00000, 0x0000000780e00000|100%| E|CS|TAMS 0x0000000780c00000| PB 0x0000000780c00000| Complete 
|1031|0x0000000780e00000, 0x0000000781000000, 0x0000000781000000|100%| E|CS|TAMS 0x0000000780e00000| PB 0x0000000780e00000| Complete 
|1032|0x0000000781000000, 0x0000000781200000, 0x0000000781200000|100%| E|CS|TAMS 0x0000000781000000| PB 0x0000000781000000| Complete 
|1033|0x0000000781200000, 0x0000000781400000, 0x0000000781400000|100%| E|CS|TAMS 0x0000000781200000| PB 0x0000000781200000| Complete 
|1034|0x0000000781400000, 0x0000000781600000, 0x0000000781600000|100%| E|CS|TAMS 0x0000000781400000| PB 0x0000000781400000| Complete 
|1035|0x0000000781600000, 0x0000000781800000, 0x0000000781800000|100%| E|CS|TAMS 0x0000000781600000| PB 0x0000000781600000| Complete 
|1036|0x0000000781800000, 0x0000000781a00000, 0x0000000781a00000|100%| E|CS|TAMS 0x0000000781800000| PB 0x0000000781800000| Complete 
|1934|0x00000007f1c00000, 0x00000007f1e00000, 0x00000007f1e00000|100%| O|Cm|TAMS 0x00000007f1c00000| PB 0x00000007f1c00000| Complete 
|1935|0x00000007f1e00000, 0x00000007f2000000, 0x00000007f2000000|100%| E|CS|TAMS 0x00000007f1e00000| PB 0x00000007f1e00000| Complete 
|1943|0x00000007f2e00000, 0x00000007f3000000, 0x00000007f3000000|100%| O|  |TAMS 0x00000007f2e00000| PB 0x00000007f2e00000| Untracked 
|1944|0x00000007f3000000, 0x00000007f3200000, 0x00000007f3200000|100%| E|CS|TAMS 0x00000007f3000000| PB 0x00000007f3000000| Complete 
|1945|0x00000007f3200000, 0x00000007f3400000, 0x00000007f3400000|100%| E|CS|TAMS 0x00000007f3200000| PB 0x00000007f3200000| Complete 
|1946|0x00000007f3400000, 0x00000007f3600000, 0x00000007f3600000|100%| E|CS|TAMS 0x00000007f3400000| PB 0x00000007f3400000| Complete 
|1947|0x00000007f3600000, 0x00000007f3800000, 0x00000007f3800000|100%| E|CS|TAMS 0x00000007f3600000| PB 0x00000007f3600000| Complete 
|1948|0x00000007f3800000, 0x00000007f3a00000, 0x00000007f3a00000|100%| E|CS|TAMS 0x00000007f3800000| PB 0x00000007f3800000| Complete 
|1949|0x00000007f3a00000, 0x00000007f3c00000, 0x00000007f3c00000|100%| E|CS|TAMS 0x00000007f3a00000| PB 0x00000007f3a00000| Complete 
|1950|0x00000007f3c00000, 0x00000007f3e00000, 0x00000007f3e00000|100%| E|CS|TAMS 0x00000007f3c00000| PB 0x00000007f3c00000| Complete 
|1951|0x00000007f3e00000, 0x00000007f4000000, 0x00000007f4000000|100%| E|CS|TAMS 0x00000007f3e00000| PB 0x00000007f3e00000| Complete 
|1952|0x00000007f4000000, 0x00000007f4200000, 0x00000007f4200000|100%| E|CS|TAMS 0x00000007f4000000| PB 0x00000007f4000000| Complete 
|1953|0x00000007f4200000, 0x00000007f4400000, 0x00000007f4400000|100%| E|CS|TAMS 0x00000007f4200000| PB 0x00000007f4200000| Complete 
|1954|0x00000007f4400000, 0x00000007f4600000, 0x00000007f4600000|100%| E|CS|TAMS 0x00000007f4400000| PB 0x00000007f4400000| Complete 
|1955|0x00000007f4600000, 0x00000007f4800000, 0x00000007f4800000|100%| E|CS|TAMS 0x00000007f4600000| PB 0x00000007f4600000| Complete 
|1956|0x00000007f4800000, 0x00000007f4a00000, 0x00000007f4a00000|100%| E|CS|TAMS 0x00000007f4800000| PB 0x00000007f4800000| Complete 
|1957|0x00000007f4a00000, 0x00000007f4c00000, 0x00000007f4c00000|100%| E|CS|TAMS 0x00000007f4a00000| PB 0x00000007f4a00000| Complete 
|1958|0x00000007f4c00000, 0x00000007f4e00000, 0x00000007f4e00000|100%| E|CS|TAMS 0x00000007f4c00000| PB 0x00000007f4c00000| Complete 
|1959|0x00000007f4e00000, 0x00000007f5000000, 0x00000007f5000000|100%| E|CS|TAMS 0x00000007f4e00000| PB 0x00000007f4e00000| Complete 
|1960|0x00000007f5000000, 0x00000007f5200000, 0x00000007f5200000|100%| E|CS|TAMS 0x00000007f5000000| PB 0x00000007f5000000| Complete 
|1961|0x00000007f5200000, 0x00000007f5400000, 0x00000007f5400000|100%| E|CS|TAMS 0x00000007f5200000| PB 0x00000007f5200000| Complete 
|1962|0x00000007f5400000, 0x00000007f5600000, 0x00000007f5600000|100%| E|CS|TAMS 0x00000007f5400000| PB 0x00000007f5400000| Complete 
|1963|0x00000007f5600000, 0x00000007f5800000, 0x00000007f5800000|100%| E|CS|TAMS 0x00000007f5600000| PB 0x00000007f5600000| Complete 
|1964|0x00000007f5800000, 0x00000007f5a00000, 0x00000007f5a00000|100%| E|CS|TAMS 0x00000007f5800000| PB 0x00000007f5800000| Complete 
|1965|0x00000007f5a00000, 0x00000007f5c00000, 0x00000007f5c00000|100%| E|CS|TAMS 0x00000007f5a00000| PB 0x00000007f5a00000| Complete 
|1966|0x00000007f5c00000, 0x00000007f5e00000, 0x00000007f5e00000|100%| E|CS|TAMS 0x00000007f5c00000| PB 0x00000007f5c00000| Complete 
|1967|0x00000007f5e00000, 0x00000007f6000000, 0x00000007f6000000|100%| E|CS|TAMS 0x00000007f5e00000| PB 0x00000007f5e00000| Complete 
|1968|0x00000007f6000000, 0x00000007f6200000, 0x00000007f6200000|100%| E|CS|TAMS 0x00000007f6000000| PB 0x00000007f6000000| Complete 
|1969|0x00000007f6200000, 0x00000007f6400000, 0x00000007f6400000|100%| E|CS|TAMS 0x00000007f6200000| PB 0x00000007f6200000| Complete 
|1970|0x00000007f6400000, 0x00000007f6600000, 0x00000007f6600000|100%| E|CS|TAMS 0x00000007f6400000| PB 0x00000007f6400000| Complete 
|1971|0x00000007f6600000, 0x00000007f6800000, 0x00000007f6800000|100%| E|CS|TAMS 0x00000007f6600000| PB 0x00000007f6600000| Complete 
|1972|0x00000007f6800000, 0x00000007f6a00000, 0x00000007f6a00000|100%| E|CS|TAMS 0x00000007f6800000| PB 0x00000007f6800000| Complete 
|1973|0x00000007f6a00000, 0x00000007f6c00000, 0x00000007f6c00000|100%| E|CS|TAMS 0x00000007f6a00000| PB 0x00000007f6a00000| Complete 
|1974|0x00000007f6c00000, 0x00000007f6e00000, 0x00000007f6e00000|100%| E|CS|TAMS 0x00000007f6c00000| PB 0x00000007f6c00000| Complete 
|1975|0x00000007f6e00000, 0x00000007f7000000, 0x00000007f7000000|100%| E|CS|TAMS 0x00000007f6e00000| PB 0x00000007f6e00000| Complete 
|1976|0x00000007f7000000, 0x00000007f7200000, 0x00000007f7200000|100%| E|CS|TAMS 0x00000007f7000000| PB 0x00000007f7000000| Complete 
|1977|0x00000007f7200000, 0x00000007f7400000, 0x00000007f7400000|100%| E|CS|TAMS 0x00000007f7200000| PB 0x00000007f7200000| Complete 
|1978|0x00000007f7400000, 0x00000007f7600000, 0x00000007f7600000|100%| E|CS|TAMS 0x00000007f7400000| PB 0x00000007f7400000| Complete 
|1979|0x00000007f7600000, 0x00000007f7800000, 0x00000007f7800000|100%| E|CS|TAMS 0x00000007f7600000| PB 0x00000007f7600000| Complete 
|1980|0x00000007f7800000, 0x00000007f7a00000, 0x00000007f7a00000|100%| E|CS|TAMS 0x00000007f7800000| PB 0x00000007f7800000| Complete 
|1981|0x00000007f7a00000, 0x00000007f7c00000, 0x00000007f7c00000|100%| E|CS|TAMS 0x00000007f7a00000| PB 0x00000007f7a00000| Complete 
|1982|0x00000007f7c00000, 0x00000007f7e00000, 0x00000007f7e00000|100%| E|CS|TAMS 0x00000007f7c00000| PB 0x00000007f7c00000| Complete 
|1983|0x00000007f7e00000, 0x00000007f8000000, 0x00000007f8000000|100%| E|CS|TAMS 0x00000007f7e00000| PB 0x00000007f7e00000| Complete 
|1984|0x00000007f8000000, 0x00000007f8200000, 0x00000007f8200000|100%| E|CS|TAMS 0x00000007f8000000| PB 0x00000007f8000000| Complete 
|1985|0x00000007f8200000, 0x00000007f8400000, 0x00000007f8400000|100%| E|CS|TAMS 0x00000007f8200000| PB 0x00000007f8200000| Complete 
|1986|0x00000007f8400000, 0x00000007f8600000, 0x00000007f8600000|100%| E|CS|TAMS 0x00000007f8400000| PB 0x00000007f8400000| Complete 
|1987|0x00000007f8600000, 0x00000007f8800000, 0x00000007f8800000|100%| E|CS|TAMS 0x00000007f8600000| PB 0x00000007f8600000| Complete 
|1988|0x00000007f8800000, 0x00000007f8a00000, 0x00000007f8a00000|100%| E|CS|TAMS 0x00000007f8800000| PB 0x00000007f8800000| Complete 
|1989|0x00000007f8a00000, 0x00000007f8c00000, 0x00000007f8c00000|100%| E|CS|TAMS 0x00000007f8a00000| PB 0x00000007f8a00000| Complete 
|1990|0x00000007f8c00000, 0x00000007f8e00000, 0x00000007f8e00000|100%| E|CS|TAMS 0x00000007f8c00000| PB 0x00000007f8c00000| Complete 
|1991|0x00000007f8e00000, 0x00000007f9000000, 0x00000007f9000000|100%| E|CS|TAMS 0x00000007f8e00000| PB 0x00000007f8e00000| Complete 
|1992|0x00000007f9000000, 0x00000007f9200000, 0x00000007f9200000|100%| E|CS|TAMS 0x00000007f9000000| PB 0x00000007f9000000| Complete 
|1993|0x00000007f9200000, 0x00000007f9400000, 0x00000007f9400000|100%| E|CS|TAMS 0x00000007f9200000| PB 0x00000007f9200000| Complete 
|1994|0x00000007f9400000, 0x00000007f9600000, 0x00000007f9600000|100%| E|CS|TAMS 0x00000007f9400000| PB 0x00000007f9400000| Complete 
|1995|0x00000007f9600000, 0x00000007f9800000, 0x00000007f9800000|100%| E|CS|TAMS 0x00000007f9600000| PB 0x00000007f9600000| Complete 
|1996|0x00000007f9800000, 0x00000007f9a00000, 0x00000007f9a00000|100%| E|CS|TAMS 0x00000007f9800000| PB 0x00000007f9800000| Complete 
|1997|0x00000007f9a00000, 0x00000007f9c00000, 0x00000007f9c00000|100%| E|CS|TAMS 0x00000007f9a00000| PB 0x00000007f9a00000| Complete 
|1998|0x00000007f9c00000, 0x00000007f9e00000, 0x00000007f9e00000|100%| E|CS|TAMS 0x00000007f9c00000| PB 0x00000007f9c00000| Complete 
|1999|0x00000007f9e00000, 0x00000007fa000000, 0x00000007fa000000|100%| E|CS|TAMS 0x00000007f9e00000| PB 0x00000007f9e00000| Complete 
|2000|0x00000007fa000000, 0x00000007fa200000, 0x00000007fa200000|100%| E|CS|TAMS 0x00000007fa000000| PB 0x00000007fa000000| Complete 
|2001|0x00000007fa200000, 0x00000007fa400000, 0x00000007fa400000|100%| E|CS|TAMS 0x00000007fa200000| PB 0x00000007fa200000| Complete 
|2002|0x00000007fa400000, 0x00000007fa600000, 0x00000007fa600000|100%| E|CS|TAMS 0x00000007fa400000| PB 0x00000007fa400000| Complete 
|2003|0x00000007fa600000, 0x00000007fa800000, 0x00000007fa800000|100%| E|CS|TAMS 0x00000007fa600000| PB 0x00000007fa600000| Complete 
|2004|0x00000007fa800000, 0x00000007faa00000, 0x00000007faa00000|100%| E|CS|TAMS 0x00000007fa800000| PB 0x00000007fa800000| Complete 
|2005|0x00000007faa00000, 0x00000007fac00000, 0x00000007fac00000|100%| E|CS|TAMS 0x00000007faa00000| PB 0x00000007faa00000| Complete 
|2006|0x00000007fac00000, 0x00000007fae00000, 0x00000007fae00000|100%| E|CS|TAMS 0x00000007fac00000| PB 0x00000007fac00000| Complete 
|2007|0x00000007fae00000, 0x00000007fb000000, 0x00000007fb000000|100%| E|CS|TAMS 0x00000007fae00000| PB 0x00000007fae00000| Complete 
|2033|0x00000007fe200000, 0x00000007fe400000, 0x00000007fe400000|100%| E|CS|TAMS 0x00000007fe200000| PB 0x00000007fe200000| Complete 
|2034|0x00000007fe400000, 0x00000007fe600000, 0x00000007fe600000|100%| E|CS|TAMS 0x00000007fe400000| PB 0x00000007fe400000| Complete 
|2035|0x00000007fe600000, 0x00000007fe800000, 0x00000007fe800000|100%| E|CS|TAMS 0x00000007fe600000| PB 0x00000007fe600000| Complete 
|2036|0x00000007fe800000, 0x00000007fea00000, 0x00000007fea00000|100%| E|CS|TAMS 0x00000007fe800000| PB 0x00000007fe800000| Complete 
|2037|0x00000007fea00000, 0x00000007fec00000, 0x00000007fec00000|100%| E|CS|TAMS 0x00000007fea00000| PB 0x00000007fea00000| Complete 
|2038|0x00000007fec00000, 0x00000007fee00000, 0x00000007fee00000|100%| E|CS|TAMS 0x00000007fec00000| PB 0x00000007fec00000| Complete 
|2039|0x00000007fee00000, 0x00000007ff000000, 0x00000007ff000000|100%| E|CS|TAMS 0x00000007fee00000| PB 0x00000007fee00000| Complete 
|2040|0x00000007ff000000, 0x00000007ff200000, 0x00000007ff200000|100%| E|CS|TAMS 0x00000007ff000000| PB 0x00000007ff000000| Complete 
|2041|0x00000007ff200000, 0x00000007ff400000, 0x00000007ff400000|100%| E|CS|TAMS 0x00000007ff200000| PB 0x00000007ff200000| Complete 
|2042|0x00000007ff400000, 0x00000007ff600000, 0x00000007ff600000|100%| E|CS|TAMS 0x00000007ff400000| PB 0x00000007ff400000| Complete 
|2043|0x00000007ff600000, 0x00000007ff800000, 0x00000007ff800000|100%| E|CS|TAMS 0x00000007ff600000| PB 0x00000007ff600000| Complete 
|2044|0x00000007ff800000, 0x00000007ffa00000, 0x00000007ffa00000|100%| O|  |TAMS 0x00000007ff800000| PB 0x00000007ff800000| Untracked 
|2045|0x00000007ffa00000, 0x00000007ffc00000, 0x00000007ffc00000|100%| O|  |TAMS 0x00000007ffa00000| PB 0x00000007ffa00000| Untracked 
|2046|0x00000007ffc00000, 0x00000007ffe00000, 0x00000007ffe00000|100%| O|  |TAMS 0x00000007ffc00000| PB 0x00000007ffc00000| Untracked 
|2047|0x00000007ffe00000, 0x0000000800000000, 0x0000000800000000|100%| O|  |TAMS 0x00000007ffe00000| PB 0x00000007ffe00000| Untracked 

Card table byte_map: [0x000002377f4d0000,0x000002377fcd0000] _byte_map_base: 0x000002377bcd0000

Marking Bits: (CMBitMap*) 0x0000023779fd9e20
 Bits: [0x000002370f000000, 0x0000023713000000)

Polling page: 0x0000023777d10000

Metaspace:

Usage:
  Non-class:    279.20 MB used.
      Class:     40.64 MB used.
       Both:    319.83 MB used.

Virtual space:
  Non-class space:      320.00 MB reserved,     280.56 MB ( 88%) committed,  5 nodes.
      Class space:      832.00 MB reserved,      42.00 MB (  5%) committed,  1 nodes.
             Both:        1.12 GB reserved,     322.56 MB ( 28%) committed. 

Chunk freelists:
   Non-Class:  6.53 MB
       Class:  6.03 MB
        Both:  12.56 MB

MaxMetaspaceSize: 1.00 GB
CompressedClassSpaceSize: 832.00 MB
Initial GC threshold: 21.00 MB
Current GC threshold: 530.44 MB
CDS: on
 - commit_granule_bytes: 65536.
 - commit_granule_words: 8192.
 - virtual_space_node_default_size: 8388608.
 - enlarge_chunks_in_place: 1.
 - use_allocation_guard: 0.


Internal statistics:

num_allocs_failed_limit: 12.
num_arena_births: 5542.
num_arena_deaths: 62.
num_vsnodes_births: 6.
num_vsnodes_deaths: 0.
num_space_committed: 5148.
num_space_uncommitted: 0.
num_chunks_returned_to_freelist: 96.
num_chunks_taken_from_freelist: 18778.
num_chunk_merges: 36.
num_chunk_splits: 13691.
num_chunks_enlarged: 10298.
num_inconsistent_stats: 0.

CodeHeap 'non-profiled nmethods': size=119168Kb used=41692Kb max_used=43378Kb free=77475Kb
 bounds [0x0000023707ba0000, 0x000002370a630000, 0x000002370f000000]
CodeHeap 'profiled nmethods': size=119104Kb used=75620Kb max_used=85247Kb free=43483Kb
 bounds [0x0000023700000000, 0x0000023705350000, 0x0000023707450000]
CodeHeap 'non-nmethods': size=7488Kb used=2986Kb max_used=4744Kb free=4502Kb
 bounds [0x0000023707450000, 0x0000023707910000, 0x0000023707ba0000]
CodeCache: size=245760Kb, used=120298Kb, max_used=133369Kb, free=125460Kb
 total_blobs=32538, nmethods=31127, adapters=1311, full_count=0
Compilation: enabled, stopped_count=0, restarted_count=0

Compilation events (20 events):
Event: 181.736 Thread 0x0000023774604150 74335       4       org.gradle.internal.tools.api.impl.JavaApiMemberWriter::writeFieldAnnotations (55 bytes)
Event: 181.741 Thread 0x0000023774604150 nmethod 74335 0x0000023709637c90 code [0x0000023709637ee0, 0x0000023709638628]
Event: 181.741 Thread 0x0000023774604150 74266       4       org.gradle.internal.tools.api.impl.FieldMember::compareTo (9 bytes)
Event: 181.744 Thread 0x0000023774604150 nmethod 74266 0x0000023709e03290 code [0x0000023709e03500, 0x0000023709e04100]
Event: 181.744 Thread 0x0000023774604150 74254       4       com.google.common.collect.ComparisonChain$1::classify (24 bytes)
Event: 181.745 Thread 0x0000023774604150 nmethod 74254 0x000002370939fe10 code [0x000002370939ffa0, 0x00000237093a0058]
Event: 181.745 Thread 0x0000023774604150 74337       4       org.objectweb.asm.AnnotationWriter::putParameterAnnotations (173 bytes)
Event: 181.751 Thread 0x0000023781021b70 nmethod 74326 0x0000023709e11510 code [0x0000023709e118e0, 0x0000023709e13738]
Event: 181.752 Thread 0x0000023781021b70 74340       4       org.gradle.internal.tools.api.impl.JavaApiMemberWriter::writeClass (310 bytes)
Event: 181.752 Thread 0x0000023774604150 nmethod 74337 0x00000237093d9690 code [0x00000237093d98a0, 0x00000237093da298]
Event: 181.752 Thread 0x0000023774604150 74135       4       com.google.common.collect.RegularImmutableSortedSet::iterator (5 bytes)
Event: 181.753 Thread 0x0000023774604150 nmethod 74135 0x00000237093aac90 code [0x00000237093aae40, 0x00000237093ab0c0]
Event: 181.753 Thread 0x0000023774604150 74229       4       org.gradle.internal.hash.Hashing$MessageDigestHasher::putBytes (9 bytes)
Event: 181.754 Thread 0x0000023774604150 nmethod 74229 0x000002370939f910 code [0x000002370939faa0, 0x000002370939fba0]
Event: 181.754 Thread 0x0000023774604150 74281       4       org.objectweb.asm.ClassReader::readConst (276 bytes)
Event: 181.754 Thread 0x0000023766934830 74342       3       org.gradle.internal.tools.api.impl.ApiMemberSelector::visitAnnotation (33 bytes)
Event: 181.754 Thread 0x0000023766934830 nmethod 74342 0x0000023702df6410 code [0x0000023702df66c0, 0x0000023702df7718]
Event: 181.759 Thread 0x0000023774604150 nmethod 74281 0x000002370a522f90 code [0x000002370a523260, 0x000002370a523d78]
Event: 181.759 Thread 0x0000023774604150 74343       4       org.objectweb.asm.SymbolTable::addConstantIntegerOrFloat (100 bytes)
Event: 181.793 Thread 0x0000023766931f50 74347       3       org.objectweb.asm.MethodWriter::visitAnnotableParameterCount (18 bytes)

GC Heap History (20 events):
Event: 143.709 GC heap before
{Heap before GC invocations=160 (full 0):
 garbage-first heap   total 2287616K, used 1762271K [0x0000000700000000, 0x0000000800000000)
  region size 2048K, 546 young (1118208K), 55 survivors (112640K)
 Metaspace       used 289056K, committed 291648K, reserved 1114112K
  class space    used 37352K, committed 38592K, reserved 851968K
}
Event: 143.739 GC heap after
{Heap after GC invocations=161 (full 0):
 garbage-first heap   total 2287616K, used 766986K [0x0000000700000000, 0x0000000800000000)
  region size 2048K, 47 young (96256K), 47 survivors (96256K)
 Metaspace       used 289056K, committed 291648K, reserved 1114112K
  class space    used 37352K, committed 38592K, reserved 851968K
}
Event: 147.306 GC heap before
{Heap before GC invocations=162 (full 0):
 garbage-first heap   total 2287616K, used 2051082K [0x0000000700000000, 0x0000000800000000)
  region size 2048K, 670 young (1372160K), 47 survivors (96256K)
 Metaspace       used 290343K, committed 292992K, reserved 1114112K
  class space    used 37442K, committed 38720K, reserved 851968K
}
Event: 147.342 GC heap after
{Heap after GC invocations=163 (full 0):
 garbage-first heap   total 2287616K, used 829078K [0x0000000700000000, 0x0000000800000000)
  region size 2048K, 43 young (88064K), 43 survivors (88064K)
 Metaspace       used 290343K, committed 292992K, reserved 1114112K
  class space    used 37442K, committed 38720K, reserved 851968K
}
Event: 148.237 GC heap before
{Heap before GC invocations=163 (full 0):
 garbage-first heap   total 2287616K, used 2074262K [0x0000000700000000, 0x0000000800000000)
  region size 2048K, 648 young (1327104K), 43 survivors (88064K)
 Metaspace       used 292546K, committed 295168K, reserved 1114112K
  class space    used 37649K, committed 38912K, reserved 851968K
}
Event: 148.270 GC heap after
{Heap after GC invocations=164 (full 0):
 garbage-first heap   total 2287616K, used 665600K [0x0000000700000000, 0x0000000800000000)
  region size 2048K, 62 young (126976K), 62 survivors (126976K)
 Metaspace       used 292546K, committed 295168K, reserved 1114112K
  class space    used 37649K, committed 38912K, reserved 851968K
}
Event: 149.293 GC heap before
{Heap before GC invocations=164 (full 0):
 garbage-first heap   total 2287616K, used 1931264K [0x0000000700000000, 0x0000000800000000)
  region size 2048K, 576 young (1179648K), 62 survivors (126976K)
 Metaspace       used 297837K, committed 300416K, reserved 1114112K
  class space    used 38267K, committed 39552K, reserved 851968K
}
Event: 149.408 GC heap after
{Heap after GC invocations=165 (full 0):
 garbage-first heap   total 2357248K, used 1033216K [0x0000000700000000, 0x0000000800000000)
  region size 2048K, 84 young (172032K), 84 survivors (172032K)
 Metaspace       used 297837K, committed 300416K, reserved 1114112K
  class space    used 38267K, committed 39552K, reserved 851968K
}
Event: 151.048 GC heap before
{Heap before GC invocations=166 (full 0):
 garbage-first heap   total 2357248K, used 1801216K [0x0000000700000000, 0x0000000800000000)
  region size 2048K, 529 young (1083392K), 84 survivors (172032K)
 Metaspace       used 305122K, committed 307776K, reserved 1179648K
  class space    used 39024K, committed 40320K, reserved 851968K
}
Event: 151.138 GC heap after
{Heap after GC invocations=167 (full 0):
 garbage-first heap   total 2357248K, used 943104K [0x0000000700000000, 0x0000000800000000)
  region size 2048K, 32 young (65536K), 32 survivors (65536K)
 Metaspace       used 305122K, committed 307776K, reserved 1179648K
  class space    used 39024K, committed 40320K, reserved 851968K
}
Event: 152.009 GC heap before
{Heap before GC invocations=167 (full 0):
 garbage-first heap   total 2357248K, used 1219584K [0x0000000700000000, 0x0000000800000000)
  region size 2048K, 169 young (346112K), 32 survivors (65536K)
 Metaspace       used 312081K, committed 314752K, reserved 1179648K
  class space    used 39968K, committed 41280K, reserved 851968K
}
Event: 152.032 GC heap after
{Heap after GC invocations=168 (full 0):
 garbage-first heap   total 2357248K, used 967168K [0x0000000700000000, 0x0000000800000000)
  region size 2048K, 44 young (90112K), 44 survivors (90112K)
 Metaspace       used 312081K, committed 314752K, reserved 1179648K
  class space    used 39968K, committed 41280K, reserved 851968K
}
Event: 154.176 GC heap before
{Heap before GC invocations=169 (full 0):
 garbage-first heap   total 2357248K, used 2077184K [0x0000000700000000, 0x0000000800000000)
  region size 2048K, 527 young (1079296K), 44 survivors (90112K)
 Metaspace       used 321583K, committed 324288K, reserved 1179648K
  class space    used 40925K, committed 42240K, reserved 851968K
}
Event: 154.204 GC heap after
{Heap after GC invocations=170 (full 0):
 garbage-first heap   total 2357248K, used 911360K [0x0000000700000000, 0x0000000800000000)
  region size 2048K, 32 young (65536K), 32 survivors (65536K)
 Metaspace       used 321583K, committed 324288K, reserved 1179648K
  class space    used 40925K, committed 42240K, reserved 851968K
}
Event: 154.582 GC heap before
{Heap before GC invocations=170 (full 0):
 garbage-first heap   total 2357248K, used 1984512K [0x0000000700000000, 0x0000000800000000)
  region size 2048K, 557 young (1140736K), 32 survivors (65536K)
 Metaspace       used 323140K, committed 325824K, reserved 1179648K
  class space    used 41047K, committed 42368K, reserved 851968K
}
Event: 154.600 GC heap after
{Heap after GC invocations=171 (full 0):
 garbage-first heap   total 2357248K, used 854827K [0x0000000700000000, 0x0000000800000000)
  region size 2048K, 34 young (69632K), 34 survivors (69632K)
 Metaspace       used 323140K, committed 325824K, reserved 1179648K
  class space    used 41047K, committed 42368K, reserved 851968K
}
Event: 154.727 GC heap before
{Heap before GC invocations=171 (full 0):
 garbage-first heap   total 2357248K, used 1307435K [0x0000000700000000, 0x0000000800000000)
  region size 2048K, 257 young (526336K), 34 survivors (69632K)
 Metaspace       used 323151K, committed 325888K, reserved 1179648K
  class space    used 41047K, committed 42368K, reserved 851968K
}
Event: 154.743 GC heap after
{Heap after GC invocations=172 (full 0):
 garbage-first heap   total 2357248K, used 854791K [0x0000000700000000, 0x0000000800000000)
  region size 2048K, 34 young (69632K), 34 survivors (69632K)
 Metaspace       used 323151K, committed 325888K, reserved 1179648K
  class space    used 41047K, committed 42368K, reserved 851968K
}
Event: 155.285 GC heap before
{Heap before GC invocations=173 (full 0):
 garbage-first heap   total 1816576K, used 1561351K [0x0000000700000000, 0x0000000800000000)
  region size 2048K, 532 young (1089536K), 34 survivors (69632K)
 Metaspace       used 323174K, committed 325888K, reserved 1179648K
  class space    used 41048K, committed 42368K, reserved 851968K
}
Event: 155.297 GC heap after
{Heap after GC invocations=174 (full 0):
 garbage-first heap   total 1816576K, used 510831K [0x0000000700000000, 0x0000000800000000)
  region size 2048K, 19 young (38912K), 19 survivors (38912K)
 Metaspace       used 323174K, committed 325888K, reserved 1179648K
  class space    used 41048K, committed 42368K, reserved 851968K
}

Dll operation events (4 events):
Event: 0.008 Loaded shared library C:\Users\usuario\.gradle\jdks\jetbrains_s_r_o_-21-amd64-windows.2\bin\java.dll
Event: 0.031 Loaded shared library C:\Users\usuario\.gradle\jdks\jetbrains_s_r_o_-21-amd64-windows.2\bin\jsvml.dll
Event: 0.043 Loaded shared library C:\Users\usuario\.gradle\jdks\jetbrains_s_r_o_-21-amd64-windows.2\bin\zip.dll
Event: 0.299 Loaded shared library C:\Users\usuario\.gradle\jdks\jetbrains_s_r_o_-21-amd64-windows.2\bin\verify.dll

Deoptimization events (20 events):
Event: 181.656 Thread 0x00000237601a0cf0 DEOPT PACKING pc=0x000002370808ef3c sp=0x0000003b3fcfb690
Event: 181.656 Thread 0x00000237601a0cf0 DEOPT UNPACKING pc=0x00000237074a7ba2 sp=0x0000003b3fcfb620 mode 2
Event: 181.656 Thread 0x00000237601a0cf0 Uncommon trap: trap_request=0xffffff45 fr.pc=0x000002370a3143d4 relative=0x00000000000005f4
Event: 181.656 Thread 0x00000237601a0cf0 Uncommon trap: reason=unstable_if action=reinterpret pc=0x000002370a3143d4 method=org.objectweb.asm.ByteVector.putUTF8(Ljava/lang/String;)Lorg/objectweb/asm/ByteVector; @ 100 c2
Event: 181.656 Thread 0x00000237601a0cf0 DEOPT PACKING pc=0x000002370a3143d4 sp=0x0000003b3fcfb670
Event: 181.656 Thread 0x00000237601a0cf0 DEOPT UNPACKING pc=0x00000237074a7ba2 sp=0x0000003b3fcfb620 mode 2
Event: 181.656 Thread 0x00000237601a0cf0 Uncommon trap: trap_request=0xffffff45 fr.pc=0x0000023707de51a0 relative=0x0000000000000760
Event: 181.656 Thread 0x00000237601a0cf0 Uncommon trap: reason=unstable_if action=reinterpret pc=0x0000023707de51a0 method=org.objectweb.asm.ByteVector.encodeUtf8(Ljava/lang/String;II)Lorg/objectweb/asm/ByteVector; @ 208 c2
Event: 181.656 Thread 0x00000237601a0cf0 DEOPT PACKING pc=0x0000023707de51a0 sp=0x0000003b3fcfb5d0
Event: 181.656 Thread 0x00000237601a0cf0 DEOPT UNPACKING pc=0x00000237074a7ba2 sp=0x0000003b3fcfb578 mode 2
Event: 181.672 Thread 0x00000237601a0cf0 Uncommon trap: trap_request=0xffffffde fr.pc=0x0000023708925d44 relative=0x0000000000000564
Event: 181.672 Thread 0x00000237601a0cf0 Uncommon trap: reason=class_check action=maybe_recompile pc=0x0000023708925d44 method=java.util.LinkedList.toArray([Ljava/lang/Object;)[Ljava/lang/Object; @ 23 c2
Event: 181.672 Thread 0x00000237601a0cf0 DEOPT PACKING pc=0x0000023708925d44 sp=0x0000003b3fcfb7e0
Event: 181.672 Thread 0x00000237601a0cf0 DEOPT UNPACKING pc=0x00000237074a7ba2 sp=0x0000003b3fcfb798 mode 2
Event: 181.679 Thread 0x00000237601a0cf0 Uncommon trap: trap_request=0xffffff45 fr.pc=0x0000023709fb1ae8 relative=0x0000000000001a08
Event: 181.679 Thread 0x00000237601a0cf0 Uncommon trap: reason=unstable_if action=reinterpret pc=0x0000023709fb1ae8 method=org.objectweb.asm.SymbolTable.addConstant(Ljava/lang/Object;)Lorg/objectweb/asm/Symbol; @ 107 c2
Event: 181.679 Thread 0x00000237601a0cf0 DEOPT PACKING pc=0x0000023709fb1ae8 sp=0x0000003b3fcfb870
Event: 181.679 Thread 0x00000237601a0cf0 DEOPT UNPACKING pc=0x00000237074a7ba2 sp=0x0000003b3fcfb840 mode 2
Event: 181.794 Thread 0x00000237601a0cf0 Uncommon trap: trap_request=0xffffff3d fr.pc=0x000002370a523b64 relative=0x0000000000000904
Event: 182.761 Thread 0x00000237601a0cf0 Uncommon trap: reason=unstable_fused_if action=reinterpret pc=0x000002370a523b64 method=org.objectweb.asm.ClassReader.readConst(I[C)Ljava/lang/Object; @ 15 c2

Classes loaded (20 events):
Event: 157.341 Loading class sun/rmi/server/UnicastServerRef$HashToMethod_Maps$1
Event: 157.341 Loading class sun/rmi/server/UnicastServerRef$HashToMethod_Maps$1 done
Event: 157.346 Loading class sun/rmi/server/LoaderHandler$Loader
Event: 157.346 Loading class sun/rmi/server/LoaderHandler$Loader done
Event: 157.348 Loading class java/rmi/server/ServerNotActiveException
Event: 157.348 Loading class java/rmi/server/ServerNotActiveException done
Event: 157.351 Loading class sun/rmi/transport/DGCAckHandler
Event: 157.351 Loading class sun/rmi/transport/DGCAckHandler done
Event: 157.356 Loading class sun/rmi/transport/DGCAckHandler$1
Event: 157.356 Loading class sun/rmi/transport/DGCAckHandler$1 done
Event: 157.375 Loading class sun/rmi/transport/tcp/TCPTransport$ConnectionHandler
Event: 157.375 Loading class sun/rmi/transport/tcp/TCPTransport$ConnectionHandler done
Event: 157.377 Loading class sun/rmi/transport/Transport$1
Event: 157.377 Loading class sun/rmi/transport/Transport$1 done
Event: 157.377 Loading class sun/rmi/transport/DGCImpl$LeaseInfo
Event: 157.378 Loading class sun/rmi/transport/DGCImpl$LeaseInfo done
Event: 157.378 Loading class sun/rmi/transport/DGCImpl$1
Event: 157.378 Loading class sun/rmi/transport/DGCImpl$1 done
Event: 157.378 Loading class sun/rmi/transport/SequenceEntry
Event: 157.378 Loading class sun/rmi/transport/SequenceEntry done

Classes unloaded (20 events):
Event: 28.988 Thread 0x000002371593c7d0 Unloading class 0x0000023719bacc00 'java/lang/invoke/LambdaForm$DMH+0x0000023719bacc00'
Event: 28.988 Thread 0x000002371593c7d0 Unloading class 0x0000023719badc00 'java/lang/invoke/LambdaForm$DMH+0x0000023719badc00'
Event: 28.988 Thread 0x000002371593c7d0 Unloading class 0x0000023719bac800 'java/lang/invoke/LambdaForm$DMH+0x0000023719bac800'
Event: 28.988 Thread 0x000002371593c7d0 Unloading class 0x0000023719b00800 'java/lang/invoke/LambdaForm$DMH+0x0000023719b00800'
Event: 28.988 Thread 0x000002371593c7d0 Unloading class 0x0000023719b00400 'java/lang/invoke/LambdaForm$DMH+0x0000023719b00400'
Event: 28.988 Thread 0x000002371593c7d0 Unloading class 0x0000023719b01000 'java/lang/invoke/LambdaForm$DMH+0x0000023719b01000'
Event: 28.988 Thread 0x000002371593c7d0 Unloading class 0x0000023719b00c00 'java/lang/invoke/LambdaForm$DMH+0x0000023719b00c00'
Event: 31.053 Thread 0x000002371593c7d0 Unloading class 0x0000023719ccd800 'java/lang/invoke/LambdaForm$MH+0x0000023719ccd800'
Event: 31.053 Thread 0x000002371593c7d0 Unloading class 0x0000023719cccc00 'java/lang/invoke/LambdaForm$DMH+0x0000023719cccc00'
Event: 31.053 Thread 0x000002371593c7d0 Unloading class 0x0000023719ccc400 'java/lang/invoke/LambdaForm$DMH+0x0000023719ccc400'
Event: 31.053 Thread 0x000002371593c7d0 Unloading class 0x0000023719ca4800 'java/lang/invoke/LambdaForm$DMH+0x0000023719ca4800'
Event: 31.053 Thread 0x000002371593c7d0 Unloading class 0x0000023719c68c00 'java/lang/invoke/LambdaForm$DMH+0x0000023719c68c00'
Event: 31.053 Thread 0x000002371593c7d0 Unloading class 0x0000023719c68800 'java/lang/invoke/LambdaForm$DMH+0x0000023719c68800'
Event: 31.053 Thread 0x000002371593c7d0 Unloading class 0x0000023719c58400 'java/lang/invoke/LambdaForm$DMH+0x0000023719c58400'
Event: 67.663 Thread 0x000002371593c7d0 Unloading class 0x0000023719dacc00 'java/lang/invoke/LambdaForm$DMH+0x0000023719dacc00'
Event: 67.663 Thread 0x000002371593c7d0 Unloading class 0x0000023719dac000 'java/lang/invoke/LambdaForm$DMH+0x0000023719dac000'
Event: 67.663 Thread 0x000002371593c7d0 Unloading class 0x0000023719dac800 'java/lang/invoke/LambdaForm$DMH+0x0000023719dac800'
Event: 152.297 Thread 0x000002371593c7d0 Unloading class 0x0000023719d9c000 'java/lang/invoke/LambdaForm$MH+0x0000023719d9c000'
Event: 152.297 Thread 0x000002371593c7d0 Unloading class 0x0000023719d64800 'java/lang/invoke/LambdaForm$MH+0x0000023719d64800'
Event: 152.297 Thread 0x000002371593c7d0 Unloading class 0x000002371951c000 'java/lang/invoke/LambdaForm$MH+0x000002371951c000'

Classes redefined (0 events):
No events

Internal exceptions (20 events):
Event: 173.825 Thread 0x0000023776b17bb0 Exception <a 'sun/nio/fs/WindowsException'{0x0000000777fcc148}> (0x0000000777fcc148) 
thrown [s\src\hotspot\share\prims\jni.cpp, line 537]
Event: 173.827 Thread 0x0000023776b17bb0 Exception <a 'sun/nio/fs/WindowsException'{0x0000000777fd3f08}> (0x0000000777fd3f08) 
thrown [s\src\hotspot\share\prims\jni.cpp, line 537]
Event: 178.439 Thread 0x000002375666b340 Exception <a 'sun/nio/fs/WindowsException'{0x0000000777d41398}> (0x0000000777d41398) 
thrown [s\src\hotspot\share\prims\jni.cpp, line 537]
Event: 178.440 Thread 0x000002375666b340 Exception <a 'sun/nio/fs/WindowsException'{0x0000000777d746e8}> (0x0000000777d746e8) 
thrown [s\src\hotspot\share\prims\jni.cpp, line 537]
Event: 178.447 Thread 0x000002375666b340 Exception <a 'sun/nio/fs/WindowsException'{0x0000000777d80528}> (0x0000000777d80528) 
thrown [s\src\hotspot\share\prims\jni.cpp, line 537]
Event: 178.448 Thread 0x000002375666b340 Exception <a 'sun/nio/fs/WindowsException'{0x0000000777d87740}> (0x0000000777d87740) 
thrown [s\src\hotspot\share\prims\jni.cpp, line 537]
Event: 178.449 Thread 0x000002375666b340 Exception <a 'sun/nio/fs/WindowsException'{0x0000000777d97bf0}> (0x0000000777d97bf0) 
thrown [s\src\hotspot\share\prims\jni.cpp, line 537]
Event: 178.450 Thread 0x000002375666b340 Exception <a 'sun/nio/fs/WindowsException'{0x0000000777da2b98}> (0x0000000777da2b98) 
thrown [s\src\hotspot\share\prims\jni.cpp, line 537]
Event: 179.537 Thread 0x000002376019aa80 Exception <a 'sun/nio/fs/WindowsException'{0x00000007775fca48}> (0x00000007775fca48) 
thrown [s\src\hotspot\share\prims\jni.cpp, line 537]
Event: 180.497 Thread 0x000002376019aa80 Exception <a 'sun/nio/fs/WindowsException'{0x0000000777236390}> (0x0000000777236390) 
thrown [s\src\hotspot\share\prims\jni.cpp, line 537]
Event: 180.507 Thread 0x00000237601a0cf0 Exception <a 'sun/nio/fs/WindowsException'{0x0000000777306b20}> (0x0000000777306b20) 
thrown [s\src\hotspot\share\prims\jni.cpp, line 537]
Event: 180.507 Thread 0x00000237601a0cf0 Exception <a 'sun/nio/fs/WindowsException'{0x0000000777309798}> (0x0000000777309798) 
thrown [s\src\hotspot\share\prims\jni.cpp, line 537]
Event: 180.507 Thread 0x00000237601a0cf0 Exception <a 'sun/nio/fs/WindowsException'{0x000000077730c240}> (0x000000077730c240) 
thrown [s\src\hotspot\share\prims\jni.cpp, line 537]
Event: 180.508 Thread 0x00000237601a0cf0 Exception <a 'java/lang/NoSuchMethodError'{0x000000077731b208}: static Ljava/lang/Object;.<clinit>()V> (0x000000077731b208) 
thrown [s\src\hotspot\share\prims\jni.cpp, line 1144]
Event: 180.510 Thread 0x00000237601a0cf0 Exception <a 'sun/nio/fs/WindowsException'{0x000000077702bca8}> (0x000000077702bca8) 
thrown [s\src\hotspot\share\prims\jni.cpp, line 537]
Event: 180.511 Thread 0x00000237601a0cf0 Exception <a 'sun/nio/fs/WindowsException'{0x0000000777030388}> (0x0000000777030388) 
thrown [s\src\hotspot\share\prims\jni.cpp, line 537]
Event: 180.534 Thread 0x00000237601a0cf0 Implicit null exception at 0x00000237080923c8 to 0x00000237080928bc
Event: 180.534 Thread 0x00000237601a0cf0 Implicit null exception at 0x0000023708092f83 to 0x0000023708093b6c
Event: 180.949 Thread 0x000002375179ecf0 Exception <a 'sun/nio/fs/WindowsException'{0x0000000775e69ab0}> (0x0000000775e69ab0) 
thrown [s\src\hotspot\share\prims\jni.cpp, line 537]
Event: 181.646 Thread 0x00000237601a0cf0 Implicit null exception at 0x000002370a435c02 to 0x000002370a438880

ZGC Phase Switch (0 events):
No events

VM Operations (20 events):
Event: 161.284 Executing safepoint VM operation: Cleanup done
Event: 173.290 Executing safepoint VM operation: Cleanup
Event: 173.291 Executing safepoint VM operation: Cleanup done
Event: 174.291 Executing safepoint VM operation: Cleanup
Event: 174.291 Executing safepoint VM operation: Cleanup done
Event: 179.293 Executing safepoint VM operation: Cleanup
Event: 179.468 Executing safepoint VM operation: Cleanup done
Event: 180.497 Executing non-safepoint VM operation: HandshakeAllThreads (HandshakeForDeflation)
Event: 180.505 Executing non-safepoint VM operation: HandshakeAllThreads (HandshakeForDeflation) done
Event: 180.505 Executing safepoint VM operation: Cleanup
Event: 180.505 Executing safepoint VM operation: Cleanup done
Event: 180.505 Executing non-safepoint VM operation: HandshakeAllThreads (Deoptimize)
Event: 180.505 Executing non-safepoint VM operation: HandshakeAllThreads (Deoptimize) done
Event: 180.505 Executing non-safepoint VM operation: RendezvousGCThreads
Event: 180.505 Executing non-safepoint VM operation: RendezvousGCThreads done
Event: 180.530 Executing non-safepoint VM operation: HandshakeAllThreads (Deoptimize)
Event: 180.530 Executing non-safepoint VM operation: HandshakeAllThreads (Deoptimize) done
Event: 181.531 Executing safepoint VM operation: Cleanup
Event: 181.593 Executing safepoint VM operation: Cleanup done
Event: 182.593 Executing safepoint VM operation: Cleanup

Memory protections (0 events):
No events

Nmethod flushes (20 events):
Event: 154.935 Thread 0x000002371593c7d0 flushing  nmethod 0x0000023703b9b110
Event: 154.935 Thread 0x000002371593c7d0 flushing  nmethod 0x0000023703b9e910
Event: 154.935 Thread 0x000002371593c7d0 flushing  nmethod 0x0000023703b9f110
Event: 154.935 Thread 0x000002371593c7d0 flushing  nmethod 0x0000023703c53790
Event: 154.935 Thread 0x000002371593c7d0 flushing  nmethod 0x0000023703c57f10
Event: 154.935 Thread 0x000002371593c7d0 flushing  nmethod 0x0000023703c58d10
Event: 154.935 Thread 0x000002371593c7d0 flushing  nmethod 0x0000023703c59590
Event: 154.935 Thread 0x000002371593c7d0 flushing  nmethod 0x0000023703c59b10
Event: 154.935 Thread 0x000002371593c7d0 flushing  nmethod 0x0000023703c5a790
Event: 154.935 Thread 0x000002371593c7d0 flushing  nmethod 0x0000023703c5af10
Event: 154.935 Thread 0x000002371593c7d0 flushing  nmethod 0x0000023703c5c810
Event: 154.935 Thread 0x000002371593c7d0 flushing  nmethod 0x0000023703cbc890
Event: 154.935 Thread 0x000002371593c7d0 flushing  nmethod 0x0000023703cc1410
Event: 154.935 Thread 0x000002371593c7d0 flushing  nmethod 0x0000023703cc1b90
Event: 154.935 Thread 0x000002371593c7d0 flushing  nmethod 0x0000023704108c10
Event: 154.935 Thread 0x000002371593c7d0 flushing  nmethod 0x0000023704515c10
Event: 154.935 Thread 0x000002371593c7d0 flushing  nmethod 0x0000023704516e10
Event: 154.935 Thread 0x000002371593c7d0 flushing  nmethod 0x0000023704524190
Event: 154.935 Thread 0x000002371593c7d0 flushing  nmethod 0x0000023704a61e10
Event: 154.935 Thread 0x000002371593c7d0 flushing  nmethod 0x0000023704a9c110

Events (20 events):
Event: 162.378 Thread 0x00000237807f0c40 Thread exited: 0x00000237807f0c40
Event: 162.378 Thread 0x000002375452d630 Thread exited: 0x000002375452d630
Event: 164.823 Thread 0x000002375452c890 Thread exited: 0x000002375452c890
Event: 164.823 Thread 0x0000023766f8e4c0 Thread exited: 0x0000023766f8e4c0
Event: 164.823 Thread 0x000002375452e3d0 Thread exited: 0x000002375452e3d0
Event: 165.438 Thread 0x000002375470daf0 Thread exited: 0x000002375470daf0
Event: 167.273 Thread 0x0000023766f906d0 Thread exited: 0x0000023766f906d0
Event: 169.438 Thread 0x000002375470fbc0 Thread exited: 0x000002375470fbc0
Event: 173.439 Thread 0x000002375470e810 Thread exited: 0x000002375470e810
Event: 173.770 Thread 0x0000023715977ea0 Thread added: 0x0000023781021b70
Event: 177.439 Thread 0x0000023758cac6b0 Thread exited: 0x0000023758cac6b0
Event: 178.434 Thread 0x0000023781021b70 Thread added: 0x0000023759c87e00
Event: 178.434 Thread 0x0000023781021b70 Thread added: 0x0000023774606360
Event: 178.434 Thread 0x0000023781021b70 Thread added: 0x0000023774604150
Event: 180.532 Thread 0x0000023715977ea0 Thread added: 0x0000023766934830
Event: 180.532 Thread 0x0000023715977ea0 Thread added: 0x0000023766931f50
Event: 180.532 Thread 0x0000023715977ea0 Thread added: 0x00000237669311b0
Event: 180.537 Thread 0x0000023715977ea0 Thread added: 0x0000023766932cf0
Event: 180.545 Thread 0x0000023766934830 Thread added: 0x000002376a7eb250
Event: 180.562 Thread 0x0000023715977ea0 Thread added: 0x0000023766931880


Dynamic libraries:
0x00007ff614380000 - 0x00007ff61438a000 	C:\Users\usuario\.gradle\jdks\jetbrains_s_r_o_-21-amd64-windows.2\bin\java.exe
0x00007ffbb8a20000 - 0x00007ffbb8c87000 	C:\WINDOWS\SYSTEM32\ntdll.dll
0x00007ffbb7960000 - 0x00007ffbb7a29000 	C:\WINDOWS\System32\KERNEL32.DLL
0x00007ffbb5660000 - 0x00007ffbb5a51000 	C:\WINDOWS\System32\KERNELBASE.dll
0x00007ffbb5a60000 - 0x00007ffbb5bab000 	C:\WINDOWS\System32\ucrtbase.dll
0x00007ffba71d0000 - 0x00007ffba71eb000 	C:\Users\usuario\.gradle\jdks\jetbrains_s_r_o_-21-amd64-windows.2\bin\VCRUNTIME140.dll
0x00007ffba7760000 - 0x00007ffba7778000 	C:\Users\usuario\.gradle\jdks\jetbrains_s_r_o_-21-amd64-windows.2\bin\jli.dll
0x00007ffbb76f0000 - 0x00007ffbb78b5000 	C:\WINDOWS\System32\USER32.dll
0x00007ffba4ed0000 - 0x00007ffba5163000 	C:\WINDOWS\WinSxS\amd64_microsoft.windows.common-controls_6595b64144ccf1df_6.0.26100.7922_none_3e089e1ee3342171\COMCTL32.dll
0x00007ffbb54e0000 - 0x00007ffbb5507000 	C:\WINDOWS\System32\win32u.dll
0x00007ffbb82a0000 - 0x00007ffbb8349000 	C:\WINDOWS\System32\msvcrt.dll
0x00007ffbb6aa0000 - 0x00007ffbb6acb000 	C:\WINDOWS\System32\GDI32.dll
0x00007ffbb53b0000 - 0x00007ffbb54da000 	C:\WINDOWS\System32\gdi32full.dll
0x00007ffbb5bb0000 - 0x00007ffbb5c53000 	C:\WINDOWS\System32\msvcp_win.dll
0x00007ffbb6f40000 - 0x00007ffbb6f71000 	C:\WINDOWS\System32\IMM32.DLL
0x00007ffba7070000 - 0x00007ffba707c000 	C:\Users\usuario\.gradle\jdks\jetbrains_s_r_o_-21-amd64-windows.2\bin\vcruntime140_1.dll
0x00007ffb84f40000 - 0x00007ffb84fcd000 	C:\Users\usuario\.gradle\jdks\jetbrains_s_r_o_-21-amd64-windows.2\bin\msvcp140.dll
0x00007ffb00f60000 - 0x00007ffb01d2d000 	C:\Users\usuario\.gradle\jdks\jetbrains_s_r_o_-21-amd64-windows.2\bin\server\jvm.dll
0x00007ffbb7a30000 - 0x00007ffbb7aeb000 	C:\WINDOWS\System32\ADVAPI32.dll
0x00007ffbb6c70000 - 0x00007ffbb6d17000 	C:\WINDOWS\System32\sechost.dll
0x00007ffbb8180000 - 0x00007ffbb8298000 	C:\WINDOWS\System32\RPCRT4.dll
0x00007ffbb6a10000 - 0x00007ffbb6a84000 	C:\WINDOWS\System32\WS2_32.dll
0x00007ffbb5160000 - 0x00007ffbb51be000 	C:\WINDOWS\SYSTEM32\POWRPROF.dll
0x00007ffbab260000 - 0x00007ffbab26b000 	C:\WINDOWS\SYSTEM32\VERSION.dll
0x00007ffbac470000 - 0x00007ffbac4a5000 	C:\WINDOWS\SYSTEM32\WINMM.dll
0x00007ffbb5140000 - 0x00007ffbb5154000 	C:\WINDOWS\SYSTEM32\UMPDC.dll
0x00007ffbb4050000 - 0x00007ffbb406b000 	C:\WINDOWS\SYSTEM32\kernel.appcore.dll
0x00007ffba7060000 - 0x00007ffba706a000 	C:\Users\usuario\.gradle\jdks\jetbrains_s_r_o_-21-amd64-windows.2\bin\jimage.dll
0x00007ffbab470000 - 0x00007ffbab6b2000 	C:\WINDOWS\SYSTEM32\DBGHELP.DLL
0x00007ffbb7af0000 - 0x00007ffbb7e72000 	C:\WINDOWS\System32\combase.dll
0x00007ffbb6e50000 - 0x00007ffbb6f27000 	C:\WINDOWS\System32\OLEAUT32.dll
0x00007ffba11d0000 - 0x00007ffba120b000 	C:\WINDOWS\SYSTEM32\dbgcore.DLL
0x00007ffbb5300000 - 0x00007ffbb53a5000 	C:\WINDOWS\System32\bcryptPrimitives.dll
0x00007ffba6c90000 - 0x00007ffba6c9e000 	C:\Users\usuario\.gradle\jdks\jetbrains_s_r_o_-21-amd64-windows.2\bin\instrument.dll
0x00007ffba57d0000 - 0x00007ffba57f0000 	C:\Users\usuario\.gradle\jdks\jetbrains_s_r_o_-21-amd64-windows.2\bin\java.dll
0x00007ffbb6f80000 - 0x00007ffbb76df000 	C:\WINDOWS\System32\SHELL32.dll
0x00007ffbb64d0000 - 0x00007ffbb663a000 	C:\WINDOWS\System32\wintypes.dll
0x00007ffbb5c60000 - 0x00007ffbb64c4000 	C:\WINDOWS\System32\windows.storage.dll
0x00007ffbb6ad0000 - 0x00007ffbb6bc7000 	C:\WINDOWS\System32\SHCORE.dll
0x00007ffbb69a0000 - 0x00007ffbb6a07000 	C:\WINDOWS\System32\shlwapi.dll
0x00007ffbb5220000 - 0x00007ffbb5249000 	C:\WINDOWS\SYSTEM32\profapi.dll
0x00007ffb5dec0000 - 0x00007ffb5df97000 	C:\Users\usuario\.gradle\jdks\jetbrains_s_r_o_-21-amd64-windows.2\bin\jsvml.dll
0x00007ffba57a0000 - 0x00007ffba57b8000 	C:\Users\usuario\.gradle\jdks\jetbrains_s_r_o_-21-amd64-windows.2\bin\zip.dll
0x00007ffba6bc0000 - 0x00007ffba6bd0000 	C:\Users\usuario\.gradle\jdks\jetbrains_s_r_o_-21-amd64-windows.2\bin\net.dll
0x00007ffbac4e0000 - 0x00007ffbac607000 	C:\WINDOWS\SYSTEM32\WINHTTP.dll
0x00007ffbb45a0000 - 0x00007ffbb460b000 	C:\WINDOWS\system32\mswsock.dll
0x00007ffba4300000 - 0x00007ffba4316000 	C:\Users\usuario\.gradle\jdks\jetbrains_s_r_o_-21-amd64-windows.2\bin\nio.dll
0x00007ffba30b0000 - 0x00007ffba30c0000 	C:\Users\usuario\.gradle\jdks\jetbrains_s_r_o_-21-amd64-windows.2\bin\verify.dll
0x00007ffbb0410000 - 0x00007ffbb0437000 	C:\Users\usuario\.gradle\native\660c5614fbf4a5f2a75b1949f50a0caf5cd603558e7d8a26e50b933a0cfb79d1\windows-amd64\native-platform.dll
0x00007ffb9dfb0000 - 0x00007ffb9e027000 	C:\Users\usuario\.gradle\native\0.2.8\x86_64-windows-gnu\gradle-fileevents.dll
0x00007ffba30a0000 - 0x00007ffba30a9000 	C:\Users\usuario\.gradle\jdks\jetbrains_s_r_o_-21-amd64-windows.2\bin\management.dll
0x00007ffba1110000 - 0x00007ffba111b000 	C:\Users\usuario\.gradle\jdks\jetbrains_s_r_o_-21-amd64-windows.2\bin\management_ext.dll
0x00007ffbb6a90000 - 0x00007ffbb6a98000 	C:\WINDOWS\System32\PSAPI.DLL
0x00007ffbb3a40000 - 0x00007ffbb3a73000 	C:\WINDOWS\SYSTEM32\IPHLPAPI.DLL
0x00007ffbb6bd0000 - 0x00007ffbb6bda000 	C:\WINDOWS\System32\NSI.dll
0x00007ffba1100000 - 0x00007ffba1109000 	C:\Users\usuario\.gradle\jdks\jetbrains_s_r_o_-21-amd64-windows.2\bin\extnet.dll
0x00007ffbb49a0000 - 0x00007ffbb49bb000 	C:\WINDOWS\SYSTEM32\CRYPTSP.dll
0x00007ffbb3fb0000 - 0x00007ffbb3fe9000 	C:\WINDOWS\system32\rsaenh.dll
0x00007ffbb4650000 - 0x00007ffbb4682000 	C:\WINDOWS\SYSTEM32\USERENV.dll
0x00007ffbb51f0000 - 0x00007ffbb521a000 	C:\WINDOWS\SYSTEM32\bcrypt.dll
0x00007ffbb4800000 - 0x00007ffbb480c000 	C:\WINDOWS\SYSTEM32\CRYPTBASE.dll
0x00007ffba10f0000 - 0x00007ffba10fe000 	C:\Users\usuario\.gradle\jdks\jetbrains_s_r_o_-21-amd64-windows.2\bin\sunmscapi.dll
0x00007ffbb6640000 - 0x00007ffbb67b7000 	C:\WINDOWS\System32\CRYPT32.dll
0x00007ffbb4b00000 - 0x00007ffbb4b30000 	C:\WINDOWS\SYSTEM32\ncrypt.dll
0x00007ffbb4ab0000 - 0x00007ffbb4aef000 	C:\WINDOWS\SYSTEM32\NTASN1.dll
0x00007ffb81550000 - 0x00007ffb81558000 	C:\WINDOWS\system32\wshunix.dll
0x00007ffbb3a80000 - 0x00007ffbb3baa000 	C:\WINDOWS\SYSTEM32\DNSAPI.dll
0x00007ffbaa9a0000 - 0x00007ffbaa9ab000 	C:\Windows\System32\rasadhlp.dll
0x00007ffbab3e0000 - 0x00007ffbab466000 	C:\WINDOWS\System32\fwpuclnt.dll
0x00007ffba91c0000 - 0x00007ffba9201000 	C:\Users\usuario\AppData\Local\Temp\jna--132844754\jna4514025099735167141.dll
0x00007ffbb4170000 - 0x00007ffbb41a6000 	C:\WINDOWS\SYSTEM32\ntmarta.dll
0x00007ffbb2c50000 - 0x00007ffbb2cef000 	C:\WINDOWS\system32\apphelp.dll
0x00007ffb6f2b0000 - 0x00007ffb6f449000 	C:\Users\usuario\.gradle\jdks\jetbrains_s_r_o_-21-amd64-windows.2\bin\awt.dll
0x00007ffbb3020000 - 0x00007ffbb304e000 	C:\WINDOWS\SYSTEM32\dwmapi.dll
0x00007ffb9a060000 - 0x00007ffb9a0d6000 	C:\WINDOWS\SYSTEM32\OLEACC.dll
0x00007ffb9d350000 - 0x00007ffb9d394000 	C:\Users\usuario\.gradle\jdks\jetbrains_s_r_o_-21-amd64-windows.2\bin\nvdaControllerClient64.dll
0x00007ffbb2d80000 - 0x00007ffbb2e2a000 	C:\WINDOWS\system32\uxtheme.dll
0x00007ffbb8020000 - 0x00007ffbb817d000 	C:\WINDOWS\System32\MSCTF.dll
0x00007ffbb8840000 - 0x00007ffbb89d5000 	C:\WINDOWS\System32\ole32.dll
0x00007ffb9c840000 - 0x00007ffb9c929000 	C:\Users\usuario\AppData\Local\Temp\sqlite-3.41.2.2-ee2b9b56-5bc6-41cb-a26e-1de2c1dd3204-sqlitejdbc.dll
0x00007ffb9aac0000 - 0x00007ffb9aba9000 	C:\Users\usuario\AppData\Local\Temp\sqlite-3.41.2.2-322bbb97-2375-40b2-bc04-48b55b7c5051-sqlitejdbc.dll
0x00007ffbb03b0000 - 0x00007ffbb03b7000 	C:\Users\usuario\.gradle\jdks\jetbrains_s_r_o_-21-amd64-windows.2\bin\rmi.dll

JVMTI agents:
C:\Users\usuario\.gradle\wrapper\dists\gradle-9.3.1-bin\23ovyewtku6u96viwx3xl3oks\gradle-9.3.1\lib\agents\gradle-instrumentation-agent-9.3.1.jar path:C:\Users\usuario\.gradle\jdks\jetbrains_s_r_o_-21-amd64-windows.2\bin\instrument.dll, loaded, initialized, instrumentlib options:none

dbghelp: loaded successfully - version: 4.0.5 - missing functions: none
symbol engine: initialized successfully - sym options: 0x614 - pdb path: .;C:\Users\usuario\.gradle\jdks\jetbrains_s_r_o_-21-amd64-windows.2\bin;C:\WINDOWS\SYSTEM32;C:\WINDOWS\WinSxS\amd64_microsoft.windows.common-controls_6595b64144ccf1df_6.0.26100.7922_none_3e089e1ee3342171;C:\Users\usuario\.gradle\jdks\jetbrains_s_r_o_-21-amd64-windows.2\bin\server;C:\Users\usuario\.gradle\native\660c5614fbf4a5f2a75b1949f50a0caf5cd603558e7d8a26e50b933a0cfb79d1\windows-amd64;C:\Users\usuario\.gradle\native\0.2.8\x86_64-windows-gnu;C:\Users\usuario\AppData\Local\Temp\jna--132844754;C:\Users\usuario\AppData\Local\Temp

VM Arguments:
jvm_args: --add-opens=java.base/java.lang=ALL-UNNAMED --add-opens=java.base/java.lang.invoke=ALL-UNNAMED --add-opens=java.base/java.util=ALL-UNNAMED --add-opens=java.prefs/java.util.prefs=ALL-UNNAMED --add-exports=jdk.compiler/com.sun.tools.javac.api=ALL-UNNAMED --add-exports=jdk.compiler/com.sun.tools.javac.util=ALL-UNNAMED --add-opens=java.base/java.util=ALL-UNNAMED --add-opens=java.prefs/java.util.prefs=ALL-UNNAMED --add-opens=java.base/java.nio.charset=ALL-UNNAMED --add-opens=java.base/java.net=ALL-UNNAMED --add-opens=java.base/java.util.concurrent=ALL-UNNAMED --add-opens=java.base/java.util.concurrent.atomic=ALL-UNNAMED --add-opens=java.xml/javax.xml.namespace=ALL-UNNAMED --add-opens=java.base/java.time=ALL-UNNAMED -XX:MaxMetaspaceSize=1g -XX:+HeapDumpOnOutOfMemoryError -Xmx4g -Dfile.encoding=UTF-8 -Duser.country=PE -Duser.language=es -Duser.variant -javaagent:C:\Users\usuario\.gradle\wrapper\dists\gradle-9.3.1-bin\23ovyewtku6u96viwx3xl3oks\gradle-9.3.1\lib\agents\gradle-instrumentation-agent-9.3.1.jar 
java_command: org.gradle.launcher.daemon.bootstrap.GradleDaemon 9.3.1
java_class_path (initial): C:\Users\usuario\.gradle\wrapper\dists\gradle-9.3.1-bin\23ovyewtku6u96viwx3xl3oks\gradle-9.3.1\lib\gradle-daemon-main-9.3.1.jar
Launcher Type: SUN_STANDARD

[Global flags]
     intx CICompilerCount                          = 12                                        {product} {ergonomic}
   size_t CompressedClassSpaceSize                 = 872415232                                 {product} {ergonomic}
     uint ConcGCThreads                            = 3                                         {product} {ergonomic}
     uint G1ConcRefinementThreads                  = 13                                        {product} {ergonomic}
   size_t G1HeapRegionSize                         = 2097152                                   {product} {ergonomic}
    uintx GCDrainStackTargetSize                   = 64                                        {product} {ergonomic}
     bool HeapDumpOnOutOfMemoryError               = true                                   {manageable} {command line}
   size_t InitialHeapSize                          = 257949696                                 {product} {ergonomic}
   size_t MarkStackSize                            = 4194304                                   {product} {ergonomic}
   size_t MaxHeapSize                              = 4294967296                                {product} {command line}
   size_t MaxMetaspaceSize                         = 1073741824                                {product} {command line}
   size_t MaxNewSize                               = 2575302656                                {product} {ergonomic}
   size_t MinHeapDeltaBytes                        = 2097152                                   {product} {ergonomic}
   size_t MinHeapSize                              = 8388608                                   {product} {ergonomic}
    uintx NonNMethodCodeHeapSize                   = 7602480                                {pd product} {ergonomic}
    uintx NonProfiledCodeHeapSize                  = 122027880                              {pd product} {ergonomic}
    uintx ProfiledCodeHeapSize                     = 122027880                              {pd product} {ergonomic}
    uintx ReservedCodeCacheSize                    = 251658240                              {pd product} {ergonomic}
     bool SegmentedCodeCache                       = true                                      {product} {ergonomic}
   size_t SoftMaxHeapSize                          = 4294967296                             {manageable} {ergonomic}
     bool UseCompressedOops                        = true                           {product lp64_product} {ergonomic}
     bool UseG1GC                                  = true                                      {product} {ergonomic}
     bool UseLargePagesIndividualAllocation        = false                                  {pd product} {ergonomic}

Logging:
Log output configuration:
 #0: stdout all=warning uptime,level,tags foldmultilines=false
 #1: stderr all=off uptime,level,tags foldmultilines=false

Release file:
JAVA_VERSION="21.0.10" 
MODULES="java.base java.datatransfer java.xml java.prefs java.desktop gluegen.rt java.compiler java.instrument java.logging java.management java.security.sasl java.naming java.rmi java.management.rmi java.net.http java.scripting java.security.jgss java.transaction.xa java.sql java.sql.rowset java.xml.crypto java.se java.smartcardio jogl.all jcef jdk.accessibility jdk.internal.jvmstat jdk.attach jdk.charsets jdk.internal.opt jdk.zipfs jdk.compiler jdk.crypto.ec jdk.crypto.cryptoki jdk.crypto.mscapi jdk.dynalink jdk.internal.ed jdk.editpad jdk.hotspot.agent jdk.httpserver jdk.incubator.vector jdk.internal.le jdk.internal.vm.ci jdk.internal.vm.compiler jdk.internal.vm.compiler.management jdk.jartool jdk.javadoc jdk.jcmd jdk.management jdk.management.agent jdk.jconsole jdk.jdeps jdk.jdwp.agent jdk.jdi jdk.jfr jdk.jlink jdk.jpackage jdk.jshell jdk.jsobject jdk.jstatd jdk.localedata jdk.management.jfr jdk.naming.dns jdk.naming.rmi jdk.net jdk.nio.mapmode jdk.random jdk.sctp jdk.security.auth jdk.security.jgss jdk.unsupported jdk.unsupported.desktop jdk.xml.dom" 
IMPLEMENTOR="JetBrains s.r.o." 
IMPLEMENTOR_VERSION="JBRSDK-21.0.10+1-1163.105-jcef" 
JAVA_RUNTIME_VERSION="21.0.10+1-b1163.105" 
LIBC="default" 
OS_ARCH="x86_64" 
OS_NAME="Windows" 
SOURCE=".:git:523c874eb177+ jcef_git:git:4a605f44671a" 
JCEF_VERSION="137.0.17.1107+ge397b56" 
JCEF_COMMIT_HASH="e397b569415d3c67b114495985454e5201955573" 

Environment Variables:
PATH=C:\Program Files (x86)\Common Files\Oracle\Java\java8path;C:\Program Files (x86)\Common Files\Oracle\Java\javapath;C:\Program Files\Python313\Scripts\;C:\Program Files\Python313\;C:\WINDOWS\system32;C:\WINDOWS;C:\WINDOWS\System32\Wbem;C:\WINDOWS\System32\WindowsPowerShell\v1.0\;C:\WINDOWS\System32\OpenSSH\;C:\Users\usuario\AppData\Roaming\Python\Python313t\Scripts;C:\Program Files\Git\cmd;C:\Users\usuario\AppData\Local\Programs\Python\Launcher\;C:\Users\usuario\AppData\Local\Microsoft\WindowsApps;C:\Users\usuario\AppData\Local\Programs\Microsoft VS Code\bin;C:\Users\usuario\AppData\Local\Programs\Antigravity\bin
USERNAME=usuario
OS=Windows_NT
PROCESSOR_IDENTIFIER=AMD64 Family 25 Model 117 Stepping 2, AuthenticAMD
TMP=C:\Users\usuario\AppData\Local\Temp
TEMP=C:\Users\usuario\AppData\Local\Temp




Periodic native trim disabled

JNI global refs:
JNI global refs: 56, weak refs: 110

JNI global refs memory usage: 835, weak refs: 1529

Process memory usage:
Resident Set Size: 2929796K (18% of 16103236K total physical memory with 2304028K free physical memory)

OOME stack traces (most recent first):
Classloader memory used:
Loader org.gradle.internal.classloader.VisitableURLClassLoader                         : 115M
Loader java.net.URLClassLoader                                                         : 98398K
Loader org.gradle.internal.classloader.VisitableURLClassLoader$InstrumentingVisitableURLClassLoader: 73515K
Loader bootstrap                                                                       : 22387K
Loader org.gradle.initialization.MixInLegacyTypesClassLoader                           : 12429K
Loader jdk.internal.loader.ClassLoaders$PlatformClassLoader                            : 879K
Loader jdk.internal.reflect.DelegatingClassLoader                                      : 696K
Loader jdk.internal.jrtfs.JrtFileSystemProvider$JrtFsLoader                            : 686K
Loader org.gradle.internal.classloader.VisitableURLClassLoader                         : 267K
Loader jdk.internal.loader.ClassLoaders$AppClassLoader                                 : 235K
Loader sun.reflect.misc.MethodUtil                                                     : 3080B

Classes loaded by more than one classloader:
Class Program                                                                         : loaded 5 times (x 72B)
Class com.google.common.collect.ImmutableCollection                                   : loaded 4 times (x 125B)
Class com.google.common.collect.ImmutableList                                         : loaded 4 times (x 206B)
Class kotlin.NotImplementedError                                                      : loaded 3 times (x 82B)
Class kotlin.text.StringsKt__StringsKt                                                : loaded 3 times (x 71B)
Class com.google.common.collect.RegularImmutableMap$KeySet                            : loaded 3 times (x 152B)
Class com.google.common.base.PairwiseEquivalence                                      : loaded 3 times (x 83B)
Class com.google.common.base.Equivalence$Identity                                     : loaded 3 times (x 82B)
Class com.google.common.collect.Iterables                                             : loaded 3 times (x 71B)
Class com.google.common.base.Splitter$Strategy                                        : loaded 3 times (x 70B)
Class com.google.common.collect.LexicographicalOrdering                               : loaded 3 times (x 115B)
Class kotlinx.coroutines.intrinsics.CancellableKt                                     : loaded 3 times (x 71B)
Class com.google.common.collect.RegularImmutableSet                                   : loaded 3 times (x 149B)
Class com.google.common.collect.Iterators$MergingIterator                             : loaded 3 times (x 81B)
Class kotlinx.coroutines.Dispatchers                                                  : loaded 3 times (x 71B)
Class kotlinx.coroutines.scheduling.DefaultScheduler                                  : loaded 3 times (x 108B)
Class kotlinx.coroutines.internal.LockFreeTaskQueue                                   : loaded 3 times (x 72B)
Class kotlin.collections.CollectionsKt                                                : loaded 3 times (x 71B)
Class kotlin.io.NoSuchFileException                                                   : loaded 3 times (x 82B)
Class kotlinx.coroutines.internal.ResizableAtomicArray                                : loaded 3 times (x 72B)
Class [Lorg.jetbrains.org.objectweb.asm.Label;                                        : loaded 3 times (x 69B)
Class kotlinx.coroutines.BlockingCoroutine                                            : loaded 3 times (x 144B)
Class org.jetbrains.org.objectweb.asm.TypeReference                                   : loaded 3 times (x 80B)
Class kotlin.jvm.internal.CollectionToArray                                           : loaded 3 times (x 71B)
Class kotlinx.coroutines.scheduling.Task                                              : loaded 3 times (x 76B)
Class com.google.common.collect.ImmutableList$SubList                                 : loaded 3 times (x 209B)
Class org.jetbrains.org.objectweb.asm.ModuleWriter                                    : loaded 3 times (x 82B)
Class kotlin.io.FilesKt__FileTreeWalkKt                                               : loaded 3 times (x 71B)
Class kotlin.sequences.FilteringSequence$iterator$1                                   : loaded 3 times (x 79B)
Class kotlin.sequences.SequencesKt__SequenceBuilderKt                                 : loaded 3 times (x 71B)
Class kotlin.collections.CollectionsKt__ReversedViewsKt                               : loaded 3 times (x 71B)
Class com.google.common.collect.SortedSetMultimap                                     : loaded 3 times (x 70B)
Class [Lcom.google.common.base.AbstractIterator$State;                                : loaded 3 times (x 69B)
Class com.google.common.base.CharMatcher$IsEither                                     : loaded 3 times (x 111B)
Class com.google.common.collect.ImmutableSet$SetBuilderImpl                           : loaded 3 times (x 76B)
Class com.google.common.collect.Maps$EntrySet                                         : loaded 3 times (x 136B)
Class com.google.common.collect.ImmutableMultimap$EntryCollection                     : loaded 3 times (x 128B)
Class org.jetbrains.org.objectweb.asm.SymbolTable                                     : loaded 3 times (x 72B)
Class kotlinx.coroutines.Empty                                                        : loaded 3 times (x 75B)
Class jdk.internal.jimage.decompressor.ResourceDecompressor$StringsProvider           : loaded 3 times (x 70B)
Class com.google.common.collect.ImmutableSet$EmptySetBuilderImpl                      : loaded 3 times (x 76B)
Class com.google.common.collect.ImmutableMultimap$Builder                             : loaded 3 times (x 83B)
Class Build_gradle                                                                    : loaded 3 times (x 126B)
Class kotlin.jvm.internal.markers.KMappedMarker                                       : loaded 3 times (x 70B)
Class org.jetbrains.org.objectweb.asm.CurrentFrame                                    : loaded 3 times (x 73B)
Class kotlinx.coroutines.AbstractTimeSourceKt                                         : loaded 3 times (x 71B)
Class jdk.internal.jimage.BasicImageReader                                            : loaded 3 times (x 95B)
Class com.google.common.collect.ReverseOrdering                                       : loaded 3 times (x 115B)
Class kotlinx.coroutines.internal.ThreadContextKt                                     : loaded 3 times (x 71B)
Class kotlinx.coroutines.BuildersKt                                                   : loaded 3 times (x 71B)
Class org.jetbrains.org.objectweb.asm.Context                                         : loaded 3 times (x 72B)
Class org.jetbrains.org.objectweb.asm.MethodTooLargeException                         : loaded 3 times (x 83B)
Class kotlinx.coroutines.Incomplete                                                   : loaded 3 times (x 70B)
Class com.google.common.collect.ImmutableSet$Builder                                  : loaded 3 times (x 85B)
Class com.google.common.base.CharMatcher$InRange                                      : loaded 3 times (x 111B)
Class com.google.common.collect.SetMultimap                                           : loaded 3 times (x 70B)
Class org.jetbrains.org.objectweb.asm.RecordComponentVisitor                          : loaded 3 times (x 77B)
Class com.google.common.collect.ImmutableMapEntrySet$RegularEntrySet                  : loaded 3 times (x 152B)
Class com.google.common.collect.AbstractMapBasedMultimap$WrappedCollection            : loaded 3 times (x 124B)
Class com.google.common.collect.ImmutableEnumSet                                      : loaded 3 times (x 146B)
Class com.google.common.collect.ImmutableList$1                                       : loaded 3 times (x 97B)
Class com.google.common.collect.Maps$BiMapConverter                                   : loaded 3 times (x 90B)
Class kotlin.NoWhenBranchMatchedException                                             : loaded 3 times (x 82B)
Class kotlin.Lazy                                                                     : loaded 3 times (x 70B)
Class kotlin.text.StringsKt__StringBuilderKt                                          : loaded 3 times (x 71B)
Class org.jetbrains.org.objectweb.asm.MethodWriter                                    : loaded 3 times (x 106B)
Class kotlin.jvm.internal.CallableReference$NoReceiver                                : loaded 3 times (x 71B)
Class com.google.common.base.Joiner$2                                                 : loaded 3 times (x 79B)
Class com.google.common.base.CharMatcher$1                                            : loaded 3 times (x 113B)
Class com.google.common.base.CharMatcher$NamedFastMatcher                             : loaded 3 times (x 112B)
Class com.google.common.collect.Maps$IteratorBasedAbstractMap                         : loaded 3 times (x 125B)
Class kotlin.collections.ArraysKt__ArraysJVMKt                                        : loaded 3 times (x 71B)
Class org.jetbrains.org.objectweb.asm.RecordComponentWriter                           : loaded 3 times (x 78B)
Class com.google.common.collect.PeekingIterator                                       : loaded 3 times (x 70B)
Class com.google.common.base.Joiner$1                                                 : loaded 3 times (x 80B)
Class com.google.common.base.CharMatcher                                              : loaded 3 times (x 111B)
Class com.google.common.collect.ImmutableSetMultimap                                  : loaded 3 times (x 180B)
Class com.google.common.collect.ByFunctionOrdering                                    : loaded 3 times (x 115B)
Class kotlin.LazyKt                                                                   : loaded 3 times (x 71B)
Class com.google.common.collect.RegularImmutableMap                                   : loaded 3 times (x 121B)
Class com.google.common.collect.ImmutableMap$MapViewOfValuesAsSingletonSets           : loaded 3 times (x 126B)
Class kotlin.collections.SetsKt__SetsKt                                               : loaded 3 times (x 71B)
Class com.google.common.base.Preconditions                                            : loaded 3 times (x 71B)
Class com.google.common.collect.Hashing                                               : loaded 3 times (x 71B)
Class com.google.common.base.Equivalence$Equals                                       : loaded 3 times (x 82B)
Class kotlin.collections.ArraysKt                                                     : loaded 3 times (x 71B)
Class org.jetbrains.org.objectweb.asm.Opcodes                                         : loaded 3 times (x 70B)
Class com.google.common.base.CharMatcher$Is                                           : loaded 3 times (x 111B)
Class com.google.common.base.CharMatcher$Negated                                      : loaded 3 times (x 113B)
Class com.google.common.collect.RegularImmutableBiMap                                 : loaded 3 times (x 149B)
Class com.google.common.collect.ImmutableMultimap$2                                   : loaded 3 times (x 81B)
Class kotlin.ranges.RangesKt___RangesKt                                               : loaded 3 times (x 71B)
Class com.google.common.collect.UnmodifiableListIterator                              : loaded 3 times (x 95B)
Class kotlinx.coroutines.internal.LockFreeTaskQueueCore$Companion                     : loaded 3 times (x 71B)
Class jdk.internal.jimage.decompressor.CompressedResourceHeader                       : loaded 3 times (x 71B)
Class com.google.common.collect.ImmutableMultimap$1                                   : loaded 3 times (x 82B)
Class kotlin.KotlinNullPointerException                                               : loaded 3 times (x 83B)
Class jdk.internal.jrtfs.JrtFileSystem                                                : loaded 3 times (x 102B)
Class com.google.common.collect.RegularImmutableMap$BucketOverflowException           : loaded 3 times (x 82B)
Class com.google.common.base.Suppliers$NonSerializableMemoizingSupplier               : loaded 3 times (x 79B)
Class kotlin.collections.CollectionsKt__IterablesKt                                   : loaded 3 times (x 71B)
Class kotlin.collections.MapsKt                                                       : loaded 3 times (x 71B)
Class kotlinx.coroutines.internal.LockFreeLinkedListNode                              : loaded 3 times (x 75B)
Class kotlin.jvm.internal.Intrinsics                                                  : loaded 3 times (x 71B)
Class org.jetbrains.org.objectweb.asm.Frame                                           : loaded 3 times (x 73B)
Class jdk.internal.jimage.decompressor.StringSharingDecompressorFactory               : loaded 3 times (x 74B)
Class kotlin.reflect.KAnnotatedElement                                                : loaded 3 times (x 70B)
Class com.google.common.collect.ImmutableSet$RegularSetBuilderImpl                    : loaded 3 times (x 77B)
Class kotlinx.coroutines.ChildHandle                                                  : loaded 3 times (x 70B)
Class com.google.common.collect.ImmutableMapKeySet                                    : loaded 3 times (x 152B)
Class kotlinx.coroutines.CoroutineScope                                               : loaded 3 times (x 70B)
Class org.jetbrains.org.objectweb.asm.Label                                           : loaded 3 times (x 72B)
Class org.jetbrains.org.objectweb.asm.Attribute                                       : loaded 3 times (x 75B)
Class com.google.common.collect.NullsLastOrdering                                     : loaded 3 times (x 115B)
Class kotlin.text.StringsKt___StringsKt                                               : loaded 3 times (x 71B)
Class kotlin.enums.EnumEntriesKt                                                      : loaded 3 times (x 71B)
Class kotlin.collections.CollectionsKt__MutableCollectionsJVMKt                       : loaded 3 times (x 71B)
Class com.google.common.base.Suppliers                                                : loaded 3 times (x 71B)
Class kotlinx.coroutines.AbstractCoroutine                                            : loaded 3 times (x 144B)
Class kotlin.collections.MapsKt__MapWithDefaultKt                                     : loaded 3 times (x 71B)
Class [Lorg.jetbrains.org.objectweb.asm.Symbol;                                       : loaded 3 times (x 69B)
Class kotlinx.coroutines.GlobalScope                                                  : loaded 3 times (x 74B)
Class kotlinx.coroutines.Unconfined                                                   : loaded 3 times (x 99B)
Class com.google.common.collect.SortedMapDifference                                   : loaded 3 times (x 70B)
Class kotlin.collections.ArraysKt___ArraysKt                                          : loaded 3 times (x 71B)
Class kotlin.io.FilesKt                                                               : loaded 3 times (x 71B)
Class kotlinx.coroutines.scheduling.CoroutineScheduler                                : loaded 3 times (x 81B)
Class kotlinx.coroutines.scheduling.SchedulerTimeSource                               : loaded 3 times (x 72B)
Class kotlinx.coroutines.EventLoopImplPlatform                                        : loaded 3 times (x 107B)
Class kotlin.collections.MapsKt___MapsKt                                              : loaded 3 times (x 71B)
Class jdk.internal.jimage.ImageStrings                                                : loaded 3 times (x 70B)
Class com.google.common.collect.CollectPreconditions                                  : loaded 3 times (x 71B)
Class com.google.common.base.Suppliers$MemoizingSupplier                              : loaded 3 times (x 79B)
Class kotlin.text.StringsKt___StringsJvmKt                                            : loaded 3 times (x 71B)
Class org.jetbrains.org.objectweb.asm.SymbolTable$Entry                               : loaded 3 times (x 74B)
Class kotlin.reflect.KDeclarationContainer                                            : loaded 3 times (x 70B)
Class org.jetbrains.org.objectweb.asm.ClassVisitor                                    : loaded 3 times (x 88B)
Class kotlin.sequences.SequencesKt___SequencesKt                                      : loaded 3 times (x 71B)
Class kotlin.collections.AbstractList$Companion                                       : loaded 3 times (x 71B)
Class com.google.common.collect.ReverseNaturalOrdering                                : loaded 3 times (x 114B)
Class com.google.common.base.CharMatcher$None                                         : loaded 3 times (x 112B)
Class kotlinx.coroutines.EventLoopImplBase                                            : loaded 3 times (x 117B)
Class kotlinx.coroutines.CoroutineId                                                  : loaded 3 times (x 93B)
Class com.google.common.collect.ImmutableEntry                                        : loaded 3 times (x 82B)
Class [Lcom.google.common.collect.AbstractMapEntry;                                   : loaded 3 times (x 69B)
Class com.google.common.collect.ArrayListMultimap                                     : loaded 3 times (x 172B)
Class kotlin.jvm.KotlinReflectionNotSupportedError                                    : loaded 3 times (x 82B)
Class kotlin.collections.EmptySet                                                     : loaded 3 times (x 122B)
Class kotlinx.coroutines.CoroutineStart                                               : loaded 3 times (x 79B)
Class kotlinx.coroutines.CopyableThreadContextElement                                 : loaded 3 times (x 70B)
Class com.google.common.base.CharMatcher$NegatedFastMatcher                           : loaded 3 times (x 113B)
Class kotlin.collections.MapsKt___MapsJvmKt                                           : loaded 3 times (x 71B)
Class kotlin.jvm.functions.Function3                                                  : loaded 3 times (x 70B)
Class com.google.common.base.Predicate                                                : loaded 3 times (x 70B)
Class com.google.common.collect.ImmutableMap                                          : loaded 3 times (x 120B)
Class kotlin.jvm.functions.Function2                                                  : loaded 3 times (x 70B)
Class kotlinx.coroutines.CompletedExceptionally                                       : loaded 3 times (x 72B)
Class org.jetbrains.org.objectweb.asm.ClassReader                                     : loaded 3 times (x 92B)
Class com.google.common.collect.Ordering                                              : loaded 3 times (x 114B)
Class [Lcom.google.common.collect.ImmutableMapEntry;                                  : loaded 3 times (x 69B)
Class jdk.internal.jimage.decompressor.ZipDecompressor                                : loaded 3 times (x 75B)
Class com.google.common.collect.Sets                                                  : loaded 3 times (x 71B)
Class com.google.common.base.CharMatcher$FastMatcher                                  : loaded 3 times (x 111B)
Class kotlin.jvm.functions.Function1                                                  : loaded 3 times (x 70B)
Class kotlin.jvm.functions.Function0                                                  : loaded 3 times (x 70B)
Class kotlin.collections.ArraysUtilJVM                                                : loaded 3 times (x 71B)
Class com.google.common.base.Supplier                                                 : loaded 3 times (x 70B)
Class kotlin.ranges.RangesKt                                                          : loaded 3 times (x 71B)
Class kotlinx.coroutines.CoroutineStart$WhenMappings                                  : loaded 3 times (x 71B)
Class com.google.common.base.CharMatcher$Or                                           : loaded 3 times (x 112B)
Class com.google.common.collect.ImmutableMultisetGwtSerializationDependencies         : loaded 3 times (x 125B)
Class kotlin.sequences.SequencesKt___SequencesJvmKt                                   : loaded 3 times (x 71B)
Class kotlin.Unit                                                                     : loaded 3 times (x 71B)
Class kotlin.TuplesKt                                                                 : loaded 3 times (x 71B)
Class kotlin.collections.CollectionsKt___CollectionsJvmKt                             : loaded 3 times (x 71B)
Class kotlin.jvm.internal.FunctionReferenceImpl                                       : loaded 3 times (x 122B)
Class com.google.common.collect.ImmutableSet                                          : loaded 3 times (x 145B)
Class kotlin.text.StringsKt__AppendableKt                                             : loaded 3 times (x 71B)
Class com.google.common.collect.ImmutableEnumMap                                      : loaded 3 times (x 126B)
Class com.google.common.collect.ListMultimap                                          : loaded 3 times (x 70B)
Class com.google.common.base.CharMatcher$BitSetMatcher                                : loaded 3 times (x 112B)
Class com.google.common.collect.RegularImmutableMap$Values                            : loaded 3 times (x 207B)
Class jdk.internal.jimage.decompressor.ZipDecompressorFactory                         : loaded 3 times (x 74B)
Class com.google.common.base.AbstractIterator                                         : loaded 3 times (x 80B)
Class kotlin.sequences.FilteringSequence                                              : loaded 3 times (x 75B)
Class kotlin.comparisons.ComparisonsKt___ComparisonsKt                                : loaded 3 times (x 71B)
Class kotlin.comparisons.ComparisonsKt                                                : loaded 3 times (x 71B)
Class kotlinx.coroutines.DebugKt                                                      : loaded 3 times (x 71B)
Class kotlinx.coroutines.Job$DefaultImpls                                             : loaded 3 times (x 71B)
Class com.google.common.math.IntMath$1                                                : loaded 3 times (x 71B)
Class kotlin.sequences.SequencesKt__SequencesKt                                       : loaded 3 times (x 71B)
Class kotlin.collections.SetsKt___SetsKt                                              : loaded 3 times (x 71B)
Class kotlin.ranges.RangesKt__RangesKt                                                : loaded 3 times (x 71B)
Class kotlin.comparisons.ComparisonsKt__ComparisonsKt                                 : loaded 3 times (x 71B)
Class [Lkotlin.reflect.KCallable;                                                     : loaded 3 times (x 69B)
Class com.google.common.graph.SuccessorsFunction                                      : loaded 3 times (x 70B)
Class com.google.common.collect.ComparatorOrdering                                    : loaded 3 times (x 115B)
Class com.google.common.base.Splitter                                                 : loaded 3 times (x 72B)
Class com.google.common.collect.Sets$1                                                : loaded 3 times (x 139B)
Class kotlin.UNINITIALIZED_VALUE                                                      : loaded 3 times (x 71B)
Class kotlinx.coroutines.EventLoopKt                                                  : loaded 3 times (x 71B)
Class com.google.common.collect.Sets$SetView                                          : loaded 3 times (x 138B)
Class kotlin.text.StringsKt__StringBuilderJVMKt                                       : loaded 3 times (x 71B)
Class kotlin.LazyKt__LazyKt                                                           : loaded 3 times (x 71B)
Class kotlin.collections.ArrayAsCollection                                            : loaded 3 times (x 105B)
Class jdk.internal.jimage.ImageReader$Directory                                       : loaded 3 times (x 84B)
Class com.google.common.collect.Maps$8                                                : loaded 3 times (x 82B)
Class com.google.common.collect.CompoundOrdering                                      : loaded 3 times (x 115B)
Class kotlinx.coroutines.EventLoop_commonKt                                           : loaded 3 times (x 71B)
Class kotlin.collections.AbstractCollection                                           : loaded 3 times (x 117B)
Class kotlin.collections.AbstractList                                                 : loaded 3 times (x 197B)
Class kotlin.sequences.SequencesKt__SequencesJVMKt                                    : loaded 3 times (x 71B)
Class kotlinx.coroutines.internal.Symbol                                              : loaded 3 times (x 72B)
Class kotlinx.coroutines.internal.DispatchedContinuation                              : loaded 3 times (x 90B)
Class jdk.internal.jimage.decompressor.ResourceDecompressorRepository                 : loaded 3 times (x 71B)
Class com.google.common.collect.CollectSpliterators                                   : loaded 3 times (x 71B)
Class com.google.common.collect.AbstractMapBasedMultimap$AsMap                        : loaded 3 times (x 128B)
Class kotlin.sequences.Sequence                                                       : loaded 3 times (x 70B)
Class kotlin.text.StringsKt__StringNumberConversionsJVMKt                             : loaded 3 times (x 71B)
Class kotlin.text.StringsKt__RegexExtensionsKt                                        : loaded 3 times (x 71B)
Class com.google.common.collect.NaturalOrdering                                       : loaded 3 times (x 115B)
Class kotlin.SynchronizedLazyImpl                                                     : loaded 3 times (x 76B)
Class com.google.common.collect.Maps$ViewCachingAbstractMap                           : loaded 3 times (x 125B)
Class kotlin.collections.EmptyIterator                                                : loaded 3 times (x 89B)
Class com.google.common.collect.Sets$2                                                : loaded 3 times (x 139B)
Class kotlinx.coroutines.CoroutineContextKt                                           : loaded 3 times (x 71B)
Class org.jetbrains.org.objectweb.asm.Symbol                                          : loaded 3 times (x 73B)
Class [Lcom.google.common.collect.ImmutableEntry;                                     : loaded 3 times (x 69B)
Class com.google.common.collect.Maps                                                  : loaded 3 times (x 71B)
Class org.jetbrains.org.objectweb.asm.ModuleVisitor                                   : loaded 3 times (x 81B)
Class kotlin.jvm.internal.DefaultConstructorMarker                                    : loaded 3 times (x 71B)
Class kotlinx.coroutines.NonDisposableHandle                                          : loaded 3 times (x 78B)
Class kotlin.io.FileSystemException                                                   : loaded 3 times (x 82B)
Class jdk.internal.jrtfs.JrtPath                                                      : loaded 3 times (x 118B)
Class jdk.internal.jimage.ImageBufferCache                                            : loaded 3 times (x 71B)
Class kotlinx.coroutines.CoroutineDispatcher                                          : loaded 3 times (x 99B)
Class com.google.common.collect.RegularImmutableList                                  : loaded 3 times (x 213B)
Class com.google.common.collect.IndexedImmutableSet$1                                 : loaded 3 times (x 213B)
Class org.jetbrains.org.objectweb.asm.TypePath                                        : loaded 3 times (x 72B)
Class kotlinx.coroutines.CompletionStateKt                                            : loaded 3 times (x 71B)
Class com.google.common.base.Equivalence                                              : loaded 3 times (x 82B)
Class com.google.common.base.Function                                                 : loaded 3 times (x 70B)
Class com.google.common.collect.ImmutableMapEntry$NonTerminalImmutableMapEntry        : loaded 3 times (x 85B)
Class com.google.common.collect.ImmutableMultimap                                     : loaded 3 times (x 147B)
Class kotlin.enums.EnumEntries                                                        : loaded 3 times (x 70B)
Class org.jetbrains.org.objectweb.asm.Type                                            : loaded 3 times (x 72B)
Class kotlinx.coroutines.ThreadLocalEventLoop                                         : loaded 3 times (x 71B)
Class kotlinx.coroutines.BlockingEventLoop                                            : loaded 3 times (x 117B)
Class com.google.common.base.AbstractIterator$State                                   : loaded 3 times (x 79B)
Class com.google.common.collect.ImmutableMapEntry                                     : loaded 3 times (x 85B)
Class com.google.common.collect.Sets$3                                                : loaded 3 times (x 139B)
Class com.google.common.math.IntMath                                                  : loaded 3 times (x 71B)
Class com.google.common.collect.RegularImmutableSortedSet                             : loaded 3 times (x 300B)
Class kotlin.jvm.internal.CallableReference                                           : loaded 3 times (x 106B)
Class com.google.common.base.CharMatcher$IsNot                                        : loaded 3 times (x 111B)
Class com.google.common.base.CommonPattern                                            : loaded 3 times (x 74B)
Class kotlinx.coroutines.scheduling.SchedulerCoroutineDispatcher                      : loaded 3 times (x 108B)
Class kotlinx.coroutines.ChildHandleNode                                              : loaded 3 times (x 94B)
Class kotlinx.coroutines.JobNode                                                      : loaded 3 times (x 90B)
Class kotlinx.coroutines.ParentJob                                                    : loaded 3 times (x 70B)
Class kotlinx.coroutines.Delay                                                        : loaded 3 times (x 70B)
Class com.google.common.collect.ImmutableSortedSet                                    : loaded 3 times (x 300B)
Class kotlinx.coroutines.internal.SystemPropsKt__SystemPropsKt                        : loaded 3 times (x 71B)
Class kotlinx.coroutines.scheduling.TasksKt                                           : loaded 3 times (x 71B)
Class kotlinx.coroutines.ChildJob                                                     : loaded 3 times (x 70B)
Class jdk.internal.jimage.decompressor.Decompressor                                   : loaded 3 times (x 72B)
Class kotlinx.coroutines.JobSupportKt                                                 : loaded 3 times (x 71B)
Class com.google.common.collect.Maps$EntryTransformer                                 : loaded 3 times (x 70B)
Class com.google.common.collect.UsingToStringOrdering                                 : loaded 3 times (x 114B)
Class kotlin.text.StringsKt__StringNumberConversionsKt                                : loaded 3 times (x 71B)
Class [Lorg.jetbrains.org.objectweb.asm.Attribute;                                    : loaded 3 times (x 69B)
Class kotlin.io.FilesKt__FileReadWriteKt                                              : loaded 3 times (x 71B)
Class com.google.common.collect.ImmutableMultiset                                     : loaded 3 times (x 163B)
Class com.google.common.collect.Sets$4                                                : loaded 3 times (x 139B)
Class kotlin.LazyKt__LazyJVMKt                                                        : loaded 3 times (x 71B)
Class com.google.common.collect.ImmutableAsList                                       : loaded 3 times (x 209B)
Class com.google.common.collect.Iterators$9                                           : loaded 3 times (x 81B)
Class com.google.common.base.FunctionalEquivalence                                    : loaded 3 times (x 83B)
Class com.google.common.collect.AbstractMapBasedMultimap                              : loaded 3 times (x 139B)
Class kotlin.text.StringsKt                                                           : loaded 3 times (x 71B)
Class kotlinx.coroutines.EventLoop                                                    : loaded 3 times (x 105B)
Class jdk.internal.jimage.BasicImageReader$1                                          : loaded 3 times (x 77B)
Class com.google.common.collect.ImmutableSet$CachingAsList                            : loaded 3 times (x 148B)
Class com.google.common.base.Converter                                                : loaded 3 times (x 90B)
Class kotlinx.coroutines.IncompleteStateBox                                           : loaded 3 times (x 72B)
Class com.google.common.collect.Lists                                                 : loaded 3 times (x 71B)
Class kotlin.collections.CollectionsKt__IteratorsKt                                   : loaded 3 times (x 71B)
Class kotlin.sequences.SequencesKt                                                    : loaded 3 times (x 71B)
Class org.jetbrains.org.objectweb.asm.AnnotationWriter                                : loaded 3 times (x 79B)
Class kotlin.collections.IndexedValue                                                 : loaded 3 times (x 72B)
Class jdk.internal.jimage.ImageReader$Node                                            : loaded 3 times (x 84B)
Class kotlin.collections.CollectionsKt___CollectionsKt                                : loaded 3 times (x 71B)
Class com.google.common.base.CharMatcher$AnyOf                                        : loaded 3 times (x 112B)
Class kotlin.collections.CollectionsKt__CollectionsJVMKt                              : loaded 3 times (x 71B)
Class kotlin.io.FilesKt__UtilsKt                                                      : loaded 3 times (x 71B)
Class kotlinx.coroutines.Job$Key                                                      : loaded 3 times (x 71B)
Class com.google.common.base.CharMatcher$ForPredicate                                 : loaded 3 times (x 112B)
Class com.google.common.collect.ImmutableMultimap$Values                              : loaded 3 times (x 126B)
Class jdk.internal.jimage.decompressor.ResourceDecompressorFactory                    : loaded 3 times (x 74B)
Class com.google.common.collect.ImmutableSet$JdkBackedSetBuilderImpl                  : loaded 3 times (x 76B)
Class com.google.common.collect.Iterators$5                                           : loaded 3 times (x 82B)
Class com.google.common.base.Splitter$SplittingIterator                               : loaded 3 times (x 84B)
Class org.jetbrains.org.objectweb.asm.AnnotationVisitor                               : loaded 3 times (x 78B)
Class jdk.internal.jimage.ImageReader$SharedImageReader                               : loaded 3 times (x 95B)
Class com.google.common.collect.Iterators$4                                           : loaded 3 times (x 82B)
Class com.google.common.collect.ImmutableBiMap                                        : loaded 3 times (x 143B)
Class com.google.common.collect.AbstractListMultimap                                  : loaded 3 times (x 172B)
Class com.google.common.collect.SortedIterable                                        : loaded 3 times (x 70B)
Class jdk.internal.jimage.ImageReader                                                 : loaded 3 times (x 75B)
Class kotlinx.coroutines.internal.SystemPropsKt                                       : loaded 3 times (x 71B)
Class com.google.common.collect.SingletonImmutableSet                                 : loaded 3 times (x 146B)
Class com.google.common.collect.ImmutableMap$IteratorBasedImmutableMap                : loaded 3 times (x 126B)
Class kotlin.UninitializedPropertyAccessException                                     : loaded 3 times (x 82B)
Class jdk.internal.jimage.ImageStringsReader                                          : loaded 3 times (x 80B)
Class com.google.common.collect.Iterators$1                                           : loaded 3 times (x 81B)
Class org.jetbrains.org.objectweb.asm.ClassWriter                                     : loaded 3 times (x 106B)
Class kotlinx.coroutines.CoroutineDispatcher$Key                                      : loaded 3 times (x 72B)
Class [Lkotlinx.coroutines.CoroutineStart;                                            : loaded 3 times (x 69B)
Class kotlin.collections.MapsKt__MapsKt                                               : loaded 3 times (x 71B)
Class com.google.common.collect.ImmutableList$ReverseImmutableList                    : loaded 3 times (x 209B)
Class kotlin.collections.ArraysKt___ArraysJvmKt                                       : loaded 3 times (x 71B)
Class kotlin.collections.CollectionsKt__CollectionsKt                                 : loaded 3 times (x 71B)
Class kotlin.text.StringsKt__RegexExtensionsJVMKt                                     : loaded 3 times (x 71B)
Class com.google.common.base.JdkPattern                                               : loaded 3 times (x 75B)
Class com.google.common.collect.AllEqualOrdering                                      : loaded 3 times (x 114B)
Class com.google.common.base.Splitter$1                                               : loaded 3 times (x 77B)
Class com.google.common.collect.TransformedIterator                                   : loaded 3 times (x 80B)
Class com.google.common.collect.MapDifference                                         : loaded 3 times (x 70B)
Class kotlin.reflect.KFunction                                                        : loaded 3 times (x 70B)
Class kotlinx.coroutines.ExecutorCoroutineDispatcher$Key                              : loaded 3 times (x 72B)
Class com.google.common.collect.SingletonImmutableList                                : loaded 3 times (x 207B)
Class kotlin.text.StringsKt__IndentKt                                                 : loaded 3 times (x 71B)
Class kotlin.collections.SetsKt                                                       : loaded 3 times (x 71B)
Class kotlinx.coroutines.ThreadContextElement                                         : loaded 3 times (x 70B)
Class kotlinx.coroutines.internal.SystemPropsKt__SystemProps_commonKt                 : loaded 3 times (x 71B)
Class kotlinx.coroutines.DispatchedTaskKt                                             : loaded 3 times (x 71B)
Class jdk.internal.jimage.decompressor.ResourceDecompressor                           : loaded 3 times (x 70B)
Class com.google.common.base.ExtraObjectsMethodsForWeb                                : loaded 3 times (x 71B)
Class kotlin.text.StringsKt__StringsJVMKt                                             : loaded 3 times (x 71B)
Class kotlinx.coroutines.DispatchedTask                                               : loaded 3 times (x 81B)
Class org.jetbrains.org.objectweb.asm.ByteVector                                      : loaded 3 times (x 78B)
Class com.google.common.collect.Multimap                                              : loaded 3 times (x 70B)
Class com.google.common.collect.ImmutableMultimap$Keys                                : loaded 3 times (x 166B)
Class com.google.common.primitives.IntsMethodsForWeb                                  : loaded 3 times (x 71B)
Class org.jetbrains.org.objectweb.asm.MethodVisitor                                   : loaded 3 times (x 105B)
Class org.jetbrains.org.objectweb.asm.FieldWriter                                     : loaded 3 times (x 78B)
Class kotlin._Assertions                                                              : loaded 3 times (x 71B)
Class [Lkotlin.reflect.KAnnotatedElement;                                             : loaded 3 times (x 69B)
Class com.google.common.collect.ImmutableMap$Builder                                  : loaded 3 times (x 82B)
Class com.google.common.base.NullnessCasts                                            : loaded 3 times (x 71B)
Class kotlin.collections.IndexingIterator                                             : loaded 3 times (x 79B)
Class kotlinx.coroutines.internal.LockFreeTaskQueueCore                               : loaded 3 times (x 72B)
Class jdk.internal.jimage.ImageHeader                                                 : loaded 3 times (x 71B)
Class kotlinx.coroutines.internal.DispatchedContinuationKt                            : loaded 3 times (x 71B)
Class kotlin.io.FileAlreadyExistsException                                            : loaded 3 times (x 82B)
Class kotlin.internal.ProgressionUtilKt                                               : loaded 3 times (x 71B)
Class kotlinx.coroutines.Job                                                          : loaded 3 times (x 70B)
Class com.google.common.collect.ImmutableMapEntrySet                                  : loaded 3 times (x 152B)
Class kotlin.Function                                                                 : loaded 3 times (x 70B)
Class kotlin.collections.SetsKt__SetsJVMKt                                            : loaded 3 times (x 71B)
Class kotlinx.coroutines.ExecutorCoroutineDispatcher                                  : loaded 3 times (x 107B)
Class com.google.common.math.MathPreconditions                                        : loaded 3 times (x 71B)
Class com.google.common.collect.AbstractIndexedListIterator                           : loaded 3 times (x 96B)
Class kotlin.jvm.internal.FunctionReference                                           : loaded 3 times (x 122B)
Class kotlin.jvm.internal.FunctionBase                                                : loaded 3 times (x 70B)
Class com.google.common.collect.ObjectArrays                                          : loaded 3 times (x 71B)
Class com.google.common.collect.ArrayListMultimapGwtSerializationDependencies         : loaded 3 times (x 172B)
Class [Lorg.jetbrains.org.objectweb.asm.SymbolTable$Entry;                            : loaded 3 times (x 69B)
Class com.google.common.collect.Multiset                                              : loaded 3 times (x 70B)
Class kotlin.enums.EnumEntriesList                                                    : loaded 3 times (x 223B)
Class kotlin.collections.ArraysKt__ArraysKt                                           : loaded 3 times (x 71B)
Class com.google.common.collect.Maps$IteratorBasedAbstractMap$1                       : loaded 3 times (x 138B)
Class com.google.common.collect.ImmutableListMultimap                                 : loaded 3 times (x 176B)
Class com.google.common.collect.Iterators$ArrayItr                                    : loaded 3 times (x 97B)
Class com.google.common.collect.ImmutableCollection$Builder                           : loaded 3 times (x 76B)
Class org.jetbrains.org.objectweb.asm.FieldVisitor                                    : loaded 3 times (x 77B)
Class kotlin.collections.IndexingIterable                                             : loaded 3 times (x 79B)
Class com.google.common.collect.AbstractIterator                                      : loaded 3 times (x 82B)
Class com.google.common.primitives.Ints                                               : loaded 3 times (x 71B)
Class com.google.common.collect.NullsFirstOrdering                                    : loaded 3 times (x 115B)
Class kotlinx.coroutines.JobSupport                                                   : loaded 3 times (x 133B)
Class jdk.internal.jimage.ImageBufferCache$2                                          : loaded 3 times (x 91B)
Class kotlinx.coroutines.DisposableHandle                                             : loaded 3 times (x 70B)
Class com.google.common.collect.BiMap                                                 : loaded 3 times (x 70B)
Class com.google.common.collect.ImmutableMap$1                                        : loaded 3 times (x 81B)
Class com.google.common.collect.IndexedImmutableSet                                   : loaded 3 times (x 152B)
Class com.google.common.base.Objects                                                  : loaded 3 times (x 71B)
Class jdk.internal.jimage.ImageBufferCache$1                                          : loaded 3 times (x 83B)
Class com.google.common.base.CharMatcher$And                                          : loaded 3 times (x 112B)
Class kotlin.collections.MapsKt__MapsJVMKt                                            : loaded 3 times (x 71B)
Class kotlin.collections.EmptyList                                                    : loaded 3 times (x 174B)
Class kotlin.comparisons.ComparisonsKt___ComparisonsJvmKt                             : loaded 3 times (x 71B)
Class kotlin.collections.CollectionsKt__IteratorsJVMKt                                : loaded 3 times (x 71B)
Class com.google.common.collect.EmptyImmutableListMultimap                            : loaded 3 times (x 176B)
Class com.google.common.collect.BaseImmutableMultimap                                 : loaded 3 times (x 123B)
Class com.google.common.base.Joiner                                                   : loaded 3 times (x 79B)
Class org.jetbrains.org.objectweb.asm.ClassTooLargeException                          : loaded 3 times (x 83B)
Class jdk.internal.jimage.ImageLocation                                               : loaded 3 times (x 90B)
Class com.google.common.collect.Lists$StringAsImmutableList                           : loaded 3 times (x 207B)
Class com.google.common.collect.ExplicitOrdering                                      : loaded 3 times (x 115B)
Class com.google.common.collect.Iterators                                             : loaded 3 times (x 71B)
Class com.google.common.collect.RegularImmutableAsList                                : loaded 3 times (x 217B)
Class kotlin.io.FilesKt__FilePathComponentsKt                                         : loaded 3 times (x 71B)
Class kotlin.io.TerminateException                                                    : loaded 3 times (x 82B)
Class kotlin.reflect.KCallable                                                        : loaded 3 times (x 70B)
Class kotlinx.coroutines.scheduling.CoroutineScheduler$Companion                      : loaded 3 times (x 71B)
Class kotlinx.coroutines.scheduling.GlobalQueue                                       : loaded 3 times (x 72B)
Class com.google.common.collect.ImmutableList$Builder                                 : loaded 3 times (x 77B)
Class com.google.common.collect.AbstractMultimap                                      : loaded 3 times (x 123B)
Class com.google.common.collect.Sets$ImprovedAbstractSet                              : loaded 3 times (x 135B)
Class com.google.common.collect.AbstractSetMultimap                                   : loaded 3 times (x 174B)
Class kotlin.collections.CollectionsKt__MutableCollectionsKt                          : loaded 3 times (x 71B)
Class kotlin.io.CloseableKt                                                           : loaded 3 times (x 71B)
Class jdk.internal.jrtfs.JrtFileSystemProvider                                        : loaded 3 times (x 101B)
Class com.google.common.collect.Iterators$SingletonIterator                           : loaded 3 times (x 81B)
Class com.google.common.base.Ascii                                                    : loaded 3 times (x 71B)
Class com.google.common.collect.AbstractMapEntry                                      : loaded 3 times (x 81B)
Class com.google.common.collect.Platform                                              : loaded 3 times (x 71B)
Class com.google.common.collect.UnmodifiableIterator                                  : loaded 3 times (x 80B)
Class com.google.common.collect.SingletonImmutableBiMap                               : loaded 3 times (x 143B)
Class kotlin.Pair                                                                     : loaded 3 times (x 72B)
Class kotlinx.coroutines.BuildersKt__BuildersKt                                       : loaded 3 times (x 71B)
Class kotlinx.coroutines.scheduling.NanoTimeSource                                    : loaded 3 times (x 72B)
Class dagger.spi.internal.shaded.androidx.room3.compiler.processing.ksp.KspMessager   : loaded 2 times (x 73B)
Class kotlin.jvm.internal.BooleanCompanionObject                                      : loaded 2 times (x 71B)
Class kotlin.reflect.KProperty0                                                       : loaded 2 times (x 70B)
Class kotlin.Result                                                                   : loaded 2 times (x 72B)
Class dagger.hilt.android.processor.internal.androidentrypoint.AndroidEntryPointProcessingStep: loaded 2 times (x 86B)
Class androidx.room.solver.types.PrimitiveBooleanToIntConverter$create$1              : loaded 2 times (x 75B)
Class [Lorg.objectweb.asm.Attribute;                                                  : loaded 2 times (x 69B)
Class kotlinx.coroutines.internal.ThreadState                                         : loaded 2 times (x 72B)
Class [Lorg.objectweb.asm.Type;                                                       : loaded 2 times (x 69B)
Class org.gradle.internal.service.ServiceLocator                                      : loaded 2 times (x 70B)
Class androidx.room.compiler.processing.ksp.KSFunctionExtKt                           : loaded 2 times (x 71B)
Class [Lkotlin.Function;                                                              : loaded 2 times (x 69B)
Class org.jetbrains.kotlin.load.kotlin.header.ReadKotlinClassHeaderAnnotationVisitor$CollectStringArrayAnnotationVisitor: loaded 2 times (x 85B)
Class androidx.room.Relation                                                          : loaded 2 times (x 70B)
Class com.google.common.base.Splitter$5                                               : loaded 2 times (x 80B)
Class org.jetbrains.kotlin.build.report.metrics.GradleBuildTime                       : loaded 2 times (x 86B)
Class org.jetbrains.kotlin.metadata.ProtoBuf$Constructor$1                            : loaded 2 times (x 144B)
Class androidx.room.parser.SQLiteParser$Module_argumentContext                        : loaded 2 times (x 153B)
Class androidx.room.parser.SQLiteParser$Create_index_stmtContext                      : loaded 2 times (x 170B)
Class androidx.room.parser.SQLiteParser$Result_columnContext                          : loaded 2 times (x 157B)
Class androidx.room.vo.Index$Companion                                                : loaded 2 times (x 71B)
Class androidx.room.solver.types.PrimitiveBooleanToIntConverter$create$2              : loaded 2 times (x 75B)
Class androidx.room.compiler.processing.ksp.synthetic.KspSyntheticPropertyMethodElement$Getter: loaded 2 times (x 257B)
Class androidx.room.compiler.processing.ksp.KspMessager                               : loaded 2 times (x 73B)
Class androidx.room.RoomKspProcessor                                                  : loaded 2 times (x 88B)
Class dagger.hilt.processor.internal.uninstallmodules.KspUninstallModulesProcessor$Provider: loaded 2 times (x 74B)
Class jdk.internal.jrtfs.JrtFileSystem$1                                              : loaded 2 times (x 107B)
Class org.jetbrains.org.objectweb.asm.tree.LabelNode                                  : loaded 2 times (x 80B)
Class kotlin.reflect.KProperty1                                                       : loaded 2 times (x 70B)
Class kotlin.reflect.KClass                                                           : loaded 2 times (x 70B)
Class kotlin.sequences.TransformingSequence$iterator$1                                : loaded 2 times (x 79B)
Class org.apache.commons.io.FileExistsException                                       : loaded 2 times (x 82B)
Class com.google.common.cache.LocalCache$1                                            : loaded 2 times (x 89B)
Class [Lorg.jetbrains.org.objectweb.asm.tree.AbstractInsnNode;                        : loaded 2 times (x 69B)
Class [Lorg.jetbrains.kotlin.com.intellij.openapi.diagnostic.LogLevel;                : loaded 2 times (x 69B)
Class org.jetbrains.kotlin.metadata.ProtoBuf$PropertyOrBuilder                        : loaded 2 times (x 70B)
Class org.jetbrains.kotlin.metadata.jvm.JvmProtoBuf$StringTableTypes$1                : loaded 2 times (x 144B)
Class org.jetbrains.kotlin.utils.CollectionsKt                                        : loaded 2 times (x 71B)
Class com.google.common.base.MoreObjects                                              : loaded 2 times (x 71B)
Class org.apache.commons.io.output.ByteArrayOutputStream                              : loaded 2 times (x 102B)
Class androidx.room.parser.Section$Companion                                          : loaded 2 times (x 71B)
Class androidx.room.parser.SQLiteParser$ParseContext                                  : loaded 2 times (x 154B)
Class androidx.room.jarjarred.org.antlr.v4.runtime.misc.IntegerStack                  : loaded 2 times (x 72B)
Class org.sqlite.date.FastDatePrinter$TwoDigitNumberField                             : loaded 2 times (x 80B)
Class org.sqlite.SQLiteConfig$DateClass                                               : loaded 2 times (x 82B)
Class androidx.room.solver.binderprovider.LiveDataQueryResultBinderProvider           : loaded 2 times (x 79B)
Class androidx.room.processor.cache.Cache                                             : loaded 2 times (x 72B)
Class com.squareup.javapoet.CodeWriter$Multiset                                       : loaded 2 times (x 72B)
Class androidx.room.compiler.processing.XHasModifiers                                 : loaded 2 times (x 70B)
Class kotlin.sequences.GeneratorSequence$iterator$1                                   : loaded 2 times (x 79B)
Class kotlin.reflect.KProperty2                                                       : loaded 2 times (x 70B)
Class com.google.common.reflect.TypeResolver$TypeVariableKey                          : loaded 2 times (x 72B)
Class com.google.common.reflect.TypeToken$SimpleTypeToken                             : loaded 2 times (x 73B)
Class com.google.common.collect.MapMakerInternalMap$AbstractStrongKeyEntry            : loaded 2 times (x 80B)
Class org.apache.commons.io.function.IOSupplier                                       : loaded 2 times (x 70B)
Class com.google.common.cache.LocalCache$2                                            : loaded 2 times (x 142B)
Class kotlin.collections.builders.ListBuilder                                         : loaded 2 times (x 207B)
Class org.jetbrains.kotlin.metadata.deserialization.ProtoBufUtilKt                    : loaded 2 times (x 71B)
Class kotlin.collections.builders.ListBuilder$Companion                               : loaded 2 times (x 71B)
Class kotlin.collections.builders.AbstractMapBuilderEntrySet                          : loaded 2 times (x 144B)
Class com.google.common.collect.SortedIterables                                       : loaded 2 times (x 71B)
Class jdk.internal.jrtfs.SystemImage$2                                                : loaded 2 times (x 76B)
Class androidx.room.jarjarred.org.antlr.v4.runtime.tree.ParseTreeVisitor              : loaded 2 times (x 70B)
Class androidx.room.jarjarred.org.antlr.v4.runtime.ConsoleErrorListener               : loaded 2 times (x 81B)
Class androidx.room.parser.QueryType$Companion                                        : loaded 2 times (x 71B)
Class androidx.room.solver.binderprovider.DataSourceQueryResultBinderProvider         : loaded 2 times (x 76B)
Class [Landroidx.room.compiler.processing.XMethodElement;                             : loaded 2 times (x 69B)
Class com.squareup.javapoet.CodeWriter                                                : loaded 2 times (x 72B)
Class androidx.room.compiler.processing.ksp.KspTypeElement$Companion$WhenMappings     : loaded 2 times (x 71B)
Class kotlin.streams.jdk8.StreamsKt                                                   : loaded 2 times (x 71B)
Class kotlin.ReplaceWith                                                              : loaded 2 times (x 70B)
Class kotlin.coroutines.CoroutineContext$Element                                      : loaded 2 times (x 70B)
Class com.google.common.collect.ImmutableRangeSet$1                                   : loaded 2 times (x 210B)
Class org.jetbrains.kotlin.protobuf.AbstractMessageLite$Builder                       : loaded 2 times (x 122B)
Class org.jetbrains.kotlin.protobuf.Internal$EnumLiteMap                              : loaded 2 times (x 70B)
Class org.jetbrains.org.objectweb.asm.tree.InsnList                                   : loaded 2 times (x 103B)
Class org.jetbrains.kotlin.protobuf.GeneratedMessageLite                              : loaded 2 times (x 101B)
Class org.jetbrains.kotlin.metadata.deserialization.MetadataVersion                   : loaded 2 times (x 74B)
Class androidx.room.compiler.processing.ksp.KspPrimitiveType                          : loaded 2 times (x 186B)
Class androidx.room.jarjarred.org.antlr.v4.runtime.DefaultErrorStrategy               : loaded 2 times (x 105B)
Class androidx.room.jarjarred.org.antlr.v4.runtime.atn.RuleStartState                 : loaded 2 times (x 82B)
Class androidx.room.parser.ParsedQuery                                                : loaded 2 times (x 72B)
Class androidx.room.compiler.processing.XTypeVariableType                             : loaded 2 times (x 70B)
Class androidx.room.compiler.processing.DeclarationCollectorKt                        : loaded 2 times (x 71B)
Class androidx.room.ext.RoomRxJava2TypeNames                                          : loaded 2 times (x 71B)
Class androidx.room.compiler.processing.ksp.KSAnnotatedExtKt                          : loaded 2 times (x 71B)
Class dagger.spi.internal.shaded.androidx.room3.compiler.processing.XBasicAnnotationProcessor: loaded 2 times (x 70B)
Class dagger.hilt.android.processor.internal.viewmodel.KspViewModelProcessor$Provider : loaded 2 times (x 74B)
Class kotlin.collections.AbstractIterator                                             : loaded 2 times (x 83B)
Class kotlin.text.CharsKt                                                             : loaded 2 times (x 71B)
Class org.jetbrains.kotlin.cli.common.messages.MessageCollector$Companion             : loaded 2 times (x 71B)
Class com.google.common.base.Optional                                                 : loaded 2 times (x 80B)
Class com.google.common.collect.Range                                                 : loaded 2 times (x 87B)
Class com.google.common.util.concurrent.AbstractFuture$Trusted                        : loaded 2 times (x 70B)
Class org.jetbrains.kotlin.descriptors.Visibilities$Unknown                           : loaded 2 times (x 79B)
Class org.jetbrains.kotlin.descriptors.Visibilities$Inherited                         : loaded 2 times (x 79B)
Class org.jetbrains.org.objectweb.asm.tree.MethodInsnNode                             : loaded 2 times (x 79B)
Class org.jetbrains.kotlin.protobuf.Parser                                            : loaded 2 times (x 70B)
Class org.jetbrains.org.objectweb.asm.tree.MethodNode                                 : loaded 2 times (x 110B)
Class org.jetbrains.kotlin.load.kotlin.KotlinJvmBinaryClass                           : loaded 2 times (x 70B)
Class [Lorg.jetbrains.kotlin.build.report.metrics.BuildTime;                          : loaded 2 times (x 69B)
Class org.jetbrains.kotlin.config.KotlinCompilerVersion                               : loaded 2 times (x 71B)
Class com.squareup.kotlinpoet.ClassName$Companion                                     : loaded 2 times (x 71B)
Class androidx.room.ext.RoomRxJava3TypeNames                                          : loaded 2 times (x 71B)
Class androidx.room.ext.GuavaTypeNames                                                : loaded 2 times (x 71B)
Class androidx.room.jarjarred.org.antlr.v4.runtime.tree.AbstractParseTreeVisitor      : loaded 2 times (x 84B)
Class [Landroidx.room.jarjarred.org.antlr.v4.runtime.dfa.DFAState;                    : loaded 2 times (x 69B)
Class androidx.room.parser.SQLiteParser$Delete_stmtContext                            : loaded 2 times (x 158B)
Class [Landroidx.room.jarjarred.org.antlr.v4.runtime.atn.LexerAction;                 : loaded 2 times (x 69B)
Class com.squareup.kotlinpoet.CodeWriterKt                                            : loaded 2 times (x 71B)
Class androidx.room.vo.Constructor                                                    : loaded 2 times (x 72B)
Class androidx.room.ext.RoomPagingRx3TypeNames                                        : loaded 2 times (x 71B)
Class androidx.room.solver.types.PrimitiveBooleanToIntConverter                       : loaded 2 times (x 71B)
Class androidx.room.processor.EntityOrViewProcessor                                   : loaded 2 times (x 70B)
Class jdk.internal.jrtfs.JrtDirectoryStream$1                                         : loaded 2 times (x 83B)
Class kotlin.collections.MutableMapWithDefault                                        : loaded 2 times (x 70B)
Class kotlin.jvm.internal.IntCompanionObject                                          : loaded 2 times (x 71B)
Class kotlin.coroutines.ContinuationInterceptor$Key                                   : loaded 2 times (x 71B)
Class kotlin.text.DelimitedRangesSequence$iterator$1                                  : loaded 2 times (x 79B)
Class com.google.common.io.ByteSink$AsCharSink                                        : loaded 2 times (x 80B)
Class org.apache.commons.io.build.AbstractOrigin$ByteArrayOrigin                      : loaded 2 times (x 89B)
Class com.google.common.util.concurrent.UncheckedExecutionException                   : loaded 2 times (x 82B)
Class org.gradle.kotlin.dsl.VersionCatalogAccessorsKt                                 : loaded 2 times (x 71B)
Class [Lorg.jetbrains.kotlin.metadata.ProtoBuf$VersionRequirement$Level;              : loaded 2 times (x 69B)
Class org.sqlite.date.FastDatePrinter$PaddedNumberField                               : loaded 2 times (x 80B)
Class org.jetbrains.kotlin.protobuf.WireFormat$JavaType                               : loaded 2 times (x 79B)
Class org.jetbrains.kotlin.metadata.jvm.deserialization.JvmMemberSignature$Method     : loaded 2 times (x 75B)
Class androidx.room.vo.QueryParameter                                                 : loaded 2 times (x 72B)
Class androidx.room.Transaction                                                       : loaded 2 times (x 70B)
Class androidx.room.jarjarred.org.antlr.v4.runtime.NoViableAltException               : loaded 2 times (x 91B)
Class androidx.room.jarjarred.org.antlr.v4.runtime.atn.TokensStartState               : loaded 2 times (x 82B)
Class androidx.room.jarjarred.org.antlr.v4.runtime.atn.ATNSimulator                   : loaded 2 times (x 76B)
Class androidx.room.vo.PrimaryKey$Companion                                           : loaded 2 times (x 71B)
Class androidx.room.solver.binderprovider.ListenableFuturePagingSourceQueryResultBinderProviderKt: loaded 2 times (x 71B)
Class androidx.room.solver.binderprovider.RxQueryResultBinderProvider                 : loaded 2 times (x 79B)
Class androidx.room.solver.types.StringColumnTypeAdapter                              : loaded 2 times (x 85B)
Class androidx.room.compiler.processing.XAnnotationValue                              : loaded 2 times (x 70B)
Class androidx.room.compiler.processing.ksp.KSTypeVarianceResolverScope$PropertyType  : loaded 2 times (x 74B)
Class [Landroidx.room.compiler.processing.XEquality;                                  : loaded 2 times (x 69B)
Class androidx.room.compiler.processing.ksp.KspAnnotated$Companion                    : loaded 2 times (x 71B)
Class androidx.room.compiler.processing.ksp.KspHasModifiers$ClassDeclaration          : loaded 2 times (x 92B)
Class dagger.hilt.processor.internal.aliasof.KspAliasOfProcessor                      : loaded 2 times (x 89B)
Class kotlin.collections.builders.MapBuilder$EntriesItr                               : loaded 2 times (x 81B)
Class kotlin.jvm.internal.Ref$IntRef                                                  : loaded 2 times (x 71B)
Class org.jetbrains.kotlin.descriptors.Visibilities$PrivateToThis                     : loaded 2 times (x 79B)
Class org.jetbrains.org.objectweb.asm.tree.IntInsnNode                                : loaded 2 times (x 78B)
Class org.jetbrains.kotlin.protobuf.SmallSortedMap$1                                  : loaded 2 times (x 130B)
Class org.jetbrains.kotlin.metadata.jvm.JvmProtoBuf$StringTableTypes                  : loaded 2 times (x 110B)
Class org.jetbrains.kotlin.protobuf.GeneratedMessageLite$ExtendableBuilder            : loaded 2 times (x 138B)
Class com.google.common.collect.ImmutableBiMap$Builder                                : loaded 2 times (x 82B)
Class org.jetbrains.kotlin.descriptors.DescriptorVisibilities$9                       : loaded 2 times (x 79B)
Class androidx.room.solver.query.result.QueryResultBinder                             : loaded 2 times (x 74B)
Class androidx.room.parser.Table                                                      : loaded 2 times (x 72B)
Class androidx.room.jarjarred.org.antlr.v4.runtime.TokenFactory                       : loaded 2 times (x 70B)
Class androidx.room.jarjarred.org.antlr.v4.runtime.Recognizer$1                       : loaded 2 times (x 206B)
Class org.sqlite.SQLiteConfig$HexKeyMode                                              : loaded 2 times (x 82B)
Class androidx.room.solver.types.CompositeTypeConverter                               : loaded 2 times (x 74B)
Class androidx.room.processor.Context$Companion                                       : loaded 2 times (x 71B)
Class androidx.room.compiler.processing.ksp.TypeResolutionContext                     : loaded 2 times (x 72B)
Class [Landroidx.room.compiler.processing.XNullability;                               : loaded 2 times (x 69B)
Class com.squareup.kotlinpoet.Annotatable                                             : loaded 2 times (x 70B)
Class androidx.room.compiler.processing.InternalXAnnotationValue$Companion            : loaded 2 times (x 71B)
Class com.google.common.cache.CacheLoader$FunctionToCacheLoader                       : loaded 2 times (x 75B)
Class kotlin.DeprecationLevel                                                         : loaded 2 times (x 79B)
Class kotlin.collections.ArraysKt___ArraysKt$asSequence$$inlined$Sequence$1           : loaded 2 times (x 75B)
Class kotlin.time.DurationUnitKt__DurationUnitJvmKt                                   : loaded 2 times (x 71B)
Class kotlin.jvm.JvmStatic                                                            : loaded 2 times (x 70B)
Class kotlin.collections.builders.SetBuilder$Companion                                : loaded 2 times (x 71B)
Class kotlinx.coroutines.internal.ThreadLocalKt                                       : loaded 2 times (x 71B)
Class com.google.common.collect.HashMultimapGwtSerializationDependencies              : loaded 2 times (x 174B)
Class com.google.common.collect.AbstractMapBasedMultimap$KeySet$1                     : loaded 2 times (x 82B)
Class org.objectweb.asm.ClassWriter                                                   : loaded 2 times (x 106B)
Class com.google.common.cache.CacheLoader$UnsupportedLoadingOperationException        : loaded 2 times (x 82B)
Class org.gradle.internal.classloader.ClasspathUtil$1                                 : loaded 2 times (x 76B)
Class org.jetbrains.kotlin.metadata.ProtoBuf$Effect$EffectType$1                      : loaded 2 times (x 74B)
Class org.jetbrains.kotlin.metadata.ProtoBuf$EffectOrBuilder                          : loaded 2 times (x 70B)
Class org.jetbrains.kotlin.protobuf.BoundedByteString                                 : loaded 2 times (x 112B)
Class com.google.common.collect.ImmutableRangeSet$AsSet                               : loaded 2 times (x 300B)
Class org.apache.commons.io.output.UnsynchronizedByteArrayOutputStream                : loaded 2 times (x 102B)
Class com.google.common.reflect.Types$ParameterizedTypeImpl                           : loaded 2 times (x 81B)
Class org.jetbrains.kotlin.com.google.common.base.Preconditions                       : loaded 2 times (x 71B)
Class androidx.room.jarjarred.org.antlr.v4.runtime.BufferedTokenStream                : loaded 2 times (x 126B)
Class [Landroidx.room.jarjarred.org.antlr.v4.runtime.atn.RuleStopState;               : loaded 2 times (x 69B)
Class androidx.room.jarjarred.org.antlr.v4.runtime.tree.Tree                          : loaded 2 times (x 70B)
Class androidx.room.ColumnInfo                                                        : loaded 2 times (x 70B)
Class [Landroidx.room.solver.prepared.binderprovider.PreparedQueryResultBinderProvider;: loaded 2 times (x 69B)
Class androidx.room.compiler.processing.ksp.KspFieldElement                           : loaded 2 times (x 199B)
Class androidx.room.compiler.processing.ksp.KspType                                   : loaded 2 times (x 186B)
Class dagger.hilt.processor.internal.originatingelement.KspOriginatingElementProcessor: loaded 2 times (x 89B)
Class androidx.room.compiler.processing.XAnnotated                                    : loaded 2 times (x 70B)
Class [Landroidx.room.compiler.processing.XProcessingEnv$Backend;                     : loaded 2 times (x 69B)
Class [Lkotlin.coroutines.intrinsics.CoroutineSingletons;                             : loaded 2 times (x 69B)
Class kotlin.text.LinesIterator$State                                                 : loaded 2 times (x 71B)
Class kotlin.collections.builders.ListBuilderKt                                       : loaded 2 times (x 71B)
Class [Lkotlin.annotation.AnnotationTarget;                                           : loaded 2 times (x 69B)
Class com.google.common.collect.FluentIterable$1                                      : loaded 2 times (x 81B)
Class org.objectweb.asm.FieldVisitor                                                  : loaded 2 times (x 77B)
Class org.gradle.api.internal.classpath.DefaultModuleRegistry$DefaultModule           : loaded 2 times (x 86B)
Class org.jetbrains.org.objectweb.asm.tree.TryCatchBlockNode                          : loaded 2 times (x 74B)
Class org.jetbrains.kotlin.descriptors.Visibilities$InvisibleFake                     : loaded 2 times (x 79B)
Class org.jetbrains.kotlin.protobuf.UninitializedMessageException                     : loaded 2 times (x 84B)
Class org.jetbrains.kotlin.metadata.jvm.deserialization.JvmNameResolverKt             : loaded 2 times (x 71B)
Class org.jetbrains.kotlin.metadata.ProtoBuf$TypeParameter$Variance                   : loaded 2 times (x 82B)
Class org.jetbrains.kotlin.metadata.ProtoBuf$Annotation$Argument$Value$1              : loaded 2 times (x 144B)
Class org.jetbrains.kotlin.name.ClassId                                               : loaded 2 times (x 72B)
Class jdk.internal.jrtfs.SystemImage$1                                                : loaded 2 times (x 78B)
Class androidx.room.compiler.processing.ksp.ResolverExtKt                             : loaded 2 times (x 71B)
Class org.sqlite.jdbc3.JDBC3Connection                                                : loaded 2 times (x 223B)
Class androidx.room.compiler.processing.ksp.DelegatingTypeReference                   : loaded 2 times (x 88B)
Class org.sqlite.core.SafeStmtPtr$SafePtrFunction                                     : loaded 2 times (x 70B)
Class androidx.room.jarjarred.org.antlr.v4.runtime.atn.LexerIndexedCustomAction       : loaded 2 times (x 77B)
Class [Landroidx.room.jarjarred.org.antlr.v4.runtime.atn.PredictionMode;              : loaded 2 times (x 69B)
Class androidx.room.parser.SQLiteParser$Indexed_columnContext                         : loaded 2 times (x 156B)
Class androidx.room.jarjarred.org.antlr.v4.runtime.CodePointBuffer                    : loaded 2 times (x 81B)
Class org.sqlite.date.FastDatePrinter$TwoDigitMonthField                              : loaded 2 times (x 80B)
Class org.sqlite.util.ProcessRunner                                                   : loaded 2 times (x 73B)
Class androidx.room.compiler.processing.ksp.KspMethodElement                          : loaded 2 times (x 270B)
Class androidx.room.compiler.processing.ksp.KspTypeMapper                             : loaded 2 times (x 71B)
Class dagger.hilt.android.processor.internal.androidentrypoint.KspAndroidEntryPointProcessor: loaded 2 times (x 89B)
Class kotlin.ResultKt                                                                 : loaded 2 times (x 71B)
Class com.google.common.base.Absent                                                   : loaded 2 times (x 80B)
Class com.google.common.collect.FluentIterable$2                                      : loaded 2 times (x 81B)
Class com.google.common.reflect.Reflection                                            : loaded 2 times (x 71B)
Class [Lorg.jetbrains.kotlin.metadata.ProtoBuf$Effect$InvocationKind;                 : loaded 2 times (x 69B)
Class org.jetbrains.kotlin.descriptors.Named                                          : loaded 2 times (x 70B)
Class org.jetbrains.kotlin.metadata.ProtoBuf$VersionRequirement$VersionKind           : loaded 2 times (x 82B)
Class org.jetbrains.kotlin.metadata.ProtoBuf$Visibility$1                             : loaded 2 times (x 74B)
Class org.jetbrains.kotlin.metadata.jvm.JvmProtoBuf$StringTableTypes$Record$Operation$1: loaded 2 times (x 74B)
Class org.sqlite.date.DatePrinter                                                     : loaded 2 times (x 70B)
Class org.jetbrains.kotlin.metadata.deserialization.NameResolver                      : loaded 2 times (x 70B)
Class org.jetbrains.kotlin.protobuf.GeneratedMessageLite$ExtensionDescriptor          : loaded 2 times (x 84B)
Class org.jetbrains.org.objectweb.asm.tree.JumpInsnNode                               : loaded 2 times (x 78B)
Class org.jetbrains.kotlin.protobuf.InvalidProtocolBufferException                    : loaded 2 times (x 84B)
Class androidx.room.verifier.Jdbc_extKt                                               : loaded 2 times (x 71B)
Class com.google.common.collect.LinkedHashMultimap$ValueSet                           : loaded 2 times (x 142B)
Class org.jetbrains.kotlin.resolve.jvm.JvmClassName                                   : loaded 2 times (x 76B)
Class org.jetbrains.kotlin.metadata.jvm.JvmProtoBuf$StringTableTypes$RecordOrBuilder  : loaded 2 times (x 70B)
Class org.jetbrains.kotlin.metadata.ProtoBuf$MemberKind$1                             : loaded 2 times (x 74B)
Class org.jetbrains.kotlin.descriptors.DescriptorVisibilities$8                       : loaded 2 times (x 79B)
Class org.gradle.internal.classloader.InstrumentingClassLoader                        : loaded 2 times (x 70B)
Class org.sqlite.core.CorePreparedStatement                                           : loaded 2 times (x 206B)
Class androidx.room.parser.SQLiteParser$Savepoint_nameContext                         : loaded 2 times (x 152B)
Class androidx.room.parser.SQLiteParser$Foreign_tableContext                          : loaded 2 times (x 152B)
Class androidx.room.jarjarred.org.antlr.v4.runtime.CommonTokenFactory                 : loaded 2 times (x 79B)
Class androidx.room.jarjarred.org.antlr.v4.runtime.misc.Pair                          : loaded 2 times (x 72B)
Class [Lorg.sqlite.SQLiteConfig$DateClass;                                            : loaded 2 times (x 69B)
Class [Landroidx.room.vo.ForeignKeyAction;                                            : loaded 2 times (x 69B)
Class androidx.room.processor.cache.Cache$FullKey                                     : loaded 2 times (x 72B)
Class androidx.room.ext.RoomPagingRx2TypeNames                                        : loaded 2 times (x 71B)
Class androidx.room.ext.CommonTypeNames                                               : loaded 2 times (x 71B)
Class androidx.room.processor.QueryRewriter                                           : loaded 2 times (x 70B)
Class [Landroidx.room.compiler.processing.XElement;                                   : loaded 2 times (x 69B)
Class androidx.room.compiler.processing.XPackageElement                               : loaded 2 times (x 70B)
Class dagger.hilt.processor.internal.BaseProcessingStep                               : loaded 2 times (x 86B)
Class androidx.room.compiler.processing.XTypeElement                                  : loaded 2 times (x 70B)
Class kotlin.Deprecated                                                               : loaded 2 times (x 70B)
Class kotlin.Result$Failure                                                           : loaded 2 times (x 72B)
Class org.gradle.internal.classpath.TransformedClassPath                              : loaded 2 times (x 96B)
Class com.google.common.collect.FluentIterable$3                                      : loaded 2 times (x 81B)
Class org.jetbrains.kotlin.protobuf.ByteString$ByteIterator                           : loaded 2 times (x 70B)
Class com.google.common.cache.CacheBuilder$NullListener                               : loaded 2 times (x 82B)
Class org.objectweb.asm.FieldWriter                                                   : loaded 2 times (x 78B)
Class com.google.common.collect.MapMaker$Dummy                                        : loaded 2 times (x 79B)
Class dagger.hilt.processor.internal.optionvalues.GradleProjectType                   : loaded 2 times (x 79B)
Class androidx.room.compiler.processing.KotlinPoetExtKt                               : loaded 2 times (x 71B)
Class androidx.room.vo.FtsEntity                                                      : loaded 2 times (x 87B)
Class com.squareup.kotlinpoet.Dynamic                                                 : loaded 2 times (x 86B)
Class androidx.room.compiler.processing.ksp.KspArrayType$Factory                      : loaded 2 times (x 72B)
Class com.squareup.javapoet.ParameterizedTypeName                                     : loaded 2 times (x 81B)
Class androidx.room.compiler.processing.XProcessingEnvConfig$Builder                  : loaded 2 times (x 72B)
Class com.google.common.reflect.Invokable                                             : loaded 2 times (x 103B)
Class org.apache.commons.io.output.NullOutputStream                                   : loaded 2 times (x 85B)
Class org.apache.commons.io.build.AbstractOrigin$CharSequenceOrigin                   : loaded 2 times (x 89B)
Class org.apache.commons.io.build.AbstractOrigin$WriterOrigin                         : loaded 2 times (x 89B)
Class org.gradle.api.internal.classpath.Module                                        : loaded 2 times (x 70B)
Class kotlin.text.Regex$Companion                                                     : loaded 2 times (x 71B)
Class org.jetbrains.kotlin.metadata.deserialization.Flags$FlagField                   : loaded 2 times (x 73B)
Class jdk.internal.jimage.ImageReader$LinkNode                                        : loaded 2 times (x 84B)
Class [Lcom.google.common.collect.LinkedHashMultimap$ValueSetLink;                    : loaded 2 times (x 69B)
Class androidx.room.parser.SQLiteParser$Sql_stmtContext                               : loaded 2 times (x 178B)
Class [Lorg.sqlite.date.FastDatePrinter$Rule;                                         : loaded 2 times (x 69B)
Class androidx.room.SkipQueryVerification                                             : loaded 2 times (x 70B)
Class androidx.room.compiler.processing.XParameterizable                              : loaded 2 times (x 70B)
Class androidx.room.RoomKspProcessor$Provider                                         : loaded 2 times (x 74B)
Class kotlin.KotlinVersion                                                            : loaded 2 times (x 74B)
Class kotlin.reflect.KMutableProperty                                                 : loaded 2 times (x 70B)
Class dagger.hilt.android.processor.internal.bindvalue.KspBindValueProcessor          : loaded 2 times (x 89B)
Class org.jetbrains.kotlin.cli.common.messages.CompilerMessageLocationWithRange$Companion: loaded 2 times (x 71B)
Class com.google.common.cache.Weigher                                                 : loaded 2 times (x 70B)
Class org.gradle.api.internal.classpath.UnknownModuleException                        : loaded 2 times (x 82B)
Class [Lorg.jetbrains.kotlin.metadata.ProtoBuf$Class$Kind;                            : loaded 2 times (x 69B)
Class org.jetbrains.kotlin.metadata.ProtoBuf$TypeAliasOrBuilder                       : loaded 2 times (x 70B)
Class androidx.room.parser.SQLiteParser$Column_defContext                             : loaded 2 times (x 155B)
Class androidx.room.jarjarred.org.antlr.v4.runtime.atn.ParserATNSimulator             : loaded 2 times (x 117B)
Class androidx.room.compiler.processing.ksp.synthetic.KspSyntheticPropertyMethodElement$Setter: loaded 2 times (x 257B)
Class androidx.room.ext.String_extKt                                                  : loaded 2 times (x 71B)
Class androidx.room.compiler.processing.ksp.KSTypeVarianceResolverScope$MethodParameter: loaded 2 times (x 75B)
Class androidx.room.compiler.processing.XExecutableParameterElement                   : loaded 2 times (x 70B)
Class androidx.room.compiler.processing.util.MemoizedSequence$CachedIterator          : loaded 2 times (x 79B)
Class androidx.room.compiler.processing.ksp.KSTypeExtKt$WhenMappings                  : loaded 2 times (x 71B)
Class dagger.hilt.processor.internal.earlyentrypoint.EarlyEntryPointProcessingStep    : loaded 2 times (x 86B)
Class androidx.room.compiler.processing.ksp.KspAnnotation                             : loaded 2 times (x 140B)
Class kotlin.sequences.DistinctIterator                                               : loaded 2 times (x 83B)
Class kotlin.jvm.internal.PropertyReference                                           : loaded 2 times (x 115B)
Class androidx.room.vo.BuiltInConverterFlags$Companion                                : loaded 2 times (x 71B)
Class org.jetbrains.kotlin.config.ApiVersion                                          : loaded 2 times (x 86B)
Class com.google.common.base.Stopwatch                                                : loaded 2 times (x 72B)
Class com.google.common.cache.LocalCache$Strength                                     : loaded 2 times (x 81B)
Class com.google.common.cache.Cache                                                   : loaded 2 times (x 70B)
Class com.google.gson.stream.JsonReader$1                                             : loaded 2 times (x 72B)
Class androidx.room.compiler.processing.ksp.KspMethodType$Companion                   : loaded 2 times (x 71B)
Class org.jetbrains.kotlin.protobuf.LiteralByteString                                 : loaded 2 times (x 112B)
Class org.jetbrains.kotlin.protobuf.LazyFieldLite                                     : loaded 2 times (x 82B)
Class org.jetbrains.kotlin.build.report.metrics.BuildMetricsReporter                  : loaded 2 times (x 70B)
Class org.sqlite.jdbc4.JDBC4Statement                                                 : loaded 2 times (x 204B)
Class org.sqlite.ExtendedCommand$SQLExtension                                         : loaded 2 times (x 70B)
Class androidx.room.compiler.processing.ksp.KspMethodType$KspSuspendMethodType        : loaded 2 times (x 93B)
Class androidx.room.parser.SQLiteParser$Pragma_stmtContext                            : loaded 2 times (x 159B)
Class androidx.room.jarjarred.org.antlr.v4.runtime.dfa.LexerDFASerializer             : loaded 2 times (x 74B)
Class org.sqlite.util.LibraryLoaderUtil                                               : loaded 2 times (x 71B)
Class com.squareup.kotlinpoet.ParameterizedTypeName$Companion                         : loaded 2 times (x 71B)
Class androidx.room.compiler.processing.XRawType                                      : loaded 2 times (x 70B)
Class androidx.room.compiler.processing.XFiler                                        : loaded 2 times (x 70B)
Class kotlin.coroutines.CombinedContext                                               : loaded 2 times (x 78B)
Class org.apache.commons.io.filefilter.IOFileFilter                                   : loaded 2 times (x 70B)
Class org.apache.commons.io.build.AbstractOrigin                                      : loaded 2 times (x 89B)
Class org.apache.commons.io.build.AbstractOriginSupplier                              : loaded 2 times (x 94B)
Class com.google.common.io.AppendableWriter                                           : loaded 2 times (x 100B)
Class com.google.common.util.concurrent.AbstractFuture$Cancellation                   : loaded 2 times (x 72B)
Class androidx.room.parser.SQLiteParser$Sql_stmt_listContext                          : loaded 2 times (x 155B)
Class org.jetbrains.kotlin.descriptors.DescriptorVisibilities$7                       : loaded 2 times (x 79B)
Class org.jetbrains.org.objectweb.asm.tree.VarInsnNode                                : loaded 2 times (x 78B)
Class com.google.common.cache.LocalCache$Strength$3                                   : loaded 2 times (x 81B)
Class kotlin.io.ByteStreamsKt                                                         : loaded 2 times (x 71B)
Class com.google.common.collect.Maps$TransformedEntriesMap                            : loaded 2 times (x 127B)
Class com.google.common.collect.LinkedHashMultimap                                    : loaded 2 times (x 175B)
Class com.google.common.collect.ImmutableMap$IteratorBasedImmutableMap$1EntrySetImpl  : loaded 2 times (x 154B)
Class androidx.room.jarjarred.org.antlr.v4.runtime.atn.LoopEndState                   : loaded 2 times (x 82B)
Class androidx.room.jarjarred.org.antlr.v4.runtime.atn.PredicateTransition            : loaded 2 times (x 76B)
Class androidx.room.jarjarred.org.antlr.v4.runtime.atn.BlockStartState                : loaded 2 times (x 83B)
Class [Landroidx.room.parser.QueryType;                                               : loaded 2 times (x 69B)
Class androidx.room.processor.SuppressWarningProcessor                                : loaded 2 times (x 71B)
Class androidx.room.solver.binderprovider.QueryResultBinderProviderWithRequiredArtifact: loaded 2 times (x 76B)
Class dagger.hilt.processor.internal.uninstallmodules.UninstallModulesProcessingStep  : loaded 2 times (x 86B)
Class androidx.room.compiler.processing.ksp.KspBasicAnnotationProcessor               : loaded 2 times (x 88B)
Class com.google.common.base.Present                                                  : loaded 2 times (x 81B)
Class org.apache.commons.io.build.AbstractStreamBuilder                               : loaded 2 times (x 115B)
Class com.google.common.collect.AbstractMapBasedMultimap$WrappedCollection$WrappedIterator: loaded 2 times (x 84B)
Class com.google.common.cache.RemovalListener                                         : loaded 2 times (x 70B)
Class org.gradle.api.internal.DefaultClassPathRegistry                                : loaded 2 times (x 76B)
Class org.jetbrains.kotlin.metadata.ProtoBuf$Type$Argument$Projection$1               : loaded 2 times (x 74B)
Class org.jetbrains.kotlin.protobuf.SmallSortedMap$EmptySet$1                         : loaded 2 times (x 78B)
Class org.jetbrains.kotlin.protobuf.AbstractMessageLite$Builder$LimitedInputStream    : loaded 2 times (x 92B)
Class com.google.common.collect.ComparisonChain$1                                     : loaded 2 times (x 81B)
Class com.google.common.io.ByteStreams                                                : loaded 2 times (x 71B)
Class com.google.common.collect.Interner                                              : loaded 2 times (x 70B)
Class androidx.room.solver.query.result.ListQueryResultAdapter                        : loaded 2 times (x 73B)
Class androidx.room.parser.expansion.ExpandableSqlParserKt                            : loaded 2 times (x 71B)
Class androidx.room.parser.SQLiteParser$View_nameContext                              : loaded 2 times (x 152B)
Class androidx.room.jarjarred.org.antlr.v4.runtime.atn.WildcardTransition             : loaded 2 times (x 76B)
Class org.sqlite.core.SafeStmtPtr                                                     : loaded 2 times (x 79B)
Class org.sqlite.date.FastDatePrinter$CharacterLiteral                                : loaded 2 times (x 77B)
Class androidx.room.solver.binderprovider.MultiTypedPagingSourceQueryResultBinderProvider: loaded 2 times (x 76B)
Class kotlin.annotation.AnnotationTarget                                              : loaded 2 times (x 79B)
Class kotlin.jvm.internal.ShortCompanionObject                                        : loaded 2 times (x 71B)
Class kotlin.jvm.JvmClassMappingKt                                                    : loaded 2 times (x 71B)
Class kotlin.jvm.internal.Reflection                                                  : loaded 2 times (x 71B)
Class kotlin.reflect.KProperty                                                        : loaded 2 times (x 70B)
Class kotlin.ranges.ClosedRange                                                       : loaded 2 times (x 70B)
Class org.jetbrains.kotlin.cli.common.messages.MessageCollector                       : loaded 2 times (x 70B)
Class com.google.common.reflect.Invokable$ConstructorInvokable                        : loaded 2 times (x 107B)
Class org.apache.commons.io.file.DeleteOption                                         : loaded 2 times (x 70B)
Class org.gradle.api.internal.ClassPathRegistry                                       : loaded 2 times (x 70B)
Class org.gradle.internal.classpath.DefaultClassPath$ImmutableUniqueList              : loaded 2 times (x 199B)
Class org.jetbrains.kotlin.descriptors.Visibilities$Protected                         : loaded 2 times (x 79B)
Class org.jetbrains.kotlin.metadata.ProtoBuf$PackageOrBuilder                         : loaded 2 times (x 70B)
Class org.jetbrains.kotlin.metadata.jvm.JvmProtoBuf$JvmPropertySignature              : loaded 2 times (x 114B)
Class org.jetbrains.kotlin.metadata.ProtoBuf$ValueParameterOrBuilder                  : loaded 2 times (x 70B)
Class com.google.common.collect.Interners$InternerImpl                                : loaded 2 times (x 75B)
Class org.jetbrains.kotlin.protobuf.SmallSortedMap$EmptySet$2                         : loaded 2 times (x 78B)
Class kotlin.reflect.KTypeParameter                                                   : loaded 2 times (x 70B)
Class jdk.internal.jrtfs.JrtFileStore                                                 : loaded 2 times (x 83B)
Class androidx.room.solver.query.result.IndexAdapter                                  : loaded 2 times (x 70B)
Class androidx.room.solver.query.result.RowAdapter                                    : loaded 2 times (x 75B)
Class androidx.room.parser.SQLiteParser$Commit_stmtContext                            : loaded 2 times (x 154B)
Class androidx.room.parser.SQLiteParser$Table_nameContext                             : loaded 2 times (x 152B)
Class androidx.room.jarjarred.org.antlr.v4.runtime.misc.IntervalSet                   : loaded 2 times (x 121B)
Class androidx.room.jarjarred.org.antlr.v4.runtime.atn.AbstractPredicateTransition    : loaded 2 times (x 76B)
Class org.sqlite.SQLiteConfig$PragmaValue                                             : loaded 2 times (x 70B)
Class org.sqlite.core.Codes                                                           : loaded 2 times (x 70B)
Class androidx.room.vo.Index                                                          : loaded 2 times (x 78B)
Class dagger.hilt.processor.internal.root.KspComponentTreeDepsProcessor               : loaded 2 times (x 89B)
Class dagger.hilt.processor.internal.originatingelement.KspOriginatingElementProcessor$Provider: loaded 2 times (x 74B)
Class androidx.room.compiler.processing.ksp.KspExecutableElement                      : loaded 2 times (x 208B)
Class kotlin.jvm.internal.TypeIntrinsics                                              : loaded 2 times (x 71B)
Class kotlin.collections.IntIterator                                                  : loaded 2 times (x 82B)
Class androidx.room.compiler.processing.ksp.KspHasModifiers$Companion                 : loaded 2 times (x 71B)
Class [Landroidx.room.compiler.processing.XExecutableElement;                         : loaded 2 times (x 69B)
Class androidx.room.vo.EntityOrView                                                   : loaded 2 times (x 70B)
Class com.google.common.collect.NullnessCasts                                         : loaded 2 times (x 71B)
Class com.google.common.reflect.TypeToken                                             : loaded 2 times (x 73B)
Class com.google.common.collect.MapMakerInternalMap$Segment                           : loaded 2 times (x 142B)
Class org.apache.commons.io.IOUtils                                                   : loaded 2 times (x 71B)
Class org.jetbrains.kotlin.descriptors.DeclarationDescriptor                          : loaded 2 times (x 70B)
Class org.jetbrains.kotlin.descriptors.DescriptorVisibilities                         : loaded 2 times (x 71B)
Class [Lorg.jetbrains.org.objectweb.asm.AnnotationWriter;                             : loaded 2 times (x 69B)
Class org.jetbrains.org.objectweb.asm.tree.LookupSwitchInsnNode                       : loaded 2 times (x 78B)
Class org.jetbrains.kotlin.load.kotlin.KotlinJvmBinaryClass$AnnotationArrayArgumentVisitor: loaded 2 times (x 70B)
Class org.jetbrains.kotlin.name.FqNameUnsafe$Companion                                : loaded 2 times (x 71B)
Class org.sqlite.SQLiteConfig                                                         : loaded 2 times (x 123B)
Class org.sqlite.date.FastDateParser$CaseInsensitiveTextStrategy                      : loaded 2 times (x 77B)
Class androidx.room.jarjarred.org.antlr.v4.runtime.VocabularyImpl                     : loaded 2 times (x 85B)
Class androidx.room.jarjarred.org.antlr.v4.runtime.atn.LL1Analyzer                    : loaded 2 times (x 76B)
Class androidx.room.jarjarred.org.antlr.v4.runtime.misc.MurmurHash                    : loaded 2 times (x 71B)
Class androidx.room.parser.SQLiteParser$Select_stmtContext                            : loaded 2 times (x 158B)
Class androidx.room.jarjarred.org.antlr.v4.runtime.Recognizer                         : loaded 2 times (x 98B)
Class androidx.room.solver.TypeConverterStore                                         : loaded 2 times (x 70B)
Class dagger.hilt.processor.internal.HiltProcessingEnvConfigs                         : loaded 2 times (x 71B)
Class kotlin.time.DurationUnit                                                        : loaded 2 times (x 79B)
Class androidx.room.vo.RelationCollector                                              : loaded 2 times (x 72B)
Class org.jetbrains.kotlin.cli.common.messages.CompilerMessageSourceLocation          : loaded 2 times (x 70B)
Class org.jetbrains.kotlin.cli.common.arguments.K2JVMCompilerArgumentsConfigurator    : loaded 2 times (x 74B)
Class com.google.common.cache.RemovalCause                                            : loaded 2 times (x 80B)
Class com.google.common.io.ByteSink                                                   : loaded 2 times (x 76B)
Class com.google.common.cache.CacheBuilder                                            : loaded 2 times (x 72B)
Class Settings_gradle$1                                                               : loaded 2 times (x 74B)
Class org.gradle.internal.classpath.ClassPath                                         : loaded 2 times (x 70B)
Class com.google.common.base.CaseFormat$5                                             : loaded 2 times (x 83B)
Class org.jetbrains.kotlin.metadata.deserialization.TypeTable                         : loaded 2 times (x 72B)
Class org.jetbrains.kotlin.load.kotlin.FileBasedKotlinClass$1                         : loaded 2 times (x 88B)
Class kotlin.sequences.SequencesKt__SequencesKt$asSequence$$inlined$Sequence$1        : loaded 2 times (x 75B)
Class com.google.common.collect.LinkedHashMultimap$ValueSet$1                         : loaded 2 times (x 82B)
Class com.google.common.collect.LinkedListMultimap$Node                               : loaded 2 times (x 82B)
Class com.google.common.base.Equivalence$Wrapper                                      : loaded 2 times (x 72B)
Class com.google.common.collect.LinkedListMultimap$1                                  : loaded 2 times (x 199B)
Class org.jetbrains.kotlin.metadata.ProtoBuf$Annotation$Argument$Value                : loaded 2 times (x 127B)
Class androidx.room.solver.query.result.CoroutineResultBinder                         : loaded 2 times (x 74B)
Class [Landroidx.room.jarjarred.org.antlr.v4.runtime.atn.PredictionContext;           : loaded 2 times (x 69B)
Class androidx.room.jarjarred.org.antlr.v4.runtime.atn.SemanticContext$OR             : loaded 2 times (x 75B)
Class androidx.room.parser.SQLiteParser$Vacuum_stmtContext                            : loaded 2 times (x 155B)
Class androidx.room.parser.SQLiteParser$Insert_stmtContext                            : loaded 2 times (x 177B)
Class org.sqlite.date.DateParser                                                      : loaded 2 times (x 70B)
Class org.sqlite.core.DB                                                              : loaded 2 times (x 143B)
Class androidx.room.log.RLog$CollectingMessager                                       : loaded 2 times (x 73B)
Class androidx.room.compiler.processing.XMethodElement                                : loaded 2 times (x 70B)
Class androidx.room.compiler.processing.XNullability                                  : loaded 2 times (x 79B)
Class dagger.hilt.processor.internal.root.RootProcessingStep                          : loaded 2 times (x 86B)
Class kotlin.sequences.TakeWhileSequence$iterator$1                                   : loaded 2 times (x 79B)
Class kotlin.collections.ArrayDeque                                                   : loaded 2 times (x 207B)
Class [Lcom.google.common.reflect.Types$JavaVersion;                                  : loaded 2 times (x 69B)
Class com.google.common.collect.Interners$InternerBuilder                             : loaded 2 times (x 76B)
Class com.google.common.io.Files$FileByteSource                                       : loaded 2 times (x 85B)
Class [Lorg.apache.http.HeaderElement;                                                : loaded 2 times (x 69B)
Class org.jetbrains.kotlin.metadata.ProtoBuf$Type$ArgumentOrBuilder                   : loaded 2 times (x 70B)
Class org.jetbrains.kotlin.com.intellij.openapi.diagnostic.Logger                     : loaded 2 times (x 99B)
Class org.jetbrains.kotlin.protobuf.GeneratedMessageLite$GeneratedExtension           : loaded 2 times (x 79B)
Class org.jetbrains.kotlin.load.kotlin.FileBasedKotlinClass$2                         : loaded 2 times (x 88B)
Class org.jetbrains.kotlin.protobuf.CodedOutputStream$OutOfSpaceException             : loaded 2 times (x 82B)
Class com.google.common.collect.Sets$1$1                                              : loaded 2 times (x 82B)
Class androidx.room.solver.query.parameter.QueryParameterAdapter                      : loaded 2 times (x 73B)
Class androidx.room.vo.RelationCollector$Companion                                    : loaded 2 times (x 71B)
Class androidx.room.jarjarred.org.antlr.v4.runtime.CommonTokenStream                  : loaded 2 times (x 127B)
Class androidx.room.jarjarred.org.antlr.v4.runtime.CodePointCharStream$1              : loaded 2 times (x 71B)
Class androidx.room.jarjarred.org.antlr.v4.runtime.CodePointCharStream$CodePoint16BitCharStream: loaded 2 times (x 88B)
Class [Lorg.sqlite.date.FastDateParser$Strategy;                                      : loaded 2 times (x 69B)
Class androidx.room.solver.types.UpCastTypeConverter                                  : loaded 2 times (x 74B)
Class androidx.room.vo.Entity                                                         : loaded 2 times (x 87B)
Class androidx.room.compiler.processing.ksp.KSTypeVarianceResolverScope$PropertySetterParameterType: loaded 2 times (x 74B)
Class androidx.room.solver.types.PrimitiveColumnTypeAdapter$Companion                 : loaded 2 times (x 71B)
Class androidx.room.compiler.processing.XExecutableType                               : loaded 2 times (x 70B)
Class androidx.room.compiler.processing.ksp.KspRawType                                : loaded 2 times (x 79B)
Class androidx.room.compiler.processing.CommonProcessorDelegate                       : loaded 2 times (x 72B)
Class dagger.hilt.android.processor.internal.customtestapplication.KspCustomTestApplicationProcessor$Provider: loaded 2 times (x 74B)
Class kotlin.ranges.LongRange                                                         : loaded 2 times (x 93B)
Class kotlin.time.DurationUnitKt__DurationUnitKt                                      : loaded 2 times (x 71B)
Class [Lkotlin.reflect.KDeclarationContainer;                                         : loaded 2 times (x 69B)
Class org.jetbrains.kotlin.descriptors.DescriptorVisibilities$6                       : loaded 2 times (x 79B)
Class com.google.common.cache.LocalCache$Strength$2                                   : loaded 2 times (x 81B)
Class kotlin.jvm.internal.Lambda                                                      : loaded 2 times (x 75B)
Class org.jetbrains.kotlin.cli.common.arguments.Freezable                             : loaded 2 times (x 72B)
Class org.apache.commons.io.build.AbstractOrigin$FileOrigin                           : loaded 2 times (x 89B)
Class com.google.common.io.CharStreams$NullWriter                                     : loaded 2 times (x 99B)
Class org.objectweb.asm.SymbolTable$Entry                                             : loaded 2 times (x 74B)
Class com.google.gson.internal.JsonReaderInternalAccess                               : loaded 2 times (x 72B)
Class org.jetbrains.kotlin.metadata.ProtoBuf$Class                                    : loaded 2 times (x 186B)
Class org.jetbrains.kotlin.metadata.ProtoBuf$Property$1                               : loaded 2 times (x 144B)
Class org.jetbrains.kotlin.metadata.ProtoBuf$Type                                     : loaded 2 times (x 145B)
Class com.google.common.util.concurrent.SettableFuture                                : loaded 2 times (x 114B)
Class org.jetbrains.kotlin.load.kotlin.FileBasedKotlinClass$3                         : loaded 2 times (x 78B)
Class [Lcom.google.common.base.CaseFormat;                                            : loaded 2 times (x 69B)
Class org.apache.commons.io.output.QueueOutputStream                                  : loaded 2 times (x 87B)
Class androidx.room.parser.SQLiteParser$Create_virtual_table_stmtContext              : loaded 2 times (x 168B)
Class androidx.room.parser.SQLiteParser$Error_messageContext                          : loaded 2 times (x 152B)
Class androidx.room.jarjarred.org.antlr.v4.runtime.misc.Interval                      : loaded 2 times (x 83B)
Class androidx.room.jarjarred.org.antlr.v4.runtime.RuntimeMetaData                    : loaded 2 times (x 71B)
Class androidx.room.parser.SQLTypeAffinity$Companion                                  : loaded 2 times (x 71B)
Class com.squareup.kotlinpoet.TypeName$Companion                                      : loaded 2 times (x 71B)
Class androidx.room.compiler.processing.InternalXAnnotated                            : loaded 2 times (x 70B)
Class com.google.common.reflect.Types$ClassOwnership$3                                : loaded 2 times (x 71B)
Class kotlin.jvm.internal.markers.KMutableMap$Entry                                   : loaded 2 times (x 70B)
Class org.objectweb.asm.Edge                                                          : loaded 2 times (x 72B)
Class com.google.common.base.Suppliers$SupplierOfInstance                             : loaded 2 times (x 79B)
Class org.jetbrains.kotlin.load.kotlin.FileBasedKotlinClass$4                         : loaded 2 times (x 88B)
Class org.jetbrains.kotlin.cli.common.messages.CompilerMessageSeverity                : loaded 2 times (x 79B)
Class kotlin.coroutines.jvm.internal.ContinuationImpl                                 : loaded 2 times (x 87B)
Class kotlin.coroutines.jvm.internal.SuspendLambda                                    : loaded 2 times (x 91B)
Class [Landroidx.room.jarjarred.org.antlr.v4.runtime.atn.SemanticContext;             : loaded 2 times (x 69B)
Class androidx.room.parser.SQLiteParser$Ordering_termContext                          : loaded 2 times (x 158B)
Class org.sqlite.SQLiteConfig$LockingMode                                             : loaded 2 times (x 82B)
Class androidx.room.vo.ForeignKeyAction$Companion                                     : loaded 2 times (x 71B)
Class [Landroidx.room.compiler.processing.XHasModifiers;                              : loaded 2 times (x 69B)
Class dagger.hilt.processor.internal.generatesrootinput.KspGeneratesRootInputProcessor: loaded 2 times (x 89B)
Class androidx.room.compiler.processing.XExecutableElement                            : loaded 2 times (x 70B)
Class kotlin.ranges.LongProgression$Companion                                         : loaded 2 times (x 71B)
Class kotlin.properties.Delegates                                                     : loaded 2 times (x 71B)
Class kotlin.Metadata                                                                 : loaded 2 times (x 70B)
Class kotlin.collections.AbstractMutableSet                                           : loaded 2 times (x 142B)
Class com.google.devtools.ksp.processing.KSPJvmConfig                                 : loaded 2 times (x 72B)
Class com.google.common.reflect.TypeToken$1                                           : loaded 2 times (x 110B)
Class com.google.common.cache.LocalCache$ComputingValueReference                      : loaded 2 times (x 96B)
Class org.jetbrains.kotlin.metadata.ProtoBuf$Annotation$Argument                      : loaded 2 times (x 108B)
Class org.jetbrains.org.objectweb.asm.tree.LocalVariableNode                          : loaded 2 times (x 73B)
Class org.jetbrains.kotlin.metadata.ProtoBuf$Class$Kind                               : loaded 2 times (x 82B)
Class org.jetbrains.kotlin.protobuf.GeneratedMessageLite$Builder                      : loaded 2 times (x 128B)
Class org.jetbrains.kotlin.protobuf.WireFormat$FieldType$1                            : loaded 2 times (x 83B)
Class org.jetbrains.kotlin.metadata.jvm.JvmProtoBuf$JvmMethodSignatureOrBuilder       : loaded 2 times (x 70B)
Class org.jetbrains.kotlin.protobuf.ByteString                                        : loaded 2 times (x 108B)
Class com.google.common.collect.MultimapBuilder                                       : loaded 2 times (x 73B)
Class com.google.common.collect.AbstractMapBasedMultimap$AsMap$AsMapEntries           : loaded 2 times (x 138B)
Class androidx.room.jarjarred.org.antlr.v4.runtime.atn.SemanticContext$Predicate      : loaded 2 times (x 73B)
Class androidx.room.parser.SQLiteParser$Pragma_valueContext                           : loaded 2 times (x 154B)
Class androidx.room.jarjarred.org.antlr.v4.runtime.CodePointCharStream                : loaded 2 times (x 88B)
Class org.sqlite.ProgressHandler                                                      : loaded 2 times (x 72B)
Class androidx.room.solver.NullAwareTypeConverterStore                                : loaded 2 times (x 80B)
Class [Landroidx.room.BuiltInTypeConverters$State;                                    : loaded 2 times (x 69B)
Class androidx.room.processor.CustomConverterProcessor$ProcessResult                  : loaded 2 times (x 72B)
Class com.squareup.kotlinpoet.WildcardTypeName                                        : loaded 2 times (x 86B)
Class com.squareup.kotlinpoet.ClassName                                               : loaded 2 times (x 89B)
Class androidx.room.compiler.processing.ksp.DefaultKspType                            : loaded 2 times (x 186B)
Class androidx.room.compiler.processing.ksp.KspTypeElement$DefaultKspTypeElement      : loaded 2 times (x 302B)
Class dagger.hilt.processor.internal.originatingelement.OriginatingElementProcessingStep: loaded 2 times (x 86B)
Class kotlin.collections.MapWithDefault                                               : loaded 2 times (x 70B)
Class kotlin.reflect.KProperty$Getter                                                 : loaded 2 times (x 70B)
Class [Lorg.jetbrains.kotlin.cli.common.messages.CompilerMessageSeverity;             : loaded 2 times (x 69B)
Class com.google.common.reflect.TypeToken$2                                           : loaded 2 times (x 110B)
Class com.google.common.cache.LocalCache$Segment                                      : loaded 2 times (x 154B)
Class org.jetbrains.kotlin.metadata.ProtoBuf$TypeParameter                            : loaded 2 times (x 130B)
Class org.jetbrains.kotlin.metadata.ProtoBuf$ValueParameter$1                         : loaded 2 times (x 144B)
Class [Lorg.jetbrains.kotlin.protobuf.WireFormat$FieldType;                           : loaded 2 times (x 69B)
Class org.jetbrains.kotlin.protobuf.WireFormat$FieldType$2                            : loaded 2 times (x 83B)
Class kotlin.jvm.functions.Function22                                                 : loaded 2 times (x 70B)
Class kotlin.annotation.AnnotationRetention                                           : loaded 2 times (x 79B)
Class kotlin.collections.builders.MapBuilderEntries                                   : loaded 2 times (x 145B)
Class dagger.spi.internal.shaded.androidx.room3.compiler.processing.ksp.KspBasicAnnotationProcessor$DelegateLogger: loaded 2 times (x 79B)
Class androidx.room.jarjarred.org.antlr.v4.runtime.atn.ATNConfigSet$ConfigHashSet     : loaded 2 times (x 140B)
Class androidx.room.ext.LifecyclesTypeNames                                           : loaded 2 times (x 71B)
Class org.sqlite.date.FastDateParser$Strategy                                         : loaded 2 times (x 74B)
Class [Lorg.sqlite.SQLiteConfig$DatePrecision;                                        : loaded 2 times (x 69B)
Class org.sqlite.util.OSInfo                                                          : loaded 2 times (x 71B)
Class androidx.room.compiler.processing.ksp.synthetic.KspSyntheticPropertyMethodType$Companion: loaded 2 times (x 71B)
Class androidx.room.solver.types.StatementValueBinder                                 : loaded 2 times (x 70B)
Class androidx.room.compiler.processing.ksp.KspAnnotationValue                        : loaded 2 times (x 155B)
Class androidx.room.compiler.processing.ksp.KspTypeElement                            : loaded 2 times (x 302B)
Class androidx.room.compiler.processing.ksp.KSTypeVarianceResolver                    : loaded 2 times (x 72B)
Class kotlin.time.DurationJvmKt                                                       : loaded 2 times (x 71B)
Class kotlin.SafePublicationLazyImpl                                                  : loaded 2 times (x 76B)
Class [Lorg.objectweb.asm.SymbolTable$Entry;                                          : loaded 2 times (x 69B)
Class com.google.common.cache.CacheLoader                                             : loaded 2 times (x 74B)
Class org.gradle.api.internal.classpath.ModuleRegistry                                : loaded 2 times (x 70B)
Class org.gradle.internal.installation.GradleInstallation$1                           : loaded 2 times (x 75B)
Class org.jetbrains.kotlin.protobuf.WireFormat$FieldType$3                            : loaded 2 times (x 83B)
Class androidx.room.solver.types.TypeConverter$Cost                                   : loaded 2 times (x 75B)
Class androidx.room.solver.binderprovider.GuavaListenableFutureQueryResultBinderProviderKt: loaded 2 times (x 71B)
Class androidx.room.processor.EntityProcessor$Companion                               : loaded 2 times (x 71B)
Class org.sqlite.date.FastDateParser$ISO8601TimeZoneStrategy                          : loaded 2 times (x 77B)
Class androidx.room.parser.SQLiteParser$Conflict_clauseContext                        : loaded 2 times (x 158B)
Class org.sqlite.jdbc3.JDBC3ResultSet                                                 : loaded 2 times (x 164B)
Class androidx.room.solver.NullAwareTypeConverterStore$TypeConverterEntry             : loaded 2 times (x 75B)
Class dagger.hilt.processor.internal.aliasof.AliasOfProcessingStep                    : loaded 2 times (x 86B)
Class androidx.room.parser.SQLiteParser$Foreign_key_clauseContext                     : loaded 2 times (x 188B)
Class kotlin.jvm.internal.DoubleCompanionObject                                       : loaded 2 times (x 71B)
Class com.google.devtools.ksp.processing.KSPLogger                                    : loaded 2 times (x 70B)
Class org.apache.commons.io.output.NullWriter                                         : loaded 2 times (x 99B)
Class org.apache.commons.io.build.AbstractOrigin$PathOrigin                           : loaded 2 times (x 89B)
Class com.google.common.util.concurrent.internal.InternalFutureFailureAccess          : loaded 2 times (x 72B)
Class org.jetbrains.kotlin.descriptors.Visibilities$Internal                          : loaded 2 times (x 79B)
Class org.jetbrains.kotlin.metadata.ProtoBuf$VersionRequirement$Level                 : loaded 2 times (x 82B)
Class org.jetbrains.kotlin.metadata.ProtoBuf$VersionRequirementOrBuilder              : loaded 2 times (x 70B)
Class [Lorg.jetbrains.kotlin.metadata.ProtoBuf$Annotation$Argument$Value$Type;        : loaded 2 times (x 69B)
Class org.jetbrains.kotlin.metadata.ProtoBuf$Contract$1                               : loaded 2 times (x 144B)
Class org.jetbrains.kotlin.metadata.ProtoBuf$Type$1                                   : loaded 2 times (x 144B)
Class org.jetbrains.kotlin.protobuf.WireFormat$FieldType$4                            : loaded 2 times (x 83B)
Class org.jetbrains.kotlin.metadata.jvm.JvmProtoBuf$JvmMethodSignature$1              : loaded 2 times (x 144B)
Class org.jetbrains.kotlin.load.kotlin.FileBasedKotlinClass$3$1                       : loaded 2 times (x 78B)
Class org.jetbrains.kotlin.name.FqNameUnsafe                                          : loaded 2 times (x 72B)
Class com.google.common.collect.MultimapBuilder$ArrayListSupplier                     : loaded 2 times (x 77B)
Class com.google.common.collect.ImmutableSortedAsList                                 : loaded 2 times (x 221B)
Class com.google.common.collect.Iterators$6                                           : loaded 2 times (x 81B)
Class androidx.room.jarjarred.org.antlr.v4.runtime.atn.SemanticContext$AND            : loaded 2 times (x 75B)
Class androidx.room.compiler.processing.ksp.KspAnnotated$NotAnnotated                 : loaded 2 times (x 133B)
Class androidx.room.solver.query.result.QueryResultAdapter                            : loaded 2 times (x 73B)
Class androidx.room.parser.SQLiteParser$Create_view_stmtContext                       : loaded 2 times (x 169B)
Class androidx.room.jarjarred.org.antlr.v4.runtime.atn.LexerATNConfig                 : loaded 2 times (x 75B)
Class androidx.room.jarjarred.org.antlr.v4.runtime.atn.RuleStopState                  : loaded 2 times (x 82B)
Class androidx.room.Dao                                                               : loaded 2 times (x 70B)
Class org.sqlite.date.FormatCache$MultipartKey                                        : loaded 2 times (x 72B)
Class [Lorg.sqlite.SQLiteConfig$Pragma;                                               : loaded 2 times (x 69B)
Class androidx.room.parser.SqlParser$Companion                                        : loaded 2 times (x 71B)
Class androidx.room.solver.ObservableQueryResultBinderProvider                        : loaded 2 times (x 79B)
Class androidx.room.compiler.processing.JavaPoetExtKt                                 : loaded 2 times (x 71B)
Class kotlin.text.RegexKt                                                             : loaded 2 times (x 71B)
Class [Lkotlin.jvm.internal.markers.KMappedMarker;                                    : loaded 2 times (x 69B)
Class kotlin.time.Duration$Companion                                                  : loaded 2 times (x 71B)
Class kotlin.coroutines.intrinsics.IntrinsicsKt__IntrinsicsKt                         : loaded 2 times (x 71B)
Class com.google.common.base.CaseFormat$4                                             : loaded 2 times (x 83B)
Class [Lorg.jetbrains.org.objectweb.asm.Type;                                         : loaded 2 times (x 69B)
Class org.apache.commons.io.input.ProxyInputStream                                    : loaded 2 times (x 96B)
Class com.google.common.cache.LocalCache$LocalManualCache$1                           : loaded 2 times (x 75B)
Class org.jetbrains.kotlin.metadata.ProtoBuf$Expression                               : loaded 2 times (x 120B)
Class org.jetbrains.kotlin.protobuf.GeneratedMessageLite$ExtendableMessage            : loaded 2 times (x 113B)
Class org.jetbrains.kotlin.metadata.jvm.JvmProtoBuf$JvmPropertySignatureOrBuilder     : loaded 2 times (x 70B)
Class com.google.common.collect.LinkedListMultimap                                    : loaded 2 times (x 161B)
Class com.google.common.collect.Multimaps$CustomListMultimap                          : loaded 2 times (x 174B)
Class org.jetbrains.kotlin.descriptors.DescriptorVisibilities$5                       : loaded 2 times (x 79B)
Class com.google.common.cache.LocalCache$Strength$1                                   : loaded 2 times (x 81B)
Class androidx.room.parser.SQLiteParser$Create_trigger_stmtContext                    : loaded 2 times (x 192B)
Class [[Landroidx.room.jarjarred.org.antlr.v4.runtime.atn.ATNConfig;                  : loaded 2 times (x 69B)
Class androidx.room.processor.InternalQueryProcessor                                  : loaded 2 times (x 72B)
Class androidx.room.processor.ForeignKeyInput                                         : loaded 2 times (x 72B)
Class [Landroidx.room.compiler.codegen.XTypeName;                                     : loaded 2 times (x 69B)
Class [Landroidx.room.solver.RxVersion;                                               : loaded 2 times (x 69B)
Class androidx.room.compiler.processing.ksp.KSTypeWrapper                             : loaded 2 times (x 72B)
Class org.objectweb.asm.ModuleVisitor                                                 : loaded 2 times (x 81B)
Class org.gradle.api.internal.classpath.DefaultModuleRegistry                         : loaded 2 times (x 86B)
Class org.jetbrains.kotlin.metadata.ProtoBuf$Annotation$Argument$1                    : loaded 2 times (x 144B)
Class org.jetbrains.kotlin.metadata.deserialization.Flags$BooleanFlagField            : loaded 2 times (x 76B)
Class org.apache.http.message.BasicHeader                                             : loaded 2 times (x 82B)
Class org.jetbrains.kotlin.metadata.ProtoBuf$Function$1                               : loaded 2 times (x 144B)
Class com.google.common.io.ByteArrayDataInput                                         : loaded 2 times (x 70B)
Class org.jetbrains.kotlin.metadata.jvm.deserialization.JvmProtoBufUtil               : loaded 2 times (x 71B)
Class org.jetbrains.kotlin.load.kotlin.KotlinJvmBinaryClass$AnnotationVisitor         : loaded 2 times (x 70B)
Class com.google.common.collect.MapMakerInternalMap$StrongValueEntry                  : loaded 2 times (x 70B)
Class com.google.common.reflect.TypeResolver                                          : loaded 2 times (x 72B)
Class org.jetbrains.kotlin.build.report.metrics.GradleBuildTime$Companion             : loaded 2 times (x 71B)
Class com.google.common.collect.LinkedHashMultimap$ValueSetLink                       : loaded 2 times (x 70B)
Class com.google.common.reflect.Types$ClassOwnership$2                                : loaded 2 times (x 80B)
Class kotlin.jvm.functions.Function21                                                 : loaded 2 times (x 70B)
Class [Landroidx.room.solver.types.ByteArrayColumnTypeAdapter;                        : loaded 2 times (x 69B)
Class androidx.room.jarjarred.org.antlr.v4.runtime.atn.PredictionMode$AltAndContextMap: loaded 2 times (x 125B)
Class androidx.room.jarjarred.org.antlr.v4.runtime.atn.SemanticContext                : loaded 2 times (x 73B)
Class androidx.room.parser.SQLiteParser$KeywordContext                                : loaded 2 times (x 306B)
Class [Lorg.sqlite.SQLiteConfig$SynchronousMode;                                      : loaded 2 times (x 69B)
Class androidx.room.ext.RxJava3TypeNames                                              : loaded 2 times (x 71B)
Class com.squareup.javapoet.TypeName                                                  : loaded 2 times (x 81B)
Class androidx.room.solver.TypeConverterStore$Companion                               : loaded 2 times (x 71B)
Class kotlin.collections.AbstractMutableMap                                           : loaded 2 times (x 128B)
Class kotlin.KotlinVersionCurrentValue                                                : loaded 2 times (x 71B)
Class kotlin.collections.builders.MapBuilder$Itr                                      : loaded 2 times (x 72B)
Class androidx.room.solver.types.NullSafeTypeConverter                                : loaded 2 times (x 74B)
Class kotlin.collections.AbstractSet                                                  : loaded 2 times (x 135B)
Class com.google.common.util.concurrent.ListenableFuture                              : loaded 2 times (x 70B)
Class com.google.common.cache.ReferenceEntry                                          : loaded 2 times (x 70B)
Class org.jetbrains.kotlin.com.intellij.openapi.diagnostic.Logger$DefaultFactory      : loaded 2 times (x 74B)
Class androidx.room.compiler.processing.ksp.KSTypeVarianceResolverScope$MethodReturnType: loaded 2 times (x 74B)
Class com.google.common.collect.ImmutableMapValues                                    : loaded 2 times (x 126B)
Class androidx.room.compiler.processing.DeclarationCollectorKt$collectFieldsIncludingPrivateSupers$1: loaded 2 times (x 95B)
Class org.sqlite.core.SafeStmtPtr$SafePtrIntFunction                                  : loaded 2 times (x 70B)
Class androidx.room.jarjarred.org.antlr.v4.runtime.LexerNoViableAltException          : loaded 2 times (x 93B)
Class androidx.room.MapInfo                                                           : loaded 2 times (x 70B)
Class com.squareup.kotlinpoet.TypeVariableName                                        : loaded 2 times (x 86B)
Class androidx.room.jarjarred.org.antlr.v4.runtime.misc.FlexibleHashMap$Entry         : loaded 2 times (x 72B)
Class androidx.room.parser.SQLiteParser$Create_table_stmtContext                      : loaded 2 times (x 173B)
Class androidx.room.jarjarred.org.antlr.v4.runtime.atn.PrecedencePredicateTransition  : loaded 2 times (x 76B)
Class [Lorg.sqlite.SQLiteOpenMode;                                                    : loaded 2 times (x 69B)
Class androidx.room.compiler.processing.javac.JavacBasicAnnotationProcessor           : loaded 2 times (x 98B)
Class jdk.internal.jimage.BasicImageReader$2                                          : loaded 2 times (x 77B)
Class kotlin.properties.NotNullVar                                                    : loaded 2 times (x 79B)
Class kotlin.jvm.internal.markers.KMutableSet                                         : loaded 2 times (x 70B)
Class org.apache.http.HeaderElement                                                   : loaded 2 times (x 70B)
Class com.google.common.util.concurrent.AbstractFuture                                : loaded 2 times (x 106B)
Class com.google.gson.Strictness                                                      : loaded 2 times (x 79B)
Class org.jetbrains.kotlin.descriptors.Visibilities$Private                           : loaded 2 times (x 79B)
Class androidx.room.solver.query.parameter.BasicQueryParameterAdapter                 : loaded 2 times (x 74B)
Class com.google.common.base.CaseFormat$3                                             : loaded 2 times (x 83B)
Class com.google.common.base.CaseFormat$StringConverter                               : loaded 2 times (x 90B)
Class androidx.room.parser.SQLiteParser$NameContext                                   : loaded 2 times (x 152B)
Class androidx.room.jarjarred.org.antlr.v4.runtime.atn.ATNConfigSet$AbstractConfigHashSet: loaded 2 times (x 140B)
Class androidx.room.jarjarred.org.antlr.v4.runtime.atn.BlockEndState                  : loaded 2 times (x 82B)
Class androidx.room.jarjarred.org.antlr.v4.runtime.atn.SingletonPredictionContext     : loaded 2 times (x 80B)
Class androidx.room.solver.types.ByteArrayColumnTypeAdapter                           : loaded 2 times (x 85B)
Class kotlin.coroutines.jvm.internal.RestrictedContinuationImpl                       : loaded 2 times (x 87B)
Class kotlin.io.FileTreeWalk$FileTreeWalkIterator$SingleFileState                     : loaded 2 times (x 74B)
Class kotlin.coroutines.CoroutineContext$Key                                          : loaded 2 times (x 70B)
Class com.google.common.reflect.TypeResolver$TypeTable                                : loaded 2 times (x 73B)
Class com.google.common.io.CharStreams                                                : loaded 2 times (x 71B)
Class org.objectweb.asm.RecordComponentVisitor                                        : loaded 2 times (x 77B)
Class com.google.common.cache.CacheLoader$SupplierToCacheLoader                       : loaded 2 times (x 75B)
Class org.jetbrains.kotlin.metadata.ProtoBuf$VersionRequirement$VersionKind$1         : loaded 2 times (x 74B)
Class org.jetbrains.kotlin.metadata.ProtoBuf$Annotation$1                             : loaded 2 times (x 144B)
Class org.jetbrains.kotlin.protobuf.AbstractParser                                    : loaded 2 times (x 144B)
Class [Lcom.google.common.collect.LinkedHashMultimap$ValueEntry;                      : loaded 2 times (x 69B)
Class org.jetbrains.org.objectweb.asm.tree.TableSwitchInsnNode                        : loaded 2 times (x 79B)
Class [Lorg.jetbrains.kotlin.protobuf.WireFormat$JavaType;                            : loaded 2 times (x 69B)
Class org.jetbrains.kotlin.descriptors.DescriptorVisibilities$4                       : loaded 2 times (x 79B)
Class androidx.room.jarjarred.org.antlr.v4.runtime.misc.IntSet                        : loaded 2 times (x 70B)
Class org.sqlite.core.CoreStatement                                                   : loaded 2 times (x 81B)
Class androidx.room.Upsert                                                            : loaded 2 times (x 70B)
Class androidx.room.RewriteQueriesToDropUnusedColumns                                 : loaded 2 times (x 70B)
Class androidx.room.compiler.processing.ksp.KSTypeReferenceExtKt                      : loaded 2 times (x 71B)
Class androidx.room.processor.CustomConverterProcessor$Companion                      : loaded 2 times (x 71B)
Class [Landroidx.room.compiler.codegen.XClassName;                                    : loaded 2 times (x 69B)
Class org.gradle.internal.service.UnknownServiceException                             : loaded 2 times (x 83B)
Class androidx.room.compiler.processing.ksp.KSTypeKotlinPoetExtKt                     : loaded 2 times (x 71B)
Class com.squareup.kotlinpoet.UtilKt                                                  : loaded 2 times (x 71B)
Class androidx.room.compiler.processing.XTypeKt                                       : loaded 2 times (x 71B)
Class [Ldagger.spi.internal.shaded.androidx.room3.compiler.processing.XProcessingEnv$Backend;: loaded 2 times (x 69B)
Class com.google.common.cache.LocalCache$LocalLoadingCache                            : loaded 2 times (x 134B)
Class jdk.internal.jimage.ImageReader$Resource                                        : loaded 2 times (x 84B)
Class [Lkotlin.Pair;                                                                  : loaded 2 times (x 69B)
Class kotlin.jvm.internal.markers.KMutableList                                        : loaded 2 times (x 70B)
Class [Lorg.objectweb.asm.AnnotationVisitor;                                          : loaded 2 times (x 69B)
Class com.google.common.collect.MapMakerInternalMap$Strength$2                        : loaded 2 times (x 80B)
Class com.google.common.reflect.Types$ClassOwnership$1                                : loaded 2 times (x 80B)
Class org.jetbrains.kotlin.cli.common.CompilerSystemProperties$value$1                : loaded 2 times (x 125B)
Class com.google.common.reflect.TypeResolver$TypeTable$1                              : loaded 2 times (x 73B)
Class org.gradle.internal.service.ServiceLookupException                              : loaded 2 times (x 82B)
Class org.jetbrains.kotlin.metadata.ProtoBuf$Expression$ConstantValue                 : loaded 2 times (x 82B)
Class [Lorg.jetbrains.kotlin.protobuf.Internal$EnumLite;                              : loaded 2 times (x 69B)
Class org.jetbrains.kotlin.com.intellij.openapi.diagnostic.LogLevel                   : loaded 2 times (x 79B)
Class com.google.common.collect.LinkedListMultimap$DistinctKeyIterator                : loaded 2 times (x 82B)
Class org.jetbrains.kotlin.cli.common.CompilerSystemProperties                        : loaded 2 times (x 80B)
Class androidx.room.jarjarred.org.antlr.v4.runtime.atn.LexerActionExecutor            : loaded 2 times (x 75B)
Class org.sqlite.SQLiteConnection                                                     : loaded 2 times (x 222B)
Class org.sqlite.core.DB$ProgressObserver                                             : loaded 2 times (x 70B)
Class com.squareup.javapoet.LineWrapper                                               : loaded 2 times (x 72B)
Class androidx.room.compiler.processing.ksp.KspHasModifiers                           : loaded 2 times (x 92B)
Class dagger.hilt.processor.internal.aggregateddeps.KspAggregatedDepsProcessor        : loaded 2 times (x 89B)
Class dagger.hilt.processor.internal.KspBaseProcessingStepProcessor                   : loaded 2 times (x 89B)
Class jdk.internal.jrtfs.JrtFileAttributes                                            : loaded 2 times (x 83B)
Class kotlin.sequences.SequencesKt___SequencesKt$sortedWith$1                         : loaded 2 times (x 75B)
Class [Lkotlin.sequences.Sequence;                                                    : loaded 2 times (x 69B)
Class kotlin.jvm.internal.MutablePropertyReference1Impl                               : loaded 2 times (x 137B)
Class kotlin.collections.CollectionsKt___CollectionsKt$asSequence$$inlined$Sequence$1 : loaded 2 times (x 75B)
Class kotlin.jvm.functions.Function20                                                 : loaded 2 times (x 70B)
Class org.apache.commons.io.build.AbstractSupplier                                    : loaded 2 times (x 78B)
Class [Lcom.google.common.cache.LocalCache$EntryFactory;                              : loaded 2 times (x 69B)
Class org.gradle.internal.classloader.ClassLoaderFactory                              : loaded 2 times (x 70B)
Class jdk.internal.jrtfs.SystemImage                                                  : loaded 2 times (x 74B)
Class [Landroidx.room.parser.SQLTypeAffinity;                                         : loaded 2 times (x 69B)
Class androidx.room.parser.QueryVisitor$Companion                                     : loaded 2 times (x 71B)
Class androidx.room.parser.SQLiteParser$With_clauseContext                            : loaded 2 times (x 165B)
Class [Landroidx.room.jarjarred.org.antlr.v4.runtime.misc.Interval;                   : loaded 2 times (x 69B)
Class androidx.room.jarjarred.org.antlr.v4.runtime.atn.LexerAction                    : loaded 2 times (x 70B)
Class org.sqlite.date.FastDateParser$TimeZoneStrategy                                 : loaded 2 times (x 77B)
Class org.sqlite.date.FastDateParser$NumberStrategy                                   : loaded 2 times (x 78B)
Class androidx.room.compiler.processing.KClassExtKt                                   : loaded 2 times (x 71B)
Class androidx.room.ext.RxJava2TypeNames                                              : loaded 2 times (x 71B)
Class kotlin.jvm.internal.EnumCompanionObject                                         : loaded 2 times (x 71B)
Class com.google.common.collect.ImmutableMap$SerializedForm                           : loaded 2 times (x 73B)
Class org.apache.commons.io.CloseableURLConnection                                    : loaded 2 times (x 116B)
Class com.google.common.cache.LocalCache$LocalManualCache                             : loaded 2 times (x 99B)
Class org.gradle.internal.service.CachingServiceLocator                               : loaded 2 times (x 82B)
Class org.jetbrains.kotlin.descriptors.Visibilities$Public                            : loaded 2 times (x 79B)
Class androidx.room.processor.ProcessorErrors                                         : loaded 2 times (x 71B)
Class org.jetbrains.kotlin.protobuf.ExtensionRegistryLite$ObjectIntPair               : loaded 2 times (x 72B)
Class org.jetbrains.kotlin.metadata.ProtoBuf$Class$1                                  : loaded 2 times (x 144B)
Class org.jetbrains.kotlin.load.kotlin.header.ReadKotlinClassHeaderAnnotationVisitor$KotlinMetadataArgumentVisitor$1: loaded 2 times (x 85B)
Class com.google.common.collect.Streams                                               : loaded 2 times (x 71B)
Class com.google.common.collect.LinkedHashMultimap$ValueEntry                         : loaded 2 times (x 89B)
Class androidx.room.solver.NullAwareTypeConverterStore$findConverterIntoStatementInternal$queue$2: loaded 2 times (x 127B)
Class androidx.room.jarjarred.org.antlr.v4.runtime.ANTLRErrorListener                 : loaded 2 times (x 70B)
Class androidx.room.jarjarred.org.antlr.v4.runtime.atn.PredictionMode$AltAndContextConfigEqualityComparator: loaded 2 times (x 77B)
Class androidx.room.parser.SQLiteParser$Column_aliasContext                           : loaded 2 times (x 153B)
Class org.sqlite.core.NativeDB                                                        : loaded 2 times (x 143B)
Class androidx.room.compiler.processing.ksp.KSTypeArgumentWrapper                     : loaded 2 times (x 72B)
Class androidx.room.solver.binderprovider.GuavaListenableFutureQueryResultBinderProviderImpl: loaded 2 times (x 76B)
Class androidx.room.compiler.processing.ksp.KSTypeJavaPoetExtKt                       : loaded 2 times (x 71B)
Class com.squareup.javapoet.WildcardTypeName                                          : loaded 2 times (x 81B)
Class androidx.room.compiler.processing.ksp.KspAnnotated                              : loaded 2 times (x 133B)
Class kotlin.jvm.internal.Intrinsics$Kotlin                                           : loaded 2 times (x 71B)
Class kotlin.collections.AbstractMap                                                  : loaded 2 times (x 122B)
Class kotlin.collections.AbstractList$IteratorImpl                                    : loaded 2 times (x 82B)
Class org.apache.http.NameValuePair                                                   : loaded 2 times (x 70B)
Class com.google.common.collect.AbstractMapBasedMultimap$KeySet                       : loaded 2 times (x 137B)
Class org.jetbrains.kotlin.metadata.ProtoBuf$VersionRequirement$1                     : loaded 2 times (x 144B)
Class org.jetbrains.kotlin.metadata.jvm.JvmProtoBuf$StringTableTypes$Record$1         : loaded 2 times (x 144B)
Class org.jetbrains.org.objectweb.asm.tree.AnnotationNode                             : loaded 2 times (x 80B)
Class org.jetbrains.kotlin.load.kotlin.header.ReadKotlinClassHeaderAnnotationVisitor$KotlinMetadataArgumentVisitor$2: loaded 2 times (x 85B)
Class org.jetbrains.kotlin.build.report.metrics.BuildTime                             : loaded 2 times (x 70B)
Class com.google.common.base.CaseFormat$2                                             : loaded 2 times (x 83B)
Class androidx.room.jarjarred.org.antlr.v4.runtime.tree.SyntaxTree                    : loaded 2 times (x 70B)
Class androidx.room.compiler.processing.javac.kotlin.JvmAbi                           : loaded 2 times (x 71B)
Class dagger.hilt.processor.internal.definecomponent.DefineComponentProcessingStep    : loaded 2 times (x 86B)
Class kotlin.properties.ReadOnlyProperty                                              : loaded 2 times (x 70B)
Class kotlin.jvm.internal.markers.KMutableMap                                         : loaded 2 times (x 70B)
Class org.jetbrains.kotlin.load.java.JvmAnnotationNames                               : loaded 2 times (x 71B)
Class kotlin.coroutines.AbstractCoroutineContextElement                               : loaded 2 times (x 89B)
Class org.jetbrains.kotlin.metadata.jvm.deserialization.JvmNameResolverBase$Companion : loaded 2 times (x 71B)
Class kotlin.ranges.IntRange                                                          : loaded 2 times (x 93B)
Class com.google.common.reflect.Types$TypeVariableInvocationHandler                   : loaded 2 times (x 75B)
Class com.google.common.collect.MapMakerInternalMap$InternalEntry                     : loaded 2 times (x 70B)
Class org.jetbrains.kotlin.descriptors.CallableMemberDescriptor$Kind                  : loaded 2 times (x 79B)
Class org.jetbrains.kotlin.metadata.ProtoBuf$TypeParameterOrBuilder                   : loaded 2 times (x 70B)
Class org.jetbrains.kotlin.metadata.ProtoBuf$Property                                 : loaded 2 times (x 172B)
Class org.jetbrains.kotlin.metadata.ProtoBuf$MemberKind                               : loaded 2 times (x 82B)
Class org.jetbrains.kotlin.name.FqName                                                : loaded 2 times (x 72B)
Class org.jetbrains.kotlin.descriptors.DescriptorVisibilities$3                       : loaded 2 times (x 79B)
Class org.jetbrains.kotlin.build.report.metrics.DoNothingBuildMetricsReporter         : loaded 2 times (x 86B)
Class org.jetbrains.kotlin.metadata.jvm.deserialization.ClassMapperLite               : loaded 2 times (x 71B)
Class org.gradle.api.internal.ClassPathProvider                                       : loaded 2 times (x 70B)
Class [Lorg.gradle.api.internal.ClassPathProvider;                                    : loaded 2 times (x 69B)
Class com.google.common.collect.MapMakerInternalMap$Strength$1                        : loaded 2 times (x 80B)
Class androidx.room.parser.ParsedQuery$Companion                                      : loaded 2 times (x 71B)
Class androidx.room.parser.SQLiteParser$Common_table_expressionContext                : loaded 2 times (x 162B)
Class androidx.room.jarjarred.org.antlr.v4.runtime.tree.TerminalNode                  : loaded 2 times (x 70B)
Class androidx.room.jarjarred.org.antlr.v4.runtime.atn.EmptyPredictionContext         : loaded 2 times (x 80B)
Class org.sqlite.jdbc4.JDBC4Connection                                                : loaded 2 times (x 223B)
Class androidx.room.solver.types.CompositeAdapter                                     : loaded 2 times (x 85B)
Class androidx.room.solver.NullAwareTypeConverterStore$WhenMappings                   : loaded 2 times (x 71B)
Class androidx.room.processor.EntityProcessorKt                                       : loaded 2 times (x 71B)
Class androidx.room.solver.prepared.binderprovider.RxPreparedQueryResultBinderProvider$Companion: loaded 2 times (x 71B)
Class androidx.room.ext.RoomGuavaTypeNames                                            : loaded 2 times (x 71B)
Class dagger.spi.internal.shaded.androidx.room3.compiler.processing.XProcessingEnvConfig$Builder: loaded 2 times (x 72B)
Class kotlin.coroutines.ContinuationInterceptor$DefaultImpls                          : loaded 2 times (x 71B)
Class com.google.common.base.Predicates                                               : loaded 2 times (x 71B)
Class kotlin.sequences.SequenceScope                                                  : loaded 2 times (x 73B)
Class org.jetbrains.kotlin.metadata.jvm.deserialization.UtfEncodingKt                 : loaded 2 times (x 71B)
Class org.jetbrains.kotlin.metadata.jvm.JvmProtoBuf$JvmFieldSignature$1               : loaded 2 times (x 144B)
Class org.jetbrains.kotlin.metadata.ProtoBuf$TypeTable                                : loaded 2 times (x 109B)
Class org.jetbrains.kotlin.metadata.jvm.JvmProtoBuf$JvmMethodSignature                : loaded 2 times (x 108B)
Class org.jetbrains.kotlin.protobuf.MessageLiteOrBuilder                              : loaded 2 times (x 70B)
Class org.jetbrains.kotlin.load.kotlin.header.ReadKotlinClassHeaderAnnotationVisitor$KotlinMetadataArgumentVisitor: loaded 2 times (x 86B)
Class org.jetbrains.kotlin.name.ClassId$Companion                                     : loaded 2 times (x 71B)
Class kotlin.ranges.LongRange$Companion                                               : loaded 2 times (x 71B)
Class kotlin.collections.builders.MapBuilder$EntryRef                                 : loaded 2 times (x 81B)
Class androidx.room.parser.SQLiteParser$Join_clauseContext                            : loaded 2 times (x 157B)
Class androidx.room.jarjarred.org.antlr.v4.runtime.atn.StarBlockStartState            : loaded 2 times (x 83B)
Class org.sqlite.date.FastDateParser$CopyQuotedStrategy                               : loaded 2 times (x 77B)
Class androidx.room.compiler.processing.ksp.KSTypeJavaPoetExtKt$WhenMappings          : loaded 2 times (x 71B)
Class kotlin.jvm.internal.markers.KMutableListIterator                                : loaded 2 times (x 70B)
Class kotlin.text.MatchResult                                                         : loaded 2 times (x 70B)
Class [Lorg.jetbrains.kotlin.cli.common.CompilerSystemProperties;                     : loaded 2 times (x 69B)
Class org.apache.commons.io.output.AbstractByteArrayOutputStream                      : loaded 2 times (x 102B)
Class com.google.common.cache.CacheBuilder$OneWeigher                                 : loaded 2 times (x 82B)
Class org.jetbrains.kotlin.metadata.ProtoBuf$AnnotationOrBuilder                      : loaded 2 times (x 70B)
Class org.jetbrains.kotlin.com.intellij.openapi.diagnostic.Logger$Factory             : loaded 2 times (x 70B)
Class org.jetbrains.kotlin.protobuf.WireFormat$FieldType                              : loaded 2 times (x 83B)
Class org.jetbrains.kotlin.load.kotlin.FileBasedKotlinClass                           : loaded 2 times (x 88B)
Class androidx.room.compiler.processing.util.NamingUtilsKt                            : loaded 2 times (x 71B)
Class androidx.room.parser.SQLiteParser$Delete_stmt_limitedContext                    : loaded 2 times (x 160B)
Class androidx.room.vo.Constructor$Param                                              : loaded 2 times (x 72B)
Class [Landroidx.room.solver.prepared.binderprovider.RxPreparedQueryResultBinderProvider;: loaded 2 times (x 69B)
Class androidx.room.solver.prepared.binderprovider.PreparedQueryResultBinderProvider  : loaded 2 times (x 70B)
Class androidx.room.compiler.processing.javac.kotlin.JvmDescriptorUtilsKt             : loaded 2 times (x 71B)
Class androidx.room.compiler.processing.ksp.KspRoundEnv$WhenMappings                  : loaded 2 times (x 71B)
Class dagger.spi.internal.shaded.androidx.room3.compiler.processing.XMessager         : loaded 2 times (x 73B)
Class androidx.room.processor.cache.Cache$Bucket                                      : loaded 2 times (x 72B)
Class [Landroidx.room.solver.types.StringColumnTypeAdapter;                           : loaded 2 times (x 69B)
Class kotlin.text.StringsKt__StringsKt$lineSequence$$inlined$Sequence$1               : loaded 2 times (x 75B)
Class com.google.common.reflect.Types$ClassOwnership$1LocalClass                      : loaded 2 times (x 71B)
Class org.gradle.internal.classloader.ClasspathUtil                                   : loaded 2 times (x 71B)
Class org.jetbrains.kotlin.metadata.ProtoBuf$TypeAlias                                : loaded 2 times (x 140B)
Class [Lorg.jetbrains.kotlin.metadata.ProtoBuf$TypeParameter$Variance;                : loaded 2 times (x 69B)
Class org.jetbrains.kotlin.metadata.jvm.deserialization.JvmMemberSignature            : loaded 2 times (x 74B)
Class org.jetbrains.kotlin.metadata.ProtoBuf$Constructor                              : loaded 2 times (x 130B)
Class org.jetbrains.kotlin.load.kotlin.header.KotlinClassHeader$Kind                  : loaded 2 times (x 79B)
Class org.jetbrains.kotlin.load.kotlin.KotlinJvmBinaryClass$AnnotationArgumentVisitor : loaded 2 times (x 70B)
Class androidx.room.compiler.processing.ksp.KSTypeKotlinPoetExtKt$WhenMappings        : loaded 2 times (x 71B)
Class androidx.room.jarjarred.org.antlr.v4.runtime.atn.LexerActionType                : loaded 2 times (x 79B)
Class androidx.room.jarjarred.org.antlr.v4.runtime.CharStreams                        : loaded 2 times (x 71B)
Class androidx.room.processor.Context                                                 : loaded 2 times (x 72B)
Class androidx.room.compiler.processing.XArrayType                                    : loaded 2 times (x 70B)
Class androidx.room.compiler.processing.util.MemoizedSequence                         : loaded 2 times (x 75B)
Class kotlin.jvm.internal.PropertyReference0                                          : loaded 2 times (x 127B)
Class kotlin.sequences.EmptySequence                                                  : loaded 2 times (x 78B)
Class kotlin.collections.builders.SetBuilder                                          : loaded 2 times (x 143B)
Class androidx.room.compiler.processing.DeclarationCollectorKt$collectAllMethods$1    : loaded 2 times (x 95B)
Class com.google.common.collect.ComparisonChain                                       : loaded 2 times (x 80B)
Class com.google.common.util.concurrent.Uninterruptibles                              : loaded 2 times (x 71B)
Class androidx.room.solver.NullAwareTypeConverterStore$findConverterIntoStatementInternal$queue$1: loaded 2 times (x 125B)
Class org.jetbrains.kotlin.resolve.scopes.receivers.ReceiverValue                     : loaded 2 times (x 70B)
Class org.jetbrains.kotlin.metadata.jvm.JvmProtoBuf$JvmMethodSignature$Builder        : loaded 2 times (x 134B)
Class org.jetbrains.kotlin.metadata.ProtoBuf$VersionRequirementTableOrBuilder         : loaded 2 times (x 70B)
Class org.jetbrains.kotlin.metadata.jvm.JvmProtoBuf$JvmFieldSignatureOrBuilder        : loaded 2 times (x 70B)
Class org.sqlite.SQLiteConfig$DatePrecision                                           : loaded 2 times (x 82B)
Class com.google.common.collect.AbstractMapBasedMultimap$WrappedSet                   : loaded 2 times (x 142B)
Class org.sqlite.date.FastDateFormat$1                                                : loaded 2 times (x 79B)
Class androidx.room.parser.SingleQuerySqlParser$parse$1                               : loaded 2 times (x 82B)
Class androidx.room.parser.SQLiteParser$ExprContext                                   : loaded 2 times (x 217B)
Class androidx.room.processor.DaoProcessor                                            : loaded 2 times (x 72B)
Class com.squareup.kotlinpoet.ClassName$special$$inlined$compareBy$1                  : loaded 2 times (x 89B)
Class com.squareup.javapoet.TypeVariableName                                          : loaded 2 times (x 81B)
Class androidx.room.compiler.processing.ksp.KspPackageElement                         : loaded 2 times (x 160B)
Class androidx.room.compiler.processing.XElement                                      : loaded 2 times (x 70B)
Class kotlin.sequences.DistinctSequence                                               : loaded 2 times (x 75B)
Class kotlin.jvm.internal.PropertyReference1                                          : loaded 2 times (x 127B)
Class com.google.common.util.concurrent.LazyLogger                                    : loaded 2 times (x 72B)
Class org.gradle.api.specs.Spec                                                       : loaded 2 times (x 70B)
Class org.jetbrains.kotlin.descriptors.DelegatedDescriptorVisibility                  : loaded 2 times (x 79B)
Class org.jetbrains.kotlin.load.kotlin.header.KotlinClassHeader                       : loaded 2 times (x 72B)
Class org.jetbrains.kotlin.name.Name                                                  : loaded 2 times (x 75B)
Class com.google.common.collect.MultimapBuilder$ListMultimapBuilder                   : loaded 2 times (x 75B)
Class androidx.room.jarjarred.org.antlr.v4.runtime.atn.BasicState                     : loaded 2 times (x 82B)
Class androidx.room.parser.SQLiteParser$Transaction_nameContext                       : loaded 2 times (x 152B)
Class androidx.room.parser.SQLiteParser$Reindex_stmtContext                           : loaded 2 times (x 157B)
Class androidx.room.jarjarred.org.antlr.v4.runtime.CodePointBuffer$Type               : loaded 2 times (x 79B)
Class androidx.room.jarjarred.org.antlr.v4.runtime.IntStream                          : loaded 2 times (x 70B)
Class androidx.room.processor.TableEntityProcessor                                    : loaded 2 times (x 78B)
Class androidx.room.TypeConverters                                                    : loaded 2 times (x 70B)
Class [Landroidx.room.solver.RxType;                                                  : loaded 2 times (x 69B)
Class androidx.room.solver.QueryResultBinderProvider                                  : loaded 2 times (x 70B)
Class dagger.hilt.processor.internal.aggregateddeps.KspAggregatedDepsProcessor$Provider: loaded 2 times (x 74B)
Class jdk.internal.jimage.ImageReader$SharedImageReader$LocationVisitor               : loaded 2 times (x 70B)
Class kotlin.jvm.internal.MutablePropertyReference                                    : loaded 2 times (x 119B)
Class kotlin.UnsafeLazyImpl                                                           : loaded 2 times (x 76B)
Class kotlin.LazyKt__LazyJVMKt$WhenMappings                                           : loaded 2 times (x 71B)
Class org.apache.commons.io.file.PathFilter                                           : loaded 2 times (x 70B)
Class com.google.common.reflect.Types$JavaVersion                                     : loaded 2 times (x 83B)
Class com.google.common.collect.MapMaker                                              : loaded 2 times (x 72B)
Class org.jetbrains.kotlin.metadata.deserialization.Flags                             : loaded 2 times (x 71B)
Class org.jetbrains.kotlin.metadata.ProtoBuf$TypeTable$1                              : loaded 2 times (x 144B)
Class androidx.room.parser.SQLiteParser$Join_operatorContext                          : loaded 2 times (x 160B)
Class com.google.common.collect.Sets$3$1                                              : loaded 2 times (x 82B)
Class androidx.room.parser.Section                                                    : loaded 2 times (x 72B)
Class androidx.room.parser.SQLiteParser$Qualified_table_nameContext                   : loaded 2 times (x 160B)
Class androidx.room.parser.SQLiteParser$Raise_functionContext                         : loaded 2 times (x 160B)
Class androidx.room.jarjarred.org.antlr.v4.runtime.atn.ATNConfigSet                   : loaded 2 times (x 148B)
Class androidx.room.jarjarred.org.antlr.v4.runtime.atn.EpsilonTransition              : loaded 2 times (x 76B)
Class androidx.room.jarjarred.org.antlr.v4.runtime.CodePointCharStream$CodePoint32BitCharStream: loaded 2 times (x 88B)
Class androidx.room.jarjarred.org.antlr.v4.runtime.ParserRuleContext                  : loaded 2 times (x 151B)
Class org.sqlite.date.FastDatePrinter$Rule                                            : loaded 2 times (x 70B)
Class androidx.room.preconditions.Checks                                              : loaded 2 times (x 72B)
Class androidx.room.compiler.processing.ksp.KSTypeVarianceResolverScope$PropertyGetterMethodReturnType: loaded 2 times (x 74B)
Class [Landroidx.room.compiler.processing.XParameterizable;                           : loaded 2 times (x 69B)
Class androidx.room.compiler.processing.InternalXAnnotation                           : loaded 2 times (x 140B)
Class dagger.hilt.processor.internal.definecomponent.KspDefineComponentProcessor      : loaded 2 times (x 89B)
Class dagger.spi.internal.shaded.androidx.room3.compiler.processing.ksp.KspProcessingEnv$JvmDefaultMode: loaded 2 times (x 79B)
Class androidx.room.DatabaseProcessingStep$Companion                                  : loaded 2 times (x 71B)
Class kotlin.jvm.internal.ArrayIterator                                               : loaded 2 times (x 79B)
Class kotlin.LazyThreadSafetyMode                                                     : loaded 2 times (x 79B)
Class androidx.room.jarjarred.org.antlr.v4.runtime.ProxyErrorListener                 : loaded 2 times (x 82B)
Class com.google.common.cache.LocalCache$LoadingValueReference                        : loaded 2 times (x 96B)
Class org.jetbrains.kotlin.metadata.ProtoBuf$Function                                 : loaded 2 times (x 161B)
Class com.google.common.base.CaseFormat$1                                             : loaded 2 times (x 83B)
Class com.google.common.collect.LinkedHashMultimapGwtSerializationDependencies        : loaded 2 times (x 174B)
Class com.google.common.collect.LinkedListMultimap$KeyList                            : loaded 2 times (x 72B)
Class org.jetbrains.kotlin.protobuf.ExtensionRegistryLite                             : loaded 2 times (x 74B)
Class org.jetbrains.kotlin.metadata.jvm.JvmProtoBuf$JvmFieldSignature                 : loaded 2 times (x 108B)
Class androidx.room.solver.query.result.BaseObservableQueryResultBinder               : loaded 2 times (x 74B)
Class androidx.room.parser.SQLiteParser$Module_nameContext                            : loaded 2 times (x 152B)
Class androidx.room.parser.SQLiteParser$Alter_table_stmtContext                       : loaded 2 times (x 165B)
Class androidx.room.jarjarred.org.antlr.v4.runtime.misc.ObjectEqualityComparator      : loaded 2 times (x 77B)
Class [Landroidx.room.jarjarred.org.antlr.v4.runtime.atn.LexerActionType;             : loaded 2 times (x 69B)
Class androidx.room.jarjarred.org.antlr.v4.runtime.atn.StarLoopbackState              : loaded 2 times (x 82B)
Class androidx.room.jarjarred.org.antlr.v4.runtime.atn.BasicBlockStartState           : loaded 2 times (x 83B)
Class org.sqlite.jdbc4.JDBC4ResultSet                                                 : loaded 2 times (x 526B)
Class androidx.room.Delete                                                            : loaded 2 times (x 70B)
Class androidx.room.ProvidedTypeConverter                                             : loaded 2 times (x 70B)
Class androidx.room.solver.binderprovider.DataSourceFactoryQueryResultBinderProvider  : loaded 2 times (x 76B)
Class com.squareup.javapoet.ArrayTypeName                                             : loaded 2 times (x 81B)
Class androidx.room.compiler.processing.InternalXAnnotationKt                         : loaded 2 times (x 71B)
Class dagger.internal.codegen.KspComponentProcessor                                   : loaded 2 times (x 88B)
Class org.jetbrains.kotlin.metadata.ProtoBuf$Modality                                 : loaded 2 times (x 82B)
Class kotlin.jvm.internal.SpreadBuilder                                               : loaded 2 times (x 76B)
Class org.jetbrains.kotlin.descriptors.DescriptorVisibilities$2                       : loaded 2 times (x 79B)
Class org.gradle.api.internal.DefaultClassPathProvider                                : loaded 2 times (x 76B)
Class com.google.common.reflect.Invokable$MethodInvokable                             : loaded 2 times (x 107B)
Class com.google.common.collect.MapMakerInternalMap$StrongKeyDummyValueEntry          : loaded 2 times (x 82B)
Class com.google.common.io.LineReader$1                                               : loaded 2 times (x 75B)
Class com.google.common.base.Platform                                                 : loaded 2 times (x 71B)
Class org.jetbrains.kotlin.metadata.ProtoBuf$Effect$InvocationKind                    : loaded 2 times (x 82B)
Class org.jetbrains.kotlin.metadata.ProtoBuf$VersionRequirementTable                  : loaded 2 times (x 107B)
Class org.jetbrains.kotlin.protobuf.LazyField                                         : loaded 2 times (x 83B)
Class org.jetbrains.kotlin.load.kotlin.header.ReadKotlinClassHeaderAnnotationVisitor  : loaded 2 times (x 80B)
Class org.objectweb.asm.AnnotationVisitor                                             : loaded 2 times (x 78B)
Class com.google.common.collect.Iterators$EmptyModifiableIterator                     : loaded 2 times (x 86B)
Class com.google.common.collect.ImmutableSet$SerializedForm                           : loaded 2 times (x 73B)
Class kotlin.jvm.internal.AdaptedFunctionReference                                    : loaded 2 times (x 77B)
Class kotlin.reflect.KProperty$Accessor                                               : loaded 2 times (x 70B)
Class androidx.room.parser.SQLiteParser$Collation_nameContext                         : loaded 2 times (x 152B)
Class androidx.room.ext.GuavaUtilConcurrentTypeNames                                  : loaded 2 times (x 71B)
Class androidx.room.vo.ForeignKey                                                     : loaded 2 times (x 75B)
Class androidx.room.ext.Package_extKt                                                 : loaded 2 times (x 71B)
Class kotlin.jvm.internal.ArrayIteratorKt                                             : loaded 2 times (x 71B)
Class kotlin.jvm.internal.CharCompanionObject                                         : loaded 2 times (x 71B)
Class kotlin.io.FilePathComponents                                                    : loaded 2 times (x 72B)
Class kotlin.coroutines.jvm.internal.RestrictedSuspendLambda                          : loaded 2 times (x 91B)
Class com.google.devtools.ksp.processing.KspGradleLogger$Companion                    : loaded 2 times (x 71B)
Class com.google.common.collect.AbstractMapBasedMultimap$WrappedList                  : loaded 2 times (x 205B)
Class [Lorg.objectweb.asm.AnnotationWriter;                                           : loaded 2 times (x 69B)
Class org.jetbrains.kotlin.metadata.ProtoBuf$Expression$ConstantValue$1               : loaded 2 times (x 74B)
Class org.jetbrains.kotlin.descriptors.DescriptorVisibilities$10                      : loaded 2 times (x 76B)
Class dagger.hilt.processor.internal.definecomponent.KspDefineComponentProcessor$Provider: loaded 2 times (x 74B)
Class org.jetbrains.kotlin.metadata.ProtoBuf$TypeParameter$1                          : loaded 2 times (x 144B)
Class org.jetbrains.org.objectweb.asm.tree.LineNumberNode                             : loaded 2 times (x 79B)
Class androidx.room.compiler.processing.ksp.KspAnnotated$KSAnnotatedDelegate          : loaded 2 times (x 133B)
Class androidx.room.solver.types.PrimitiveColumnTypeAdapter$Companion$Primitive       : loaded 2 times (x 79B)
Class com.google.common.collect.Maps$9                                                : loaded 2 times (x 76B)
Class androidx.room.compiler.processing.ksp.KspExecutableParameterElement             : loaded 2 times (x 186B)
Class androidx.room.solver.TypeAdapterExtras                                          : loaded 2 times (x 72B)
Class androidx.room.jarjarred.org.antlr.v4.runtime.atn.OrderedATNConfigSet$LexerConfigHashSet: loaded 2 times (x 140B)
Class androidx.room.jarjarred.org.antlr.v4.runtime.atn.ATNDeserializer                : loaded 2 times (x 81B)
Class [Landroidx.room.solver.types.PrimitiveColumnTypeAdapter$Companion$Primitive;    : loaded 2 times (x 69B)
Class kotlin.collections.MutableMapWithDefaultImpl                                    : loaded 2 times (x 144B)
Class kotlin.text.Regex                                                               : loaded 2 times (x 72B)
Class kotlin.Triple                                                                   : loaded 2 times (x 72B)
Class kotlin.sequences.SequencesKt__SequenceBuilderKt$sequence$$inlined$Sequence$1    : loaded 2 times (x 75B)
Class androidx.room.parser.SQLiteParser$Attach_stmtContext                            : loaded 2 times (x 156B)
Class org.jetbrains.kotlin.com.google.common.base.Function                            : loaded 2 times (x 70B)
Class [Lcom.google.common.collect.Iterators$EmptyModifiableIterator;                  : loaded 2 times (x 69B)
Class com.google.common.collect.ImmutableRangeSet$Builder                             : loaded 2 times (x 77B)
Class com.google.common.cache.LocalCache$StrongValueReference                         : loaded 2 times (x 90B)
Class org.jetbrains.kotlin.descriptors.DescriptorVisibilities$11                      : loaded 2 times (x 76B)
Class org.jetbrains.kotlin.metadata.deserialization.BinaryVersion$Companion           : loaded 2 times (x 71B)
Class [Lcom.squareup.kotlinpoet.Taggable;                                             : loaded 2 times (x 69B)
Class org.jetbrains.kotlin.protobuf.CodedOutputStream$ByteBufferOutputStream          : loaded 2 times (x 86B)
Class androidx.room.jarjarred.org.antlr.v4.runtime.misc.AbstractEqualityComparator    : loaded 2 times (x 77B)
Class androidx.room.vo.PrimaryKey                                                     : loaded 2 times (x 78B)
Class androidx.room.compiler.processing.ksp.KSAsMemberOfKt                            : loaded 2 times (x 71B)
Class androidx.room.compiler.processing.ksp.KspElement                                : loaded 2 times (x 146B)
Class kotlin.jvm.internal.Ref$ObjectRef                                               : loaded 2 times (x 72B)
Class kotlin.jvm.internal.ReflectionFactory                                           : loaded 2 times (x 91B)
Class [Lcom.google.gson.stream.JsonToken;                                             : loaded 2 times (x 69B)
Class org.objectweb.asm.Type                                                          : loaded 2 times (x 72B)
Class org.gradle.internal.classloader.VisitableURLClassLoader$InstrumentingVisitableURLClassLoader: loaded 2 times (x 123B)
Class org.jetbrains.kotlin.descriptors.DescriptorVisibilities$12                      : loaded 2 times (x 76B)
Class org.jetbrains.kotlin.metadata.ProtoBuf$ClassOrBuilder                           : loaded 2 times (x 70B)
Class org.jetbrains.kotlin.metadata.ProtoBuf$ValueParameter                           : loaded 2 times (x 133B)
Class org.jetbrains.kotlin.descriptors.DescriptorVisibilities$1                       : loaded 2 times (x 79B)
Class org.jetbrains.kotlin.util.ModuleVisibilityHelper                                : loaded 2 times (x 70B)
Class com.google.common.collect.ImmutableRangeSet                                     : loaded 2 times (x 115B)
Class org.apache.commons.io.output.StringBuilderWriter                                : loaded 2 times (x 100B)
Class [Lorg.apache.commons.io.StandardLineSeparator;                                  : loaded 2 times (x 69B)
Class androidx.room.parser.SQLiteParser$Update_stmtContext                            : loaded 2 times (x 177B)
Class androidx.room.parser.SQLiteParser$Begin_stmtContext                             : loaded 2 times (x 157B)
Class androidx.room.jarjarred.org.antlr.v4.runtime.atn.Transition$1                   : loaded 2 times (x 134B)
Class androidx.room.jarjarred.org.antlr.v4.runtime.tree.ParseTree                     : loaded 2 times (x 70B)
Class [Landroidx.room.parser.Collate;                                                 : loaded 2 times (x 69B)
Class androidx.room.processor.EntityProcessor                                         : loaded 2 times (x 70B)
Class androidx.room.solver.RxType                                                     : loaded 2 times (x 80B)
Class androidx.room.solver.types.BoxedBooleanToBoxedIntConverter$create$1             : loaded 2 times (x 75B)
Class androidx.room.solver.types.PrimitiveColumnTypeAdapter$Companion$WhenMappings    : loaded 2 times (x 71B)
Class androidx.room.processor.Context$BooleanProcessorOptions                         : loaded 2 times (x 80B)
Class kotlin.collections.ReversedListReadOnly$listIterator$1                          : loaded 2 times (x 90B)
Class kotlin.jvm.internal.ClassBasedDeclarationContainer                              : loaded 2 times (x 70B)
Class kotlin.coroutines.ContinuationInterceptor                                       : loaded 2 times (x 70B)
Class kotlin.coroutines.CoroutineContext$Element$DefaultImpls                         : loaded 2 times (x 71B)
Class kotlin.coroutines.Continuation                                                  : loaded 2 times (x 70B)
Class org.apache.commons.io.FileUtils                                                 : loaded 2 times (x 71B)
Class com.google.common.collect.MapMakerInternalMap$StrongKeyDummyValueEntry$Helper   : loaded 2 times (x 79B)
Class com.google.common.io.Files$FileByteSink                                         : loaded 2 times (x 77B)
Class org.objectweb.asm.ByteVector                                                    : loaded 2 times (x 79B)
Class [Lcom.google.common.cache.CacheBuilder$NullListener;                            : loaded 2 times (x 69B)
Class org.gradle.internal.classloader.VisitableURLClassLoader$Spec                    : loaded 2 times (x 74B)
Class org.gradle.internal.classpath.DefaultClassPath                                  : loaded 2 times (x 90B)
Class org.jetbrains.org.objectweb.asm.Handler                                         : loaded 2 times (x 72B)
Class org.jetbrains.kotlin.metadata.ProtoBuf$TypeAlias$1                              : loaded 2 times (x 144B)
Class org.jetbrains.kotlin.metadata.ProtoBuf$Annotation$Argument$ValueOrBuilder       : loaded 2 times (x 70B)
Class androidx.room.compiler.processing.ksp.KSTypeExtKt                               : loaded 2 times (x 71B)
Class androidx.room.jarjarred.org.antlr.v4.runtime.atn.SetTransition                  : loaded 2 times (x 76B)
Class [Landroidx.room.jarjarred.org.antlr.v4.runtime.atn.ATNConfig;                   : loaded 2 times (x 69B)
Class [Lorg.jetbrains.kotlin.build.report.metrics.GradleBuildTime;                    : loaded 2 times (x 69B)
Class androidx.room.parser.SQLiteParser$Rollback_stmtContext                          : loaded 2 times (x 156B)
Class androidx.room.jarjarred.org.antlr.v4.runtime.atn.LexerATNSimulator              : loaded 2 times (x 102B)
Class androidx.room.ext.Xpoet_extKt                                                   : loaded 2 times (x 71B)
Class androidx.room.RawQuery                                                          : loaded 2 times (x 70B)
Class androidx.room.vo.CustomTypeConverter                                            : loaded 2 times (x 72B)
Class androidx.room.compiler.processing.ksp.KspExecutableElement$Companion            : loaded 2 times (x 71B)
Class androidx.room.ext.RoomPagingGuavaTypeNames                                      : loaded 2 times (x 71B)
Class androidx.room.solver.binderprovider.QueryResultBinderProviderWithRequiredArtifactKt: loaded 2 times (x 71B)
Class androidx.room.solver.types.BoxedBooleanToBoxedIntConverter$create$2             : loaded 2 times (x 75B)
Class androidx.room.parser.SQLiteParser$Upsert_clauseContext                          : loaded 2 times (x 173B)
Class kotlin.Result$Companion                                                         : loaded 2 times (x 71B)
Class kotlin.coroutines.jvm.internal.BaseContinuationImpl                             : loaded 2 times (x 87B)
Class kotlin.text.CharsKt__CharJVMKt                                                  : loaded 2 times (x 71B)
Class com.google.devtools.ksp.processing.KspGradleLogger                              : loaded 2 times (x 79B)
Class com.google.common.reflect.Types$ClassOwnership                                  : loaded 2 times (x 80B)
Class org.objectweb.asm.Symbol                                                        : loaded 2 times (x 73B)
Class org.jetbrains.kotlin.metadata.ProtoBuf$Effect$1                                 : loaded 2 times (x 144B)
Class org.jetbrains.kotlin.metadata.ProtoBuf$Visibility                               : loaded 2 times (x 82B)
Class org.jetbrains.kotlin.metadata.jvm.deserialization.JvmMemberSignature$Field      : loaded 2 times (x 75B)
Class org.jetbrains.kotlin.metadata.ProtoBuf$ConstructorOrBuilder                     : loaded 2 times (x 70B)
Class org.jetbrains.kotlin.metadata.jvm.JvmProtoBuf                                   : loaded 2 times (x 71B)
Class androidx.room.parser.QueryVisitor$createParsedQuery$$inlined$sortedBy$1         : loaded 2 times (x 89B)
Class com.google.common.collect.CollectSpliterators$1WithCharacteristics              : loaded 2 times (x 90B)
Class [Lorg.jetbrains.kotlin.descriptors.CallableMemberDescriptor$Kind;               : loaded 2 times (x 69B)
Class androidx.room.vo.CallType                                                       : loaded 2 times (x 79B)
Class androidx.room.compiler.processing.ksp.KspFileMemberContainer                    : loaded 2 times (x 149B)
Class androidx.room.compiler.processing.ksp.KspMethodElement$Companion                : loaded 2 times (x 71B)
Class [Landroidx.room.solver.types.SingleStatementTypeConverter;                      : loaded 2 times (x 69B)
Class androidx.room.compiler.processing.ksp.KspArrayType$PrimitiveArray               : loaded 2 times (x 213B)
Class androidx.room.compiler.codegen.XClassName                                       : loaded 2 times (x 75B)
Class dagger.hilt.android.processor.internal.viewmodel.KspViewModelProcessor          : loaded 2 times (x 89B)
Class androidx.room.compiler.processing.XBasicAnnotationProcessor                     : loaded 2 times (x 70B)
Class kotlin.UInt$Companion                                                           : loaded 2 times (x 71B)
Class kotlin.UInt                                                                     : loaded 2 times (x 74B)
Class kotlin.reflect.KType                                                            : loaded 2 times (x 70B)
Class com.google.common.io.Closer                                                     : loaded 2 times (x 78B)
Class com.google.common.io.Java8Compatibility                                         : loaded 2 times (x 71B)
Class org.jetbrains.kotlin.config.ApiVersion$Companion                                : loaded 2 times (x 71B)
Class [Lcom.google.gson.Strictness;                                                   : loaded 2 times (x 69B)
Class org.gradle.internal.classloader.ClassLoaderSpec                                 : loaded 2 times (x 71B)
Class org.jetbrains.kotlin.descriptors.DeclarationDescriptorWithVisibility            : loaded 2 times (x 70B)
Class org.jetbrains.kotlin.metadata.ProtoBuf$EnumEntry                                : loaded 2 times (x 121B)
Class org.jetbrains.org.objectweb.asm.tree.AbstractInsnNode                           : loaded 2 times (x 78B)
Class org.jetbrains.kotlin.protobuf.SmallSortedMap                                    : loaded 2 times (x 130B)
Class org.gradle.api.internal.classpath.EffectiveClassPath                            : loaded 2 times (x 90B)
Class androidx.room.jarjarred.org.antlr.v4.runtime.atn.LexerATNSimulator$SimState     : loaded 2 times (x 73B)
Class androidx.room.jarjarred.org.antlr.v4.runtime.atn.LexerChannelAction             : loaded 2 times (x 76B)
Class androidx.room.jarjarred.org.antlr.v4.runtime.RecognitionException               : loaded 2 times (x 89B)
Class androidx.room.jarjarred.org.antlr.v4.runtime.CodePointBuffer$1                  : loaded 2 times (x 71B)
Class androidx.room.compiler.processing.ksp.KspExecutableType                         : loaded 2 times (x 81B)
Class com.squareup.kotlinpoet.TagMap$Companion                                        : loaded 2 times (x 71B)
Class [Landroidx.room.compiler.processing.XAnnotated;                                 : loaded 2 times (x 69B)
Class androidx.room.compiler.processing.ksp.KSDeclarationExtKt                        : loaded 2 times (x 71B)
Class dagger.hilt.android.processor.internal.bindvalue.BindValueProcessingStep        : loaded 2 times (x 86B)
Class kotlin.jvm.internal.LongCompanionObject                                         : loaded 2 times (x 71B)
Class kotlin.collections.ReversedListReadOnly                                         : loaded 2 times (x 198B)
Class kotlin.text.DelimitedRangesSequence                                             : loaded 2 times (x 75B)
Class org.objectweb.asm.AnnotationWriter                                              : loaded 2 times (x 79B)
Class com.google.common.cache.CacheStats                                              : loaded 2 times (x 71B)
Class kotlin.io.FileTreeWalk$FileTreeWalkIterator                                     : loaded 2 times (x 83B)
Class kotlin.sequences.SequencesKt___SequencesKt$flatMap$2                            : loaded 2 times (x 125B)
Class org.jetbrains.kotlin.protobuf.SmallSortedMap$EmptySet                           : loaded 2 times (x 71B)
Class org.jetbrains.kotlin.protobuf.MessageLite                                       : loaded 2 times (x 70B)
Class org.jetbrains.kotlin.load.kotlin.header.KotlinClassHeader$Kind$Companion        : loaded 2 times (x 71B)
Class jdk.internal.jrtfs.ExplodedImage                                                : loaded 2 times (x 77B)
Class com.squareup.javapoet.LineWrapper$RecordingAppendable                           : loaded 2 times (x 77B)
Class androidx.room.compiler.processing.ksp.KspHasModifiers$PropertyField             : loaded 2 times (x 92B)
Class androidx.room.parser.SQLiteParser$Table_constraintContext                       : loaded 2 times (x 169B)
Class androidx.room.jarjarred.org.antlr.v4.runtime.dfa.DFAState                       : loaded 2 times (x 73B)
Class androidx.room.jarjarred.org.antlr.v4.runtime.atn.PlusLoopbackState              : loaded 2 times (x 82B)
Class [Lorg.sqlite.SQLiteConfig$PragmaValue;                                          : loaded 2 times (x 69B)
Class androidx.room.parser.Collate$Companion                                          : loaded 2 times (x 71B)
Class androidx.room.compiler.processing.XMethodType                                   : loaded 2 times (x 70B)
Class androidx.room.compiler.processing.XMemberContainer                              : loaded 2 times (x 70B)
Class kotlin.jdk7.AutoCloseableKt                                                     : loaded 2 times (x 71B)
Class kotlin.time.DurationKt                                                          : loaded 2 times (x 71B)
Class kotlin.jvm.internal.markers.KMutableIterable                                    : loaded 2 times (x 70B)
Class com.squareup.kotlinpoet.TypeName                                                : loaded 2 times (x 86B)
Class com.google.common.collect.Interners                                             : loaded 2 times (x 71B)
Class com.google.common.io.Closer$Suppressor                                          : loaded 2 times (x 70B)
Class com.google.common.io.LineProcessor                                              : loaded 2 times (x 70B)
Class org.apache.http.util.Args                                                       : loaded 2 times (x 71B)
Class org.objectweb.asm.RecordComponentWriter                                         : loaded 2 times (x 78B)
Class com.google.common.util.concurrent.AbstractFuture$Listener                       : loaded 2 times (x 72B)
Class Settings_gradle$1$1                                                             : loaded 2 times (x 74B)
Class org.jetbrains.kotlin.cli.common.ModuleVisibilityHelperImpl                      : loaded 2 times (x 74B)
Class [Landroidx.room.compiler.codegen.CodeLanguage;                                  : loaded 2 times (x 69B)
Class com.google.common.collect.MultimapBuilder$SortedSetMultimapBuilder              : loaded 2 times (x 77B)
Class androidx.room.jarjarred.org.antlr.v4.runtime.atn.NotSetTransition               : loaded 2 times (x 76B)
Class androidx.room.jarjarred.org.antlr.v4.runtime.tree.TerminalNodeImpl              : loaded 2 times (x 123B)
Class androidx.room.parser.SingleQuerySqlParser                                       : loaded 2 times (x 71B)
Class androidx.room.vo.HasSchemaIdentity                                              : loaded 2 times (x 70B)
Class androidx.room.compiler.processing.ksp.KspConstructorElement                     : loaded 2 times (x 246B)
Class [Landroidx.room.solver.types.StatementValueBinder;                              : loaded 2 times (x 69B)
Class androidx.room.compiler.processing.XMethodElementKt                              : loaded 2 times (x 71B)
Class kotlin.collections.AbstractSet$Companion                                        : loaded 2 times (x 71B)
Class org.jetbrains.kotlin.cli.common.messages.CompilerMessageLocationWithRange       : loaded 2 times (x 80B)
Class [Lorg.objectweb.asm.Label;                                                      : loaded 2 times (x 69B)
Class com.google.common.collect.ForwardingSet                                         : loaded 2 times (x 151B)
Class org.objectweb.asm.Attribute                                                     : loaded 2 times (x 77B)
Class org.gradle.internal.classloader.VisitableURLClassLoader                         : loaded 2 times (x 117B)
Class androidx.room.parser.SQLiteParser$Index_nameContext                             : loaded 2 times (x 152B)
Class androidx.room.parser.SQLiteParser$Type_nameContext                              : loaded 2 times (x 158B)
Class androidx.room.parser.SQLiteParser$Detach_stmtContext                            : loaded 2 times (x 154B)
Class androidx.room.jarjarred.org.antlr.v4.runtime.CodePointCharStream$CodePoint8BitCharStream: loaded 2 times (x 88B)
Class org.sqlite.jdbc3.JDBC3Statement$SQLCallable                                     : loaded 2 times (x 70B)
Class org.sqlite.Function$Aggregate                                                   : loaded 2 times (x 75B)
Class androidx.room.compiler.processing.ksp.KspFileMemberContainer$Companion          : loaded 2 times (x 71B)
Class androidx.room.solver.prepared.binderprovider.RxSingleOrMaybePreparedQueryResultBinderProvider: loaded 2 times (x 79B)
Class androidx.room.compiler.processing.ksp.KSTypeVarianceResolverScope               : loaded 2 times (x 74B)
Class dagger.spi.internal.shaded.androidx.room3.compiler.processing.ksp.KspProcessingEnv: loaded 2 times (x 121B)
Class dagger.spi.internal.shaded.androidx.room3.compiler.processing.XProcessingEnvConfig: loaded 2 times (x 71B)
Class [Lkotlin.DeprecationLevel;                                                      : loaded 2 times (x 69B)
Class kotlin.sequences.GeneratorSequence                                              : loaded 2 times (x 75B)
Class kotlin.sequences.FlatteningSequence$iterator$1                                  : loaded 2 times (x 79B)
Class com.google.common.collect.ImmutableList$SerializedForm                          : loaded 2 times (x 73B)
Class Settings_gradle                                                                 : loaded 2 times (x 124B)
Class org.gradle.internal.Cast                                                        : loaded 2 times (x 71B)
Class org.gradle.api.Action                                                           : loaded 2 times (x 70B)
Class [Lorg.jetbrains.kotlin.metadata.ProtoBuf$VersionRequirement$VersionKind;        : loaded 2 times (x 69B)
Class org.jetbrains.kotlin.protobuf.CodedOutputStream                                 : loaded 2 times (x 72B)
Class org.jetbrains.kotlin.metadata.ProtoBuf$Annotation                               : loaded 2 times (x 109B)
Class org.jetbrains.org.objectweb.asm.tree.TypeInsnNode                               : loaded 2 times (x 78B)
Class androidx.room.parser.SQLiteParser$Compound_operatorContext                      : loaded 2 times (x 155B)
Class androidx.room.solver.query.result.CoroutineFlowResultBinder                     : loaded 2 times (x 74B)
Class androidx.room.processor.QueryParameterProcessor                                 : loaded 2 times (x 72B)
Class androidx.room.jarjarred.org.antlr.v4.runtime.atn.ProfilingATNSimulator          : loaded 2 times (x 120B)
Class androidx.room.parser.SQLiteParser                                               : loaded 2 times (x 153B)
Class androidx.room.jarjarred.org.antlr.v4.runtime.atn.RuleTransition                 : loaded 2 times (x 77B)
Class androidx.room.compiler.processing.ksp.synthetic.KspSyntheticPropertyMethodElement: loaded 2 times (x 257B)
Class [Ldagger.hilt.processor.internal.optionvalues.GradleProjectType;                : loaded 2 times (x 69B)
Class kotlin.properties.ReadWriteProperty                                             : loaded 2 times (x 70B)
Class kotlin.collections.AbstractMutableList                                          : loaded 2 times (x 206B)
Class org.jetbrains.org.objectweb.asm.tree.FrameNode                                  : loaded 2 times (x 79B)
Class kotlin.coroutines.AbstractCoroutineContextKey                                   : loaded 2 times (x 72B)
Class com.google.common.collect.MapMakerInternalMap                                   : loaded 2 times (x 161B)
Class com.google.common.base.Strings                                                  : loaded 2 times (x 71B)
Class org.objectweb.asm.Handler                                                       : loaded 2 times (x 72B)
Class com.google.common.base.Ticker                                                   : loaded 2 times (x 72B)
Class [Lorg.jetbrains.kotlin.metadata.jvm.JvmProtoBuf$StringTableTypes$Record$Operation;: loaded 2 times (x 69B)
Class [Lorg.jetbrains.kotlin.load.kotlin.header.KotlinClassHeader$Kind;               : loaded 2 times (x 69B)
Class org.jetbrains.kotlin.metadata.jvm.JvmProtoBuf$StringTableTypesOrBuilder         : loaded 2 times (x 70B)
Class com.google.common.collect.MultimapBuilder$SetMultimapBuilder                    : loaded 2 times (x 75B)
Class com.google.common.collect.ImmutableSortedSet$Builder                            : loaded 2 times (x 86B)
Class org.jetbrains.kotlin.metadata.ProtoBuf$Type$Argument$1                          : loaded 2 times (x 144B)
Class org.jetbrains.kotlin.metadata.deserialization.Flags$EnumLiteFlagField           : loaded 2 times (x 76B)
Class androidx.room.jarjarred.org.antlr.v4.runtime.Token                              : loaded 2 times (x 70B)
Class org.sqlite.SQLiteOpenMode                                                       : loaded 2 times (x 79B)
Class androidx.room.Database                                                          : loaded 2 times (x 70B)
Class androidx.room.compiler.processing.XRoundEnv                                     : loaded 2 times (x 70B)
Class kotlin.jvm.internal.markers.KMutableIterator                                    : loaded 2 times (x 70B)
Class kotlin.KotlinNothingValueException                                              : loaded 2 times (x 82B)
Class com.google.devtools.ksp.processing.KSPConfig                                    : loaded 2 times (x 72B)
Class com.google.common.cache.RemovalCause$1                                          : loaded 2 times (x 80B)
Class [Lcom.google.common.cache.LocalCache$Segment;                                   : loaded 2 times (x 69B)
Class [Lcom.google.common.cache.LocalCache$Strength;                                  : loaded 2 times (x 69B)
Class com.google.common.cache.CacheBuilder$1                                          : loaded 2 times (x 85B)
Class org.gradle.internal.classpath.DefaultClassPath$ImmutableUniqueList$Builder      : loaded 2 times (x 75B)
Class org.jetbrains.kotlin.serialization.deserialization.ProtoEnumFlags               : loaded 2 times (x 71B)
Class org.jetbrains.kotlin.protobuf.Internal$EnumLite                                 : loaded 2 times (x 70B)
Class org.gradle.internal.classloader.ClassLoaderVisitor                              : loaded 2 times (x 76B)
Class org.apache.commons.io.file.PathUtils                                            : loaded 2 times (x 71B)
Class com.google.common.collect.LinkedListMultimap$ValueForKeyIterator                : loaded 2 times (x 99B)
Class [Lcom.google.common.collect.AbstractIterator$State;                             : loaded 2 times (x 69B)
Class androidx.room.compiler.processing.ksp.KTypeVariableNameFactory                  : loaded 2 times (x 71B)
Class androidx.room.verifier.ColumnInfo                                               : loaded 2 times (x 72B)
Class androidx.room.parser.SQLiteParser$Update_stmt_limitedContext                    : loaded 2 times (x 175B)
Class androidx.room.jarjarred.org.antlr.v4.runtime.Vocabulary                         : loaded 2 times (x 70B)
Class androidx.room.jarjarred.org.antlr.v4.runtime.tree.RuleNode                      : loaded 2 times (x 70B)
Class androidx.room.compiler.processing.XMethodTypeKt                                 : loaded 2 times (x 71B)
Class org.sqlite.jdbc4.JDBC4DatabaseMetaData                                          : loaded 2 times (x 441B)
Class androidx.room.compiler.processing.ksp.synthetic.KspSyntheticPropertyMethodType  : loaded 2 times (x 88B)
Class androidx.room.solver.prepared.binderprovider.RxPreparedQueryResultBinderProvider: loaded 2 times (x 79B)
Class androidx.room.ext.Xtype_extKt                                                   : loaded 2 times (x 71B)
Class androidx.room.log.RLog$Companion                                                : loaded 2 times (x 71B)
Class androidx.room.compiler.processing.ksp.KspAnnotated$UseSiteFilter                : loaded 2 times (x 70B)
Class dagger.internal.codegen.DelegateComponentProcessor                              : loaded 2 times (x 72B)
Class dagger.hilt.processor.internal.root.ComponentTreeDepsProcessingStep             : loaded 2 times (x 86B)
Class dagger.hilt.processor.internal.uninstallmodules.KspUninstallModulesProcessor    : loaded 2 times (x 89B)
Class androidx.room.compiler.processing.ksp.KspFiler                                  : loaded 2 times (x 78B)
Class kotlin.io.FileTreeWalk$WalkState                                                : loaded 2 times (x 73B)
Class kotlin.KotlinVersion$Companion                                                  : loaded 2 times (x 71B)
Class com.google.common.cache.RemovalCause$2                                          : loaded 2 times (x 80B)
Class com.google.common.collect.MapMakerInternalMap$WeakValueReference                : loaded 2 times (x 70B)
Class com.google.gson.stream.JsonToken                                                : loaded 2 times (x 79B)
Class com.google.common.collect.AbstractRangeSet                                      : loaded 2 times (x 114B)
Class com.google.common.cache.LocalCache                                              : loaded 2 times (x 187B)
Class com.google.common.cache.CacheBuilder$2                                          : loaded 2 times (x 79B)
Class org.jetbrains.kotlin.protobuf.RopeByteString                                    : loaded 2 times (x 110B)
Class kotlin.jvm.internal.FloatCompanionObject                                        : loaded 2 times (x 71B)
Class org.jetbrains.kotlin.metadata.jvm.deserialization.JvmNameResolverBase           : loaded 2 times (x 80B)
Class org.jetbrains.org.objectweb.asm.tree.IincInsnNode                               : loaded 2 times (x 78B)
Class org.jetbrains.org.objectweb.asm.tree.MultiANewArrayInsnNode                     : loaded 2 times (x 79B)
Class kotlin.sequences.SequencesKt___SequencesKt$flatMap$1                            : loaded 2 times (x 125B)
Class androidx.room.compiler.processing.ksp.KspAnnotated$UseSiteFilter$Companion      : loaded 2 times (x 71B)
Class androidx.room.ext.KotlinTypeNames                                               : loaded 2 times (x 71B)
Class org.sqlite.SQLiteJDBCLoader$VersionHolder                                       : loaded 2 times (x 71B)
Class androidx.room.jarjarred.org.antlr.v4.runtime.atn.ATNDeserializationOptions      : loaded 2 times (x 72B)
Class androidx.room.verifier.DatabaseVerifier$Companion                               : loaded 2 times (x 71B)
Class androidx.room.vo.BuiltInConverterFlagsKt$WhenMappings                           : loaded 2 times (x 71B)
Class androidx.room.compiler.processing.XProcessingEnv$WhenMappings                   : loaded 2 times (x 71B)
Class androidx.room.parser.SQLTypeAffinity                                            : loaded 2 times (x 79B)
Class [Landroidx.room.processor.Context$BooleanProcessorOptions;                      : loaded 2 times (x 69B)
Class kotlin.annotation.Target                                                        : loaded 2 times (x 70B)
Class kotlin.jvm.functions.Function4                                                  : loaded 2 times (x 70B)
Class androidx.room.jarjarred.org.antlr.v4.runtime.CharStream                         : loaded 2 times (x 70B)
Class androidx.room.jarjarred.org.antlr.v4.runtime.tree.ErrorNode                     : loaded 2 times (x 70B)
Class com.google.common.cache.RemovalCause$3                                          : loaded 2 times (x 80B)
Class org.jetbrains.kotlin.cli.common.arguments.K2JVMCompilerArguments                : loaded 2 times (x 76B)
Class org.apache.commons.io.build.AbstractOrigin$OutputStreamOrigin                   : loaded 2 times (x 89B)
Class com.google.common.cache.CacheBuilder$3                                          : loaded 2 times (x 72B)
Class org.gradle.api.GradleException                                                  : loaded 2 times (x 82B)
Class org.jetbrains.kotlin.metadata.jvm.deserialization.JvmNameResolver               : loaded 2 times (x 80B)
Class org.gradle.internal.classloader.DefaultClassLoaderFactory                       : loaded 2 times (x 82B)
Class org.jetbrains.org.objectweb.asm.tree.LocalVariableAnnotationNode                : loaded 2 times (x 82B)
Class org.jetbrains.kotlin.metadata.deserialization.BinaryVersion                     : loaded 2 times (x 74B)
Class [Lcom.google.common.cache.CacheBuilder$OneWeigher;                              : loaded 2 times (x 69B)
Class org.objectweb.asm.MethodTooLargeException                                       : loaded 2 times (x 83B)
Class com.google.common.base.Platform$JdkPatternCompiler                              : loaded 2 times (x 75B)
Class androidx.room.parser.SQLiteParser$Table_or_index_nameContext                    : loaded 2 times (x 152B)
Class androidx.room.jarjarred.org.antlr.v4.runtime.atn.ATNDeserializer$1              : loaded 2 times (x 71B)
Class androidx.room.solver.types.NoOpConverter                                        : loaded 2 times (x 74B)
Class androidx.room.processor.cache.Cache$EntityKey                                   : loaded 2 times (x 72B)
Class androidx.room.vo.BuiltInConverterFlagsKt                                        : loaded 2 times (x 71B)
Class androidx.room.solver.binderprovider.RxQueryResultBinderProvider$Companion       : loaded 2 times (x 71B)
Class dagger.hilt.processor.internal.root.KspRootProcessor                            : loaded 2 times (x 89B)
Class com.google.common.collect.MapMakerInternalMap$Strength                          : loaded 2 times (x 80B)
Class kotlin.annotation.Retention                                                     : loaded 2 times (x 70B)
Class kotlin.jvm.functions.Function5                                                  : loaded 2 times (x 70B)
Class kotlin.collections.AbstractMap$Companion                                        : loaded 2 times (x 71B)
Class com.google.common.cache.RemovalCause$4                                          : loaded 2 times (x 80B)
Class org.apache.commons.io.StandardLineSeparator                                     : loaded 2 times (x 79B)
Class org.jetbrains.kotlin.metadata.ProtoBuf$EnumEntry$1                              : loaded 2 times (x 144B)
Class org.jetbrains.kotlin.metadata.ProtoBuf$Type$Argument$Projection                 : loaded 2 times (x 82B)
Class org.jetbrains.org.objectweb.asm.tree.InvokeDynamicInsnNode                      : loaded 2 times (x 78B)
Class com.google.common.collect.MapMakerInternalMap$StrongKeyDummyValueEntry$LinkedStrongKeyDummyValueEntry: loaded 2 times (x 82B)
Class [Lkotlin.reflect.KClass;                                                        : loaded 2 times (x 69B)
Class dagger.hilt.processor.internal.earlyentrypoint.KspEarlyEntryPointProcessor$Provider: loaded 2 times (x 74B)
Class androidx.room.compiler.processing.XAnnotation                                   : loaded 2 times (x 70B)
Class androidx.room.parser.SQLiteParser$Any_nameContext                               : loaded 2 times (x 157B)
Class androidx.room.solver.RxVersion                                                  : loaded 2 times (x 79B)
Class dagger.hilt.processor.internal.generatesrootinput.GeneratesRootInputProcessingStep: loaded 2 times (x 86B)
Class dagger.hilt.processor.internal.root.KspRootProcessor$Provider                   : loaded 2 times (x 74B)
Class kotlin.jvm.functions.Function6                                                  : loaded 2 times (x 70B)
Class androidx.room.compiler.processing.InternalXAnnotationValue                      : loaded 2 times (x 155B)
Class androidx.room.solver.binderprovider.InstantQueryResultBinderProvider            : loaded 2 times (x 76B)
Class com.google.common.cache.RemovalCause$5                                          : loaded 2 times (x 80B)
Class [Lcom.google.common.collect.MapMakerInternalMap$Strength;                       : loaded 2 times (x 69B)
Class [Lcom.google.common.io.FileWriteMode;                                           : loaded 2 times (x 69B)
Class org.jetbrains.kotlin.metadata.jvm.JvmProtoBuf$JvmPropertySignature$Builder      : loaded 2 times (x 141B)
Class [Lorg.sqlite.SQLiteConfig$Encoding;                                             : loaded 2 times (x 69B)
Class androidx.room.parser.QueryType                                                  : loaded 2 times (x 79B)
Class androidx.room.solver.query.result.QueryMappedRowAdapter                         : loaded 2 times (x 76B)
Class org.sqlite.jdbc4.JDBC4PreparedStatement                                         : loaded 2 times (x 390B)
Class androidx.room.parser.SQLiteParser$Column_name_listContext                       : loaded 2 times (x 157B)
Class androidx.room.jarjarred.org.antlr.v4.runtime.atn.ATNType                        : loaded 2 times (x 79B)
Class org.sqlite.SQLiteConfig$SynchronousMode                                         : loaded 2 times (x 82B)
Class androidx.room.Query                                                             : loaded 2 times (x 70B)
Class androidx.room.compiler.processing.DeclarationCollectorKt$collectFieldsIncludingPrivateSupers$1$yieldAllFields$1: loaded 2 times (x 88B)
Class com.google.auto.value.AutoValue                                                 : loaded 2 times (x 70B)
Class dagger.hilt.android.processor.internal.androidentrypoint.KspAndroidEntryPointProcessor$Provider: loaded 2 times (x 74B)
Class [Lkotlin.time.DurationUnit;                                                     : loaded 2 times (x 69B)
Class kotlin.jvm.functions.Function7                                                  : loaded 2 times (x 70B)
Class kotlin.collections.builders.MapBuilder$KeysItr                                  : loaded 2 times (x 81B)
Class kotlin.sequences.SequencesKt___SequencesKt$asIterable$$inlined$Iterable$1       : loaded 2 times (x 79B)
Class androidx.room.parser.BindParameterNode                                          : loaded 2 times (x 109B)
Class com.google.common.collect.Iterables$4                                           : loaded 2 times (x 81B)
Class com.google.common.collect.MapMakerInternalMap$StrongKeyDummyValueSegment        : loaded 2 times (x 142B)
Class com.google.common.cache.LocalCache$WriteThroughEntry                            : loaded 2 times (x 79B)
Class com.google.common.cache.LocalCache$HashIterator                                 : loaded 2 times (x 86B)
Class com.google.common.io.Files                                                      : loaded 2 times (x 71B)
Class org.jetbrains.kotlin.cli.common.arguments.CommonCompilerArguments               : loaded 2 times (x 75B)
Class com.google.common.cache.LocalCache$EntryFactory                                 : loaded 2 times (x 83B)
Class org.jetbrains.kotlin.metadata.ProtoBuf$VersionRequirementTable$1                : loaded 2 times (x 144B)
Class org.jetbrains.kotlin.metadata.ProtoBuf$Contract                                 : loaded 2 times (x 107B)
Class org.jetbrains.kotlin.metadata.ProtoBuf$Effect$EffectType                        : loaded 2 times (x 82B)
Class org.objectweb.asm.ClassVisitor                                                  : loaded 2 times (x 88B)
Class [Lorg.objectweb.asm.Symbol;                                                     : loaded 2 times (x 69B)
Class com.google.common.collect.TransformedListIterator                               : loaded 2 times (x 93B)
Class com.google.common.base.Splitter$1$1                                             : loaded 2 times (x 86B)
Class androidx.room.parser.SQLiteParser$Savepoint_stmtContext                         : loaded 2 times (x 153B)
Class androidx.room.parser.SQLiteParser$Unary_operatorContext                         : loaded 2 times (x 155B)
Class androidx.room.parser.SQLiteParser$Signed_numberContext                          : loaded 2 times (x 154B)
Class androidx.room.jarjarred.org.antlr.v4.runtime.atn.RangeTransition                : loaded 2 times (x 76B)
Class org.sqlite.SQLiteException                                                      : loaded 2 times (x 96B)
Class androidx.room.verifier.DatabaseVerifier                                         : loaded 2 times (x 72B)
Class androidx.room.solver.types.RequireNotNullTypeConverter                          : loaded 2 times (x 74B)
Class androidx.room.compiler.processing.ksp.KspMethodType                             : loaded 2 times (x 90B)
Class androidx.room.vo.BuiltInConverterFlags                                          : loaded 2 times (x 72B)
Class com.squareup.javapoet.Util                                                      : loaded 2 times (x 71B)
Class [Lkotlin.annotation.AnnotationRetention;                                        : loaded 2 times (x 69B)
Class kotlin.jvm.functions.Function8                                                  : loaded 2 times (x 70B)
Class kotlin.collections.builders.MapBuilder$Companion                                : loaded 2 times (x 71B)
Class org.jetbrains.kotlin.cli.common.arguments.CommonCompilerArgumentsConfigurator   : loaded 2 times (x 74B)
Class com.google.common.reflect.Types$NativeTypeVariableEquals                        : loaded 2 times (x 71B)
Class com.google.common.reflect.TypeParameter                                         : loaded 2 times (x 72B)
Class [Lcom.google.common.collect.MapMaker$Dummy;                                     : loaded 2 times (x 69B)
Class com.google.common.base.CharMatcher$Whitespace                                   : loaded 2 times (x 112B)
Class com.google.common.cache.LocalCache$AbstractReferenceEntry                       : loaded 2 times (x 107B)
Class org.gradle.internal.IoActions                                                   : loaded 2 times (x 71B)
Class org.jetbrains.kotlin.descriptors.Visibilities$Local                             : loaded 2 times (x 79B)
Class org.jetbrains.kotlin.metadata.jvm.deserialization.JvmNameResolverBase$WhenMappings: loaded 2 times (x 71B)
Class org.jetbrains.kotlin.protobuf.WireFormat                                        : loaded 2 times (x 71B)
Class org.jetbrains.kotlin.metadata.jvm.deserialization.BitEncoding                   : loaded 2 times (x 71B)
Class com.google.common.reflect.TypeCapture                                           : loaded 2 times (x 71B)
Class com.google.common.cache.LocalCache$Values                                       : loaded 2 times (x 118B)
Class com.google.common.collect.MultimapBuilder$MultimapBuilderWithKeys$1             : loaded 2 times (x 76B)
Class kotlin.sequences.TransformingSequence                                           : loaded 2 times (x 75B)
Class kotlin.collections.builders.ListBuilder$Itr                                     : loaded 2 times (x 94B)
Class androidx.room.compiler.processing.ksp.synthetic.KspSyntheticContinuationParameterElement$Companion: loaded 2 times (x 71B)
Class androidx.room.processor.QueryRewriter$Companion                                 : loaded 2 times (x 71B)
Class androidx.room.jarjarred.org.antlr.v4.runtime.dfa.DFA                            : loaded 2 times (x 76B)
Class androidx.room.Fts3                                                              : loaded 2 times (x 70B)
Class androidx.room.solver.types.CustomTypeConverterWrapper                           : loaded 2 times (x 75B)
Class com.squareup.kotlinpoet.ParameterizedTypeName                                   : loaded 2 times (x 86B)
Class androidx.room.solver.types.TypeConverter                                        : loaded 2 times (x 74B)
Class com.squareup.kotlinpoet.TypeNames                                               : loaded 2 times (x 71B)
Class androidx.room.compiler.processing.XEquality$Companion                           : loaded 2 times (x 71B)
Class androidx.room.compiler.processing.ksp.KspAnnotated$UseSiteFilter$Companion$NO_USE_SITE$1: loaded 2 times (x 74B)
Class dagger.internal.codegen.KspComponentProcessor$Provider                          : loaded 2 times (x 75B)
Class kotlin.annotation.MustBeDocumented                                              : loaded 2 times (x 70B)
Class kotlin.jvm.functions.Function10                                                 : loaded 2 times (x 70B)
Class kotlin.jvm.functions.Function9                                                  : loaded 2 times (x 70B)
Class [Lkotlin.reflect.KClassifier;                                                   : loaded 2 times (x 69B)
Class [Lkotlin.LazyThreadSafetyMode;                                                  : loaded 2 times (x 69B)
Class com.google.common.collect.ImmutableRangeSet$ComplementRanges                    : loaded 2 times (x 207B)
Class org.objectweb.asm.SymbolTable                                                   : loaded 2 times (x 72B)
Class com.google.common.cache.CacheLoader$InvalidCacheLoadException                   : loaded 2 times (x 82B)
Class org.gradle.internal.classloader.SystemClassLoaderSpec                           : loaded 2 times (x 71B)
Class [Lorg.jetbrains.kotlin.metadata.ProtoBuf$Effect$EffectType;                     : loaded 2 times (x 69B)
Class kotlin.ranges.LongProgression                                                   : loaded 2 times (x 81B)
Class androidx.room.compiler.processing.XProcessingEnv$Backend                        : loaded 2 times (x 79B)
Class androidx.room.compiler.processing.javac.XTypeElementStore                       : loaded 2 times (x 72B)
Class com.google.common.collect.MultimapBuilder$MultimapBuilderWithKeys$2             : loaded 2 times (x 76B)
Class com.google.common.base.CaseFormat                                               : loaded 2 times (x 83B)
Class androidx.room.jarjarred.org.antlr.v4.runtime.atn.AtomTransition                 : loaded 2 times (x 76B)
Class androidx.room.jarjarred.org.antlr.v4.runtime.atn.PredictionContext              : loaded 2 times (x 79B)
Class [Landroidx.room.jarjarred.org.antlr.v4.runtime.CodePointBuffer$Type;            : loaded 2 times (x 69B)
Class androidx.room.compiler.processing.XSuspendMethodType                            : loaded 2 times (x 70B)
Class org.sqlite.BusyHandler                                                          : loaded 2 times (x 72B)
Class androidx.room.parser.Collate                                                    : loaded 2 times (x 79B)
Class androidx.room.Fts4                                                              : loaded 2 times (x 70B)
Class androidx.room.compiler.processing.ksp.KspMethodElement$KspNormalMethodElement   : loaded 2 times (x 270B)
Class com.squareup.kotlinpoet.WildcardTypeName$Companion                              : loaded 2 times (x 71B)
Class dagger.spi.internal.shaded.androidx.room3.compiler.processing.CommonProcessorDelegate: loaded 2 times (x 72B)
Class kotlin.jvm.functions.Function11                                                 : loaded 2 times (x 70B)
Class kotlin.jvm.internal.PropertyReference0Impl                                      : loaded 2 times (x 127B)
Class androidx.room.compiler.processing.ksp.synthetic.KspSyntheticPropertyMethodElement$Companion: loaded 2 times (x 71B)
Class kotlin.jvm.internal.markers.KMutableCollection                                  : loaded 2 times (x 70B)
Class kotlin.coroutines.intrinsics.IntrinsicsKt                                       : loaded 2 times (x 71B)
Class kotlin.coroutines.CoroutineContext$DefaultImpls                                 : loaded 2 times (x 71B)
Class kotlin.ranges.IntRange$Companion                                                : loaded 2 times (x 71B)
Class kotlin.collections.EmptyMap                                                     : loaded 2 times (x 108B)
Class com.google.common.collect.FluentIterable                                        : loaded 2 times (x 81B)
Class com.google.common.cache.LocalCache$StrongEntry                                  : loaded 2 times (x 108B)
Class com.google.common.util.concurrent.AbstractFuture$TrustedFuture                  : loaded 2 times (x 114B)
Class com.google.common.cache.LoadingCache                                            : loaded 2 times (x 70B)
Class org.jetbrains.kotlin.metadata.ProtoBuf$Type$Argument                            : loaded 2 times (x 110B)
Class org.jetbrains.kotlin.load.kotlin.FileBasedKotlinClass$InnerClassesInfo          : loaded 2 times (x 74B)
Class androidx.room.compiler.processing.ksp.KspArrayType$BoxedArray                   : loaded 2 times (x 213B)
Class com.squareup.kotlinpoet.TagMap                                                  : loaded 2 times (x 79B)
Class com.google.common.collect.MultimapBuilder$MultimapBuilderWithKeys$3             : loaded 2 times (x 76B)
Class androidx.room.solver.types.BoxedBooleanToBoxedIntConverter                      : loaded 2 times (x 71B)
Class androidx.room.solver.binderprovider.CursorQueryResultBinderProvider             : loaded 2 times (x 76B)
Class androidx.room.jarjarred.org.antlr.v4.runtime.atn.ATNConfig                      : loaded 2 times (x 74B)
Class androidx.room.compiler.processing.ksp.KspMethodElement$KspSuspendMethodElement  : loaded 2 times (x 270B)
Class androidx.room.compiler.codegen.XTypeNameKt                                      : loaded 2 times (x 71B)
Class androidx.room.compiler.processing.ksp.KspProcessingEnv                          : loaded 2 times (x 121B)
Class androidx.room.compiler.processing.XProcessingEnvConfig$Companion                : loaded 2 times (x 71B)
Class androidx.room.compiler.processing.XProcessingEnvConfig                          : loaded 2 times (x 71B)
Class dagger.hilt.android.processor.internal.bindvalue.KspBindValueProcessor$Provider : loaded 2 times (x 74B)
Class androidx.room.compiler.processing.XConstructorElement                           : loaded 2 times (x 70B)
Class kotlin.sequences.TakeWhileSequence                                              : loaded 2 times (x 75B)
Class kotlin.jvm.functions.Function12                                                 : loaded 2 times (x 70B)
Class kotlin.coroutines.intrinsics.CoroutineSingletons                                : loaded 2 times (x 79B)
Class com.google.common.io.ByteStreams$LimitedInputStream                             : loaded 2 times (x 92B)
Class org.objectweb.asm.MethodWriter                                                  : loaded 2 times (x 106B)
Class [Lcom.google.common.cache.Weigher;                                              : loaded 2 times (x 69B)
Class org.jetbrains.kotlin.resolve.scopes.receivers.Receiver                          : loaded 2 times (x 70B)
Class org.jetbrains.kotlin.metadata.ProtoBuf$Modality$1                               : loaded 2 times (x 74B)
Class org.jetbrains.org.objectweb.asm.tree.TypeAnnotationNode                         : loaded 2 times (x 81B)
Class org.sqlite.SQLiteConfig$JournalMode                                             : loaded 2 times (x 82B)
Class com.google.common.collect.MultimapBuilder$MultimapBuilderWithKeys$4             : loaded 2 times (x 76B)
Class [Lorg.sqlite.SQLiteConfig$LockingMode;                                          : loaded 2 times (x 69B)
Class com.squareup.kotlinpoet.TypeVariableName$Companion                              : loaded 2 times (x 71B)
Class androidx.room.parser.SQLiteLexer                                                : loaded 2 times (x 142B)
Class org.sqlite.JDBC                                                                 : loaded 2 times (x 87B)
Class androidx.room.compiler.processing.ksp.NoLocationTypeReference                   : loaded 2 times (x 88B)
Class androidx.room.compiler.codegen.XClassName$Companion                             : loaded 2 times (x 71B)
Class androidx.room.compiler.processing.ksp.KspArrayType$Companion                    : loaded 2 times (x 71B)
Class androidx.room.compiler.processing.ksp.KspArrayType                              : loaded 2 times (x 213B)
Class [Lorg.sqlite.SQLiteLimits;                                                      : loaded 2 times (x 69B)
Class kotlin.text.Charsets                                                            : loaded 2 times (x 71B)
Class kotlin.jvm.functions.Function13                                                 : loaded 2 times (x 70B)
Class kotlin.sequences.SequenceBuilderIterator                                        : loaded 2 times (x 85B)
Class androidx.room.jarjarred.org.antlr.v4.runtime.misc.DoubleKeyMap                  : loaded 2 times (x 78B)
Class kotlin.ranges.OpenEndRange                                                      : loaded 2 times (x 70B)
Class org.jetbrains.kotlin.cli.common.CompilerSystemProperties$Companion              : loaded 2 times (x 71B)
Class com.google.common.collect.AbstractMapBasedMultimap$RandomAccessWrappedList      : loaded 2 times (x 205B)
Class org.jetbrains.kotlin.metadata.jvm.JvmProtoBuf$1                                 : loaded 2 times (x 71B)
Class org.jetbrains.kotlin.metadata.ProtoBuf$VersionRequirement                       : loaded 2 times (x 116B)
Class org.jetbrains.kotlin.protobuf.ByteString$Output                                 : loaded 2 times (x 86B)
Class com.google.common.collect.MultimapBuilder$MultimapBuilderWithKeys$5             : loaded 2 times (x 78B)
Class org.jetbrains.org.objectweb.asm.tree.FieldInsnNode                              : loaded 2 times (x 79B)
Class com.google.gson.stream.MalformedJsonException                                   : loaded 2 times (x 82B)
Class com.google.common.io.ByteArrayDataOutput                                        : loaded 2 times (x 70B)
Class kotlin.ranges.IntProgression$Companion                                          : loaded 2 times (x 71B)
Class androidx.room.solver.query.result.QueryMappedRowAdapter$Mapping                 : loaded 2 times (x 72B)
Class org.sqlite.jdbc3.JDBC3PreparedStatement                                         : loaded 2 times (x 255B)
Class androidx.room.parser.SQLiteParser$Analyze_stmtContext                           : loaded 2 times (x 155B)
Class [Landroidx.room.jarjarred.org.antlr.v4.runtime.atn.ATNType;                     : loaded 2 times (x 69B)
Class androidx.room.jarjarred.org.antlr.v4.runtime.atn.Transition                     : loaded 2 times (x 76B)
Class org.sqlite.Function                                                             : loaded 2 times (x 73B)
Class androidx.room.vo.ForeignKeyAction                                               : loaded 2 times (x 80B)
Class androidx.room.solver.prepared.binderprovider.GuavaListenableFuturePreparedQueryResultBinderProvider: loaded 2 times (x 76B)
Class androidx.room.solver.binderprovider.PagingSourceQueryResultBinderProviderKt     : loaded 2 times (x 71B)
Class androidx.room.ext.RoomTypeNames                                                 : loaded 2 times (x 71B)
Class [Lcom.squareup.javapoet.TypeName;                                               : loaded 2 times (x 69B)
Class com.squareup.kotlinpoet.ClassName$special$$inlined$thenBy$1                     : loaded 2 times (x 90B)
Class androidx.room.compiler.processing.ksp.KSClassDeclarationExtKt                   : loaded 2 times (x 71B)
Class androidx.room.compiler.processing.XProcessingEnv$Companion                      : loaded 2 times (x 71B)
Class androidx.room.DatabaseProcessingStep                                            : loaded 2 times (x 79B)
Class kotlin.jvm.functions.Function14                                                 : loaded 2 times (x 70B)
Class com.google.common.collect.AbstractIterator$State                                : loaded 2 times (x 79B)
Class com.google.common.reflect.Types$JavaVersion$1                                   : loaded 2 times (x 83B)
Class [Lorg.apache.http.NameValuePair;                                                : loaded 2 times (x 69B)
Class com.google.common.cache.LocalCache$ValueReference                               : loaded 2 times (x 70B)
Class kotlin.collections.builders.MapBuilder                                          : loaded 2 times (x 112B)
Class org.jetbrains.kotlin.descriptors.annotations.Annotated                          : loaded 2 times (x 70B)
Class [Lorg.jetbrains.org.objectweb.asm.AnnotationVisitor;                            : loaded 2 times (x 69B)
Class org.jetbrains.kotlin.com.intellij.openapi.diagnostic.Attachment                 : loaded 2 times (x 72B)
Class org.jetbrains.kotlin.descriptors.SourceElement$1                                : loaded 2 times (x 74B)
Class dagger.spi.internal.shaded.androidx.room3.compiler.processing.XProcessingEnvConfig$Companion: loaded 2 times (x 71B)
Class com.google.common.collect.LinkedListMultimap$1KeySetImpl                        : loaded 2 times (x 136B)
Class com.google.common.collect.MultimapBuilder$MultimapBuilderWithKeys$6             : loaded 2 times (x 76B)
Class dagger.spi.internal.shaded.androidx.room3.compiler.processing.ksp.KspFiler      : loaded 2 times (x 78B)
Class org.sqlite.date.FormatCache                                                     : loaded 2 times (x 78B)
Class androidx.room.jarjarred.org.antlr.v4.runtime.BaseErrorListener                  : loaded 2 times (x 81B)
Class androidx.room.verifier.QueryResultInfo                                          : loaded 2 times (x 72B)
Class androidx.room.jarjarred.org.antlr.v4.runtime.atn.PredictionMode                 : loaded 2 times (x 79B)
Class androidx.room.parser.SQLiteParser$Trigger_nameContext                           : loaded 2 times (x 152B)
Class androidx.room.parser.SQLiteParser$Pragma_nameContext                            : loaded 2 times (x 152B)
Class androidx.room.jarjarred.org.antlr.v4.runtime.TokenStream                        : loaded 2 times (x 70B)
Class androidx.room.jarjarred.org.antlr.v4.runtime.atn.PredictionContextCache         : loaded 2 times (x 75B)
Class androidx.room.processor.DatabaseProcessor                                       : loaded 2 times (x 72B)
Class androidx.room.solver.types.SingleStatementTypeConverter                         : loaded 2 times (x 75B)
Class androidx.room.solver.TypeAdapterStore$Companion                                 : loaded 2 times (x 71B)
Class androidx.room.compiler.codegen.CodeLanguage                                     : loaded 2 times (x 79B)
Class com.squareup.kotlinpoet.ClassName$special$$inlined$thenBy$2                     : loaded 2 times (x 90B)
Class com.squareup.kotlinpoet.Taggable                                                : loaded 2 times (x 70B)
Class dagger.spi.internal.shaded.androidx.room3.compiler.processing.XFiler            : loaded 2 times (x 70B)
Class kotlin.coroutines.jvm.internal.Boxing                                           : loaded 2 times (x 71B)
Class kotlin.collections.ArrayDeque$Companion                                         : loaded 2 times (x 71B)
Class kotlin.jvm.functions.Function15                                                 : loaded 2 times (x 70B)
Class kotlin.text.CharsKt__CharKt                                                     : loaded 2 times (x 71B)
Class com.google.common.reflect.Types$JavaVersion$2                                   : loaded 2 times (x 83B)
Class com.google.common.reflect.Types                                                 : loaded 2 times (x 71B)
Class org.jetbrains.kotlin.cli.common.arguments.CommonToolArguments                   : loaded 2 times (x 73B)
Class [Lorg.apache.http.Header;                                                       : loaded 2 times (x 69B)
Class com.google.common.hash.PrimitiveSink                                            : loaded 2 times (x 70B)
Class com.google.common.base.PatternCompiler                                          : loaded 2 times (x 70B)
Class com.google.common.util.concurrent.AbstractFuture$Failure                        : loaded 2 times (x 72B)
Class org.jetbrains.kotlin.metadata.ProtoBuf$Expression$1                             : loaded 2 times (x 144B)
Class org.jetbrains.kotlin.descriptors.DescriptorVisibility                           : loaded 2 times (x 78B)
Class androidx.room.solver.query.result.SingleItemQueryResultAdapter                  : loaded 2 times (x 73B)
Class com.google.common.collect.ImmutableListMultimap$Builder                         : loaded 2 times (x 83B)
Class org.jetbrains.kotlin.protobuf.GeneratedMessageLite$ExtendableMessageOrBuilder   : loaded 2 times (x 70B)
Class org.jetbrains.kotlin.metadata.ProtoBuf$FunctionOrBuilder                        : loaded 2 times (x 70B)
Class org.jetbrains.kotlin.protobuf.GeneratedMessageLite$1                            : loaded 2 times (x 71B)
Class org.jetbrains.kotlin.metadata.ProtoBuf$Effect$InvocationKind$1                  : loaded 2 times (x 74B)
Class org.gradle.api.internal.classpath.ManifestUtil                                  : loaded 2 times (x 71B)
Class androidx.room.jarjarred.org.antlr.v4.runtime.CommonToken                        : loaded 2 times (x 111B)
Class androidx.room.parser.SQLiteParser$Schema_nameContext                            : loaded 2 times (x 152B)
Class androidx.room.jarjarred.org.antlr.v4.runtime.misc.EqualityComparator            : loaded 2 times (x 70B)
Class androidx.room.jarjarred.org.antlr.v4.runtime.atn.ActionTransition               : loaded 2 times (x 76B)
Class androidx.room.processor.IndexInput                                              : loaded 2 times (x 72B)
Class androidx.room.compiler.processing.ksp.KspHasModifiers$PropertyFieldAccessor     : loaded 2 times (x 92B)
Class androidx.room.compiler.processing.XVariableElement                              : loaded 2 times (x 70B)
Class androidx.room.compiler.processing.ksp.KspAnnotated$UseSiteFilter$Impl           : loaded 2 times (x 75B)
Class kotlin.jvm.functions.Function16                                                 : loaded 2 times (x 70B)
Class kotlin.coroutines.EmptyCoroutineContext                                         : loaded 2 times (x 77B)
Class com.google.common.reflect.Types$JavaVersion$3                                   : loaded 2 times (x 83B)
Class com.google.common.io.CharSink                                                   : loaded 2 times (x 79B)
Class [Lorg.apache.commons.io.file.DeleteOption;                                      : loaded 2 times (x 69B)
Class org.objectweb.asm.Label                                                         : loaded 2 times (x 73B)
Class org.objectweb.asm.CurrentFrame                                                  : loaded 2 times (x 73B)
Class org.objectweb.asm.ClassTooLargeException                                        : loaded 2 times (x 83B)
Class com.google.gson.stream.JsonReader                                               : loaded 2 times (x 97B)
Class org.jetbrains.kotlin.metadata.ProtoBuf$ExpressionOrBuilder                      : loaded 2 times (x 70B)
Class [Lorg.jetbrains.kotlin.metadata.ProtoBuf$Type$Argument$Projection;              : loaded 2 times (x 69B)
Class com.google.common.util.concurrent.ExecutionError                                : loaded 2 times (x 82B)
Class [Lcom.google.common.cache.RemovalCause;                                         : loaded 2 times (x 69B)
Class kotlin.SafePublicationLazyImpl$Companion                                        : loaded 2 times (x 71B)
Class kotlin.jvm.internal.PropertyReference1Impl                                      : loaded 2 times (x 127B)
Class kotlin.jvm.internal.MutablePropertyReference1                                   : loaded 2 times (x 137B)
Class dagger.hilt.android.processor.internal.customtestapplication.CustomTestApplicationProcessingStep: loaded 2 times (x 86B)
Class androidx.room.jarjarred.org.antlr.v4.runtime.dfa.DFAState$PredPrediction        : loaded 2 times (x 72B)
Class androidx.room.jarjarred.org.antlr.v4.runtime.InputMismatchException             : loaded 2 times (x 89B)
Class org.sqlite.SQLiteConfig$TransactionMode                                         : loaded 2 times (x 82B)
Class androidx.room.Update                                                            : loaded 2 times (x 70B)
Class androidx.room.PrimaryKey                                                        : loaded 2 times (x 70B)
Class androidx.room.ext.PagingTypeNames                                               : loaded 2 times (x 71B)
Class androidx.room.compiler.processing.ksp.KspMemberContainer                        : loaded 2 times (x 70B)
Class kotlin.InitializedLazyImpl                                                      : loaded 2 times (x 76B)
Class kotlin.jvm.functions.Function17                                                 : loaded 2 times (x 70B)
Class org.jetbrains.kotlin.cli.common.messages.MessageCollector$Companion$NONE$1      : loaded 2 times (x 76B)
Class com.google.common.reflect.Types$JavaVersion$4                                   : loaded 2 times (x 83B)
Class com.google.common.collect.MapMakerInternalMap$InternalEntryHelper               : loaded 2 times (x 70B)
Class com.google.common.collect.Table                                                 : loaded 2 times (x 70B)
Class com.google.common.collect.RangeGwtSerializationDependencies                     : loaded 2 times (x 71B)
Class org.objectweb.asm.Frame                                                         : loaded 2 times (x 73B)
Class org.objectweb.asm.MethodVisitor                                                 : loaded 2 times (x 105B)
Class com.google.common.cache.LocalCache$EntryFactory$1                               : loaded 2 times (x 83B)
Class [Lcom.google.common.cache.RemovalListener;                                      : loaded 2 times (x 69B)
Class org.jetbrains.kotlin.metadata.ProtoBuf$EnumEntryOrBuilder                       : loaded 2 times (x 70B)
Class org.jetbrains.kotlin.descriptors.ValidateableDescriptor                         : loaded 2 times (x 70B)
Class androidx.room.compiler.processing.ksp.KspTypeElement$Companion                  : loaded 2 times (x 71B)
Class org.jetbrains.kotlin.metadata.jvm.JvmProtoBuf$JvmPropertySignature$1            : loaded 2 times (x 144B)
Class org.sqlite.SQLiteJDBCLoader                                                     : loaded 2 times (x 71B)
Class org.sqlite.SQLiteConfig$Pragma                                                  : loaded 2 times (x 79B)
Class androidx.room.jarjarred.org.antlr.v4.runtime.atn.ParserATNSimulator$1           : loaded 2 times (x 77B)
Class androidx.room.jarjarred.org.antlr.v4.runtime.atn.ATN                            : loaded 2 times (x 80B)
Class androidx.room.jarjarred.org.antlr.v4.runtime.atn.StarLoopEntryState             : loaded 2 times (x 83B)
Class org.sqlite.core.CoreDatabaseMetaData                                            : loaded 2 times (x 440B)
Class androidx.room.Ignore                                                            : loaded 2 times (x 70B)
Class androidx.room.Embedded                                                          : loaded 2 times (x 70B)
Class androidx.room.TypeConverter                                                     : loaded 2 times (x 70B)
Class androidx.room.compiler.processing.XType                                         : loaded 2 times (x 70B)
Class dagger.spi.internal.shaded.androidx.room3.compiler.processing.XProcessingStep   : loaded 2 times (x 70B)
Class kotlin.jvm.functions.Function18                                                 : loaded 2 times (x 70B)
Class com.google.common.reflect.Types$JavaVersion$5                                   : loaded 2 times (x 71B)
Class [Lcom.google.common.reflect.Types$ClassOwnership;                               : loaded 2 times (x 69B)
Class com.google.common.collect.RangeSet                                              : loaded 2 times (x 70B)
Class com.google.common.cache.LocalCache$EntryFactory$2                               : loaded 2 times (x 83B)
Class org.gradle.api.internal.classpath.GlobalCacheRootsProvider                      : loaded 2 times (x 70B)
Class org.sqlite.ExtendedCommand                                                      : loaded 2 times (x 71B)
Class androidx.room.jarjarred.org.antlr.v4.runtime.ANTLRErrorStrategy                 : loaded 2 times (x 70B)
Class com.google.common.collect.Multimaps                                             : loaded 2 times (x 71B)
Class androidx.room.parser.SQLiteParser$Comma_separated_exprContext                   : loaded 2 times (x 155B)
Class org.jetbrains.kotlin.metadata.deserialization.MetadataVersion$Companion         : loaded 2 times (x 71B)
Class androidx.room.parser.SQLiteParser$Column_constraintContext                      : loaded 2 times (x 176B)
Class org.sqlite.date.FastDatePrinter$NumberRule                                      : loaded 2 times (x 70B)
Class org.sqlite.date.FastDateFormat                                                  : loaded 2 times (x 114B)
Class androidx.room.compiler.processing.ksp.synthetic.KspSyntheticPropertyMethodType$Getter: loaded 2 times (x 88B)
Class androidx.room.solver.prepared.binderprovider.InstantPreparedQueryResultBinderProvider: loaded 2 times (x 76B)
Class androidx.room.compiler.processing.ksp.KspAnnotation$wrap$$inlined$sortedBy$1    : loaded 2 times (x 90B)
Class dagger.spi.internal.shaded.androidx.room3.compiler.processing.XProcessingEnv    : loaded 2 times (x 70B)
Class androidx.room.compiler.processing.XMessager                                     : loaded 2 times (x 73B)
Class androidx.room.compiler.processing.XProcessingStep                               : loaded 2 times (x 70B)
Class dagger.hilt.processor.internal.generatesrootinput.KspGeneratesRootInputProcessor$Provider: loaded 2 times (x 74B)
Class kotlin.reflect.KMutableProperty$Setter                                          : loaded 2 times (x 70B)
Class kotlin.jvm.functions.Function19                                                 : loaded 2 times (x 70B)
Class com.google.common.collect.CollectCollectors                                     : loaded 2 times (x 71B)
Class org.objectweb.asm.ModuleWriter                                                  : loaded 2 times (x 82B)
Class com.google.common.cache.LocalCache$EntryFactory$3                               : loaded 2 times (x 83B)
Class com.google.common.base.Ticker$1                                                 : loaded 2 times (x 72B)
Class [Lorg.jetbrains.kotlin.metadata.ProtoBuf$Expression$ConstantValue;              : loaded 2 times (x 69B)
Class org.jetbrains.kotlin.metadata.ProtoBuf$Effect                                   : loaded 2 times (x 113B)
Class org.jetbrains.org.objectweb.asm.tree.InsnNode                                   : loaded 2 times (x 78B)
Class [Lkotlin.jvm.functions.Function1;                                               : loaded 2 times (x 69B)
Class org.jetbrains.org.objectweb.asm.tree.Util                                       : loaded 2 times (x 71B)
Class com.google.common.collect.MultimapBuilder$1                                     : loaded 2 times (x 83B)
Class [Lorg.jetbrains.kotlin.metadata.ProtoBuf$Modality;                              : loaded 2 times (x 69B)
Class org.gradle.internal.classloader.ClassLoaderHierarchy                            : loaded 2 times (x 70B)
Class org.apache.http.Header                                                          : loaded 2 times (x 70B)
Class androidx.room.parser.Section$BindVar                                            : loaded 2 times (x 73B)
Class androidx.room.vo.RelationCollector$LongSparseArrayKeyQueryParameterAdapter      : loaded 2 times (x 73B)
Class androidx.room.jarjarred.org.antlr.v4.runtime.atn.ATNConfigSet$ConfigEqualityComparator: loaded 2 times (x 77B)
Class androidx.room.jarjarred.org.antlr.v4.runtime.misc.IntegerList                   : loaded 2 times (x 72B)
Class androidx.room.jarjarred.org.antlr.v4.runtime.atn.DecisionState                  : loaded 2 times (x 82B)
Class androidx.room.solver.NullAwareTypeConverterStore$TypeConverterQueue             : loaded 2 times (x 72B)
Class androidx.room.processor.DaoProcessor$Companion                                  : loaded 2 times (x 71B)
Class androidx.room.compiler.processing.ksp.KSTypeVarianceResolver$WhenMappings       : loaded 2 times (x 71B)
Class androidx.room.solver.types.PrimitiveColumnTypeAdapter                           : loaded 2 times (x 85B)
Class androidx.room.log.RLog                                                          : loaded 2 times (x 72B)
Class [Ldagger.spi.internal.shaded.androidx.room3.compiler.processing.XProcessingEnv$Platform;: loaded 2 times (x 69B)
Class com.google.common.io.FileWriteMode                                              : loaded 2 times (x 79B)
Class com.google.common.collect.CollectSpliterators$1                                 : loaded 2 times (x 90B)
Class com.google.common.cache.LocalCache$EntryFactory$4                               : loaded 2 times (x 83B)
Class org.jetbrains.kotlin.descriptors.Visibility                                     : loaded 2 times (x 79B)
Class org.jetbrains.kotlin.protobuf.RopeByteString$RopeInputStream                    : loaded 2 times (x 92B)
Class org.jetbrains.kotlin.protobuf.CodedInputStream                                  : loaded 2 times (x 72B)
Class [Lcom.google.common.collect.MapMakerInternalMap$Segment;                        : loaded 2 times (x 69B)
Class com.google.common.cache.LocalCache$ValueIterator                                : loaded 2 times (x 86B)
Class kotlin.sequences.ConstrainedOnceSequence                                        : loaded 2 times (x 75B)
Class com.google.common.collect.MultimapBuilder$2                                     : loaded 2 times (x 83B)
Class com.google.common.collect.MultimapBuilder$MultimapBuilderWithKeys               : loaded 2 times (x 82B)
Class kotlin.text.LinesIterator                                                       : loaded 2 times (x 79B)
Class [Lcom.squareup.kotlinpoet.TypeName;                                             : loaded 2 times (x 69B)
Class androidx.room.jarjarred.org.antlr.v4.runtime.atn.SemanticContext$Empty          : loaded 2 times (x 73B)
Class androidx.room.parser.SQLiteParser$Column_nameContext                            : loaded 2 times (x 152B)
Class androidx.room.jarjarred.org.antlr.v4.runtime.Parser                             : loaded 2 times (x 153B)
Class androidx.room.jarjarred.org.antlr.v4.runtime.misc.Array2DHashSet                : loaded 2 times (x 140B)
Class androidx.room.jarjarred.org.antlr.v4.runtime.atn.PlusBlockStartState            : loaded 2 times (x 83B)
Class androidx.room.BuiltInTypeConverters$State                                       : loaded 2 times (x 79B)
Class kotlin.concurrent.LocksKt                                                       : loaded 2 times (x 71B)
Class androidx.room.solver.TypeAdapterStore                                           : loaded 2 times (x 72B)
Class com.google.common.io.ByteStreams$1                                              : loaded 2 times (x 85B)
Class com.google.common.cache.LocalCache$EntryFactory$5                               : loaded 2 times (x 83B)
Class org.jetbrains.kotlin.metadata.ProtoBuf$1                                        : loaded 2 times (x 71B)
Class org.jetbrains.kotlin.mpp.DeclarationSymbolMarker                                : loaded 2 times (x 70B)
Class androidx.room.solver.types.ColumnTypeAdapter                                    : loaded 2 times (x 85B)
Class org.jetbrains.kotlin.protobuf.MessageLite$Builder                               : loaded 2 times (x 70B)
Class [Landroidx.room.solver.types.ColumnTypeAdapter;                                 : loaded 2 times (x 69B)
Class com.google.common.collect.MultimapBuilder$3                                     : loaded 2 times (x 84B)
Class androidx.room.compiler.processing.ksp.synthetic.KspSyntheticContinuationParameterElement: loaded 2 times (x 153B)
Class androidx.room.jarjarred.org.antlr.v4.runtime.Lexer                              : loaded 2 times (x 142B)
Class org.sqlite.SQLiteLimits                                                         : loaded 2 times (x 79B)
Class org.sqlite.date.FastDatePrinter                                                 : loaded 2 times (x 99B)
Class org.sqlite.jdbc3.JDBC3DatabaseMetaData                                          : loaded 2 times (x 441B)
Class androidx.room.compiler.processing.ksp.KspHasModifiers$Declaration               : loaded 2 times (x 92B)
Class androidx.room.ext.RoomPagingTypeNames                                           : loaded 2 times (x 71B)
Class androidx.room.solver.types.ByteArrayColumnTypeAdapter$Companion                 : loaded 2 times (x 71B)
Class androidx.room.solver.types.BoxedPrimitiveColumnTypeAdapter$Companion            : loaded 2 times (x 71B)
Class [Landroidx.room.compiler.processing.ksp.synthetic.KspSyntheticPropertyMethodElement;: loaded 2 times (x 69B)
Class androidx.room.compiler.processing.XProcessingEnv                                : loaded 2 times (x 70B)
Class kotlin.jvm.internal.ByteCompanionObject                                         : loaded 2 times (x 71B)
Class kotlin.time.Duration                                                            : loaded 2 times (x 74B)
Class [Lkotlin.reflect.KProperty;                                                     : loaded 2 times (x 69B)
Class androidx.room.solver.types.TypeConverter$Cost$Companion                         : loaded 2 times (x 71B)
Class org.apache.commons.io.output.AppendableWriter                                   : loaded 2 times (x 100B)
Class com.google.common.collect.HashMultimap                                          : loaded 2 times (x 174B)
Class com.google.common.cache.LocalCache$EntryFactory$6                               : loaded 2 times (x 83B)
Class org.gradle.internal.installation.CurrentGradleInstallationLocator               : loaded 2 times (x 71B)
Class org.jetbrains.kotlin.metadata.ProtoBuf$VersionRequirement$Level$1               : loaded 2 times (x 74B)
Class org.jetbrains.kotlin.protobuf.FieldSet$1                                        : loaded 2 times (x 71B)
Class org.jetbrains.org.objectweb.asm.tree.LdcInsnNode                                : loaded 2 times (x 78B)
Class com.google.common.collect.MultimapBuilder$4                                     : loaded 2 times (x 84B)
Class androidx.room.compiler.processing.ksp.KspMethodType$KspNormalMethodType         : loaded 2 times (x 90B)
Class org.sqlite.SQLiteConfig$Encoding                                                : loaded 2 times (x 82B)
Class [Lorg.sqlite.SQLiteConfig$HexKeyMode;                                           : loaded 2 times (x 69B)
Class androidx.room.jarjarred.org.antlr.v4.runtime.tree.ParseTreeListener             : loaded 2 times (x 70B)
Class androidx.room.jarjarred.org.antlr.v4.runtime.atn.ATNState                       : loaded 2 times (x 82B)
Class androidx.room.processor.InternalQueryProcessor$Companion                        : loaded 2 times (x 71B)
Class org.sqlite.date.FastDateParser                                                  : loaded 2 times (x 91B)
Class [Lorg.sqlite.SQLiteConfig$TempStore;                                            : loaded 2 times (x 69B)
Class org.sqlite.Collation                                                            : loaded 2 times (x 73B)
Class androidx.room.Entity                                                            : loaded 2 times (x 70B)
Class androidx.room.compiler.processing.ksp.KspExecutableParameterElement$Companion   : loaded 2 times (x 71B)
Class androidx.room.compiler.codegen.XTypeName$Companion                              : loaded 2 times (x 71B)
Class androidx.room.compiler.codegen.XTypeName                                        : loaded 2 times (x 75B)
Class dagger.hilt.processor.internal.aggregateddeps.AggregatedDepsProcessingStep      : loaded 2 times (x 86B)
Class dagger.spi.internal.shaded.androidx.room3.compiler.processing.XProcessingEnv$Companion: loaded 2 times (x 71B)
Class dagger.hilt.processor.internal.aliasof.KspAliasOfProcessor$Provider             : loaded 2 times (x 74B)
Class kotlin.coroutines.jvm.internal.SpillingKt                                       : loaded 2 times (x 71B)
Class [Lkotlin.io.FileWalkDirection;                                                  : loaded 2 times (x 69B)
Class org.sqlite.date.FastDateParser$4                                                : loaded 2 times (x 79B)
Class org.jetbrains.kotlin.cli.common.messages.CompilerMessageSeverity$Companion      : loaded 2 times (x 71B)
Class org.objectweb.asm.ClassReader                                                   : loaded 2 times (x 94B)
Class org.apache.commons.io.output.ThresholdingOutputStream                           : loaded 2 times (x 95B)
Class com.google.common.collect.Maps$KeySet                                           : loaded 2 times (x 137B)
Class com.google.common.cache.LocalCache$EntryFactory$7                               : loaded 2 times (x 83B)
Class org.gradle.internal.service.DefaultServiceLocator                               : loaded 2 times (x 83B)
Class org.jetbrains.kotlin.metadata.ProtoBuf$Class$Kind$1                             : loaded 2 times (x 74B)
Class org.jetbrains.kotlin.protobuf.SmallSortedMap$Entry                              : loaded 2 times (x 88B)
Class org.jetbrains.kotlin.metadata.ProtoBuf$Package$1                                : loaded 2 times (x 144B)
Class androidx.room.parser.SQLiteParser$Function_nameContext                          : loaded 2 times (x 152B)
Class org.jetbrains.org.objectweb.asm.tree.UnsupportedClassVersionException           : loaded 2 times (x 82B)
Class org.jetbrains.kotlin.name.FqName$Companion                                      : loaded 2 times (x 71B)
Class androidx.room.jarjarred.org.antlr.v4.runtime.WritableToken                      : loaded 2 times (x 70B)
Class androidx.room.jarjarred.org.antlr.v4.runtime.misc.FlexibleHashMap               : loaded 2 times (x 125B)
Class androidx.room.processor.QueryRewriter$Companion$NoOpRewriter$1                  : loaded 2 times (x 74B)
Class androidx.room.jarjarred.org.antlr.v4.runtime.atn.SemanticContext$Operator       : loaded 2 times (x 74B)
Class androidx.room.jarjarred.org.antlr.v4.runtime.atn.ArrayPredictionContext         : loaded 2 times (x 80B)
Class androidx.room.parser.SQLiteParser$Literal_valueContext                          : loaded 2 times (x 160B)
Class [Landroidx.room.jarjarred.org.antlr.v4.runtime.dfa.DFA;                         : loaded 2 times (x 69B)
Class [Landroidx.room.jarjarred.org.antlr.v4.runtime.atn.RuleStartState;              : loaded 2 times (x 69B)
Class androidx.room.jarjarred.org.antlr.v4.runtime.CodePointBuffer$Builder            : loaded 2 times (x 79B)
Class dagger.hilt.processor.internal.root.KspComponentTreeDepsProcessor$Provider      : loaded 2 times (x 74B)
Class jdk.internal.jrtfs.JrtDirectoryStream                                           : loaded 2 times (x 89B)
Class kotlin.reflect.KMutableProperty0                                                : loaded 2 times (x 70B)
Class kotlin.reflect.KClassifier                                                      : loaded 2 times (x 70B)
Class kotlin.io.FileTreeWalk                                                          : loaded 2 times (x 75B)
Class kotlin.coroutines.jvm.internal.SuspendFunction                                  : loaded 2 times (x 70B)
Class com.google.common.cache.LocalCache$SoftValueReference                           : loaded 2 times (x 97B)
Class org.apache.commons.io.build.AbstractOrigin$URIOrigin                            : loaded 2 times (x 89B)
Class com.google.common.collect.ComparisonChain$InactiveComparisonChain               : loaded 2 times (x 80B)
Class org.jetbrains.kotlin.util.capitalizeDecapitalize.CapitalizeDecapitalizeKt       : loaded 2 times (x 71B)
Class com.google.common.cache.LocalCache$EntryFactory$8                               : loaded 2 times (x 83B)
Class org.gradle.internal.installation.CurrentGradleInstallation                      : loaded 2 times (x 73B)
Class org.jetbrains.kotlin.metadata.ProtoBuf$Annotation$ArgumentOrBuilder             : loaded 2 times (x 70B)
Class org.jetbrains.kotlin.load.kotlin.FileBasedKotlinClass$OuterAndInnerName         : loaded 2 times (x 72B)
Class org.jetbrains.kotlin.protobuf.FieldSet$FieldDescriptorLite                      : loaded 2 times (x 70B)
Class org.jetbrains.kotlin.protobuf.AbstractMessageLite                               : loaded 2 times (x 98B)
Class org.jetbrains.kotlin.metadata.ProtoBuf$ContractOrBuilder                        : loaded 2 times (x 70B)
Class [Landroidx.room.jarjarred.org.antlr.v4.runtime.dfa.DFAState$PredPrediction;     : loaded 2 times (x 69B)
Class androidx.room.jarjarred.org.antlr.v4.runtime.atn.OrderedATNConfigSet            : loaded 2 times (x 148B)
Class [Landroidx.room.jarjarred.org.antlr.v4.runtime.atn.ATNState;                    : loaded 2 times (x 69B)
Class androidx.room.jarjarred.org.antlr.v4.runtime.RuleContext                        : loaded 2 times (x 132B)
Class androidx.room.ext.ReactiveStreamsTypeNames                                      : loaded 2 times (x 71B)
Class org.sqlite.core.CoreResultSet                                                   : loaded 2 times (x 82B)
Class org.sqlite.SQLiteConfig$TempStore                                               : loaded 2 times (x 82B)
Class androidx.room.Insert                                                            : loaded 2 times (x 70B)
Class kotlin.jvm.internal.Ref$BooleanRef                                              : loaded 2 times (x 71B)
Class kotlin.jvm.internal.StringCompanionObject                                       : loaded 2 times (x 71B)
Class kotlin.reflect.KMutableProperty1                                                : loaded 2 times (x 70B)
Class [Lorg.jetbrains.kotlin.metadata.ProtoBuf$Visibility;                            : loaded 2 times (x 69B)
Class kotlin.coroutines.intrinsics.IntrinsicsKt__IntrinsicsJvmKt                      : loaded 2 times (x 71B)
Class org.gradle.internal.classloader.FilteringClassLoader                            : loaded 2 times (x 105B)
Class kotlin.coroutines.jvm.internal.CoroutineStackFrame                              : loaded 2 times (x 70B)
Class com.google.common.collect.ForwardingObject                                      : loaded 2 times (x 72B)
Class com.google.common.cache.CacheLoader$1                                           : loaded 2 times (x 75B)
Class org.gradle.util.internal.GUtil                                                  : loaded 2 times (x 71B)
Class org.jetbrains.kotlin.metadata.jvm.JvmProtoBuf$StringTableTypes$Record           : loaded 2 times (x 119B)
Class org.jetbrains.kotlin.protobuf.FieldSet                                          : loaded 2 times (x 72B)
Class com.google.common.io.LineReader                                                 : loaded 2 times (x 72B)
Class kotlin.coroutines.jvm.internal.CompletedContinuation                            : loaded 2 times (x 75B)
Class kotlin.sequences.DropTakeSequence                                               : loaded 2 times (x 70B)
Class org.sqlite.SQLiteConnectionConfig                                               : loaded 2 times (x 88B)
Class [Lorg.sqlite.SQLiteConfig$JournalMode;                                          : loaded 2 times (x 69B)
Class androidx.room.parser.SqlParser                                                  : loaded 2 times (x 71B)
Class androidx.room.solver.types.StringColumnTypeAdapter$Companion                    : loaded 2 times (x 71B)
Class androidx.room.solver.types.BoxedPrimitiveColumnTypeAdapter                      : loaded 2 times (x 85B)
Class androidx.room.compiler.processing.XFieldElement                                 : loaded 2 times (x 70B)
Class dagger.hilt.processor.internal.earlyentrypoint.KspEarlyEntryPointProcessor      : loaded 2 times (x 89B)
Class kotlin.reflect.KMutableProperty2                                                : loaded 2 times (x 70B)
Class kotlin.sequences.FlatteningSequence                                             : loaded 2 times (x 75B)
Class androidx.room.compiler.processing.ksp.KspBasicAnnotationProcessor$DelegateLogger: loaded 2 times (x 79B)
Class androidx.room.compiler.processing.XEquality                                     : loaded 2 times (x 70B)
Class com.google.common.io.ByteSource                                                 : loaded 2 times (x 84B)
Class org.apache.commons.io.build.AbstractOrigin$InputStreamOrigin                    : loaded 2 times (x 89B)
Class com.google.common.cache.AbstractCache$StatsCounter                              : loaded 2 times (x 70B)
Class [Lorg.jetbrains.kotlin.metadata.ProtoBuf$MemberKind;                            : loaded 2 times (x 69B)
Class org.jetbrains.kotlin.metadata.ProtoBuf$Package                                  : loaded 2 times (x 129B)
Class org.jetbrains.kotlin.metadata.ProtoBuf$Annotation$Argument$Value$Type$1         : loaded 2 times (x 74B)
Class org.jetbrains.kotlin.metadata.ProtoBuf$TypeTableOrBuilder                       : loaded 2 times (x 70B)
Class org.jetbrains.kotlin.metadata.ProtoBuf$TypeOrBuilder                            : loaded 2 times (x 70B)
Class dagger.spi.internal.shaded.androidx.room3.compiler.processing.ksp.KspBasicAnnotationProcessor: loaded 2 times (x 88B)
Class org.sqlite.Function$Window                                                      : loaded 2 times (x 77B)
Class androidx.room.parser.Section$Text                                               : loaded 2 times (x 73B)
Class androidx.room.parser.SQLiteParser$Join_constraintContext                        : loaded 2 times (x 160B)
Class androidx.room.jarjarred.org.antlr.v4.runtime.FailedPredicateException           : loaded 2 times (x 93B)
Class org.sqlite.jdbc3.JDBC3Statement                                                 : loaded 2 times (x 128B)
Class [Lorg.sqlite.SQLiteConfig$TransactionMode;                                      : loaded 2 times (x 69B)
Class [Landroidx.room.vo.CallType;                                                    : loaded 2 times (x 69B)
Class androidx.room.processor.CustomConverterProcessor                                : loaded 2 times (x 72B)
Class androidx.room.solver.binderprovider.RxJava3PagingSourceQueryResultBinderProviderKt: loaded 2 times (x 71B)
Class androidx.room.processor.CustomConverterProcessor$ProcessResult$Companion        : loaded 2 times (x 71B)
Class dagger.spi.internal.shaded.androidx.room3.compiler.processing.XProcessingEnv$Backend: loaded 2 times (x 79B)
Class kotlin.time.DurationUnitKt                                                      : loaded 2 times (x 71B)
Class kotlin.ranges.IntProgressionIterator                                            : loaded 2 times (x 82B)
Class kotlin.coroutines.jvm.internal.DebugProbesKt                                    : loaded 2 times (x 71B)
Class org.sqlite.date.FastDateParser$3                                                : loaded 2 times (x 79B)
Class kotlin.coroutines.CoroutineContext                                              : loaded 2 times (x 70B)
Class com.google.common.reflect.Types$TypeVariableImpl                                : loaded 2 times (x 72B)
Class com.google.common.collect.MapMakerInternalMap$1                                 : loaded 2 times (x 83B)
Class org.objectweb.asm.Context                                                       : loaded 2 times (x 72B)
Class org.apache.commons.io.build.AbstractOrigin$ReaderOrigin                         : loaded 2 times (x 89B)
Class com.google.common.io.LineBuffer                                                 : loaded 2 times (x 75B)
Class org.gradle.internal.installation.GradleInstallation                             : loaded 2 times (x 75B)
Class org.jetbrains.kotlin.metadata.deserialization.ProtoTypeTableUtilKt              : loaded 2 times (x 71B)
Class [Lorg.jetbrains.kotlin.descriptors.DescriptorVisibility;                        : loaded 2 times (x 69B)
Class kotlin.collections.CollectionsKt__IteratorsJVMKt$iterator$1                     : loaded 2 times (x 79B)
Class androidx.room.jarjarred.org.antlr.v4.runtime.TokenSource                        : loaded 2 times (x 70B)
Class androidx.room.parser.SQLiteParser$Table_or_subqueryContext                      : loaded 2 times (x 171B)
Class androidx.room.parser.SQLiteParser$Table_aliasContext                            : loaded 2 times (x 156B)
Class androidx.room.jarjarred.org.antlr.v4.runtime.dfa.DFASerializer                  : loaded 2 times (x 74B)
Class androidx.room.compiler.codegen.XTypeName$WhenMappings                           : loaded 2 times (x 71B)
Class org.sqlite.date.FastDateParser$1                                                : loaded 2 times (x 79B)
Class androidx.room.solver.prepared.binderprovider.RxCompletablePreparedQueryResultBinderProvider: loaded 2 times (x 79B)
Class androidx.room.solver.binderprovider.RxJava2PagingSourceQueryResultBinderProviderKt: loaded 2 times (x 71B)
Class [Landroidx.room.solver.types.TypeConverter;                                     : loaded 2 times (x 69B)
Class com.squareup.kotlinpoet.ClassNames                                              : loaded 2 times (x 71B)
Class androidx.room.compiler.processing.ksp.KspFieldElement$Companion                 : loaded 2 times (x 71B)
Class com.squareup.javapoet.ClassName                                                 : loaded 2 times (x 84B)
Class dagger.spi.internal.shaded.androidx.room3.compiler.processing.XProcessingEnv$Platform: loaded 2 times (x 79B)
Class org.jetbrains.kotlin.descriptors.SourceElement                                  : loaded 2 times (x 70B)
Class kotlin.collections.ReversedList                                                 : loaded 2 times (x 207B)
Class com.google.common.collect.ForwardingCollection                                  : loaded 2 times (x 130B)
Class org.jetbrains.kotlin.metadata.ProtoBuf$Annotation$Builder                       : loaded 2 times (x 136B)
Class org.jetbrains.kotlin.metadata.ProtoBuf$Annotation$Argument$Value$Type           : loaded 2 times (x 82B)
Class org.jetbrains.kotlin.metadata.jvm.JvmProtoBuf$StringTableTypes$Record$Operation : loaded 2 times (x 82B)
Class org.jetbrains.kotlin.com.intellij.openapi.diagnostic.DefaultLogger              : loaded 2 times (x 100B)
Class [Lcom.squareup.kotlinpoet.Annotatable;                                          : loaded 2 times (x 69B)
Class androidx.room.parser.QueryVisitor                                               : loaded 2 times (x 315B)
Class androidx.room.jarjarred.org.antlr.v4.runtime.atn.SemanticContext$PrecedencePredicate: loaded 2 times (x 78B)
Class androidx.room.parser.SQLiteParser$Release_stmtContext                           : loaded 2 times (x 154B)
Class org.sqlite.date.FastDateParser$2                                                : loaded 2 times (x 79B)
Class androidx.room.compiler.processing.ksp.KspRoundEnv                               : loaded 2 times (x 77B)
Class dagger.hilt.android.processor.internal.customtestapplication.KspCustomTestApplicationProcessor: loaded 2 times (x 89B)
Class kotlin.collections.ReversedList$listIterator$1                                  : loaded 2 times (x 94B)
Class kotlin.io.FileWalkDirection                                                     : loaded 2 times (x 79B)
Class androidx.room.RoomProcessor                                                     : loaded 2 times (x 98B)
Class org.jetbrains.kotlin.metadata.ProtoBuf$TypeParameter$Variance$1                 : loaded 2 times (x 74B)
Class kotlin.ranges.IntProgression                                                    : loaded 2 times (x 81B)

---------------  S Y S T E M  ---------------

OS:
 Windows 11 , 64 bit Build 26100 (10.0.26100.7920)
OS uptime: 1 days 6:00 hours
Hyper-V role detected

CPU: total 16 (initial active 16) (16 cores per cpu, 2 threads per core) family 25 model 117 stepping 2 microcode 0xa705206, cx8, cmov, fxsr, ht, mmx, 3dnowpref, sse, sse2, sse3, ssse3, sse4a, sse4.1, sse4.2, popcnt, lzcnt, tsc, tscinvbit, avx, avx2, aes, erms, clmul, bmi1, bmi2, adx, avx512f, avx512dq, avx512cd, avx512bw, avx512vl, sha, fma, vzeroupper, avx512_vpopcntdq, avx512_vpclmulqdq, avx512_vaes, avx512_vnni, clflush, clflushopt, avx512_vbmi2, avx512_vbmi, hv, rdtscp, rdpid, fsrm, gfni, avx512_bitalg, f16c, cet_ss, avx512_ifma
Processor Information for the first 16 processors :
  Max Mhz: 4200, Current Mhz: 4200, Mhz Limit: 4200

Memory: 4k page, system-wide physical 15725M (2234M free)
TotalPageFile size 64877M (AvailPageFile size 11M)
current process WorkingSet (physical memory assigned to process): 2859M, peak: 3648M
current process commit charge ("private bytes"): 2896M, peak: 3706M

vm_info: OpenJDK 64-Bit Server VM (21.0.10+1-b1163.105) for windows-amd64 JRE (21.0.10+1-b1163.105), built on 2026-02-03 by "builduser" with MS VC++ 16.10 / 16.11 (VS2019)

END.
