#
# There is insufficient memory for the Java Runtime Environment to continue.
# Native memory allocation (mmap) failed to map 132120576 bytes. Error detail: G1 virtual space
# Possible reasons:
#   The system is out of physical RAM or swap space
#   This process is running with CompressedOops enabled, and the Java Heap may be blocking the growth of the native heap
# Possible solutions:
#   Reduce memory load on the system
#   Increase physical memory or swap space
#   Check if swap backing store is full
#   Decrease Java heap size (-Xmx/-Xms)
#   Decrease number of Java threads
#   Decrease Java thread stack sizes (-Xss)
#   Set larger code cache with -XX:ReservedCodeCacheSize=
#   JVM is running with Zero Based Compressed Oops mode in which the Java heap is
#     placed in the first 32GB address space. The Java Heap base address is the
#     maximum limit for the native heap growth. Please use -XX:HeapBaseMinAddress
#     to set the Java Heap base and to place the Java Heap above 32GB virtual address.
# This output file may be truncated or incomplete.
#
#  Out of Memory Error (os_windows.cpp:3925), pid=18308, tid=19784
#
# JRE version: OpenJDK Runtime Environment (21.0.9) (build 21.0.9+-14787801-b1163.94)
# Java VM: OpenJDK 64-Bit Server VM (21.0.9+-14787801-b1163.94, mixed mode, tiered, compressed oops, compressed class ptrs, g1 gc, windows-amd64)
# No core dump will be written. Minidumps are not enabled by default on client versions of Windows
#

---------------  S U M M A R Y ------------

Command Line: --add-opens=java.base/java.lang=ALL-UNNAMED --add-opens=java.base/java.lang.invoke=ALL-UNNAMED --add-opens=java.base/java.util=ALL-UNNAMED --add-opens=java.prefs/java.util.prefs=ALL-UNNAMED --add-exports=jdk.compiler/com.sun.tools.javac.api=ALL-UNNAMED --add-exports=jdk.compiler/com.sun.tools.javac.util=ALL-UNNAMED --add-opens=java.base/java.util=ALL-UNNAMED --add-opens=java.prefs/java.util.prefs=ALL-UNNAMED --add-opens=java.base/java.nio.charset=ALL-UNNAMED --add-opens=java.base/java.net=ALL-UNNAMED --add-opens=java.base/java.util.concurrent=ALL-UNNAMED --add-opens=java.base/java.util.concurrent.atomic=ALL-UNNAMED --add-opens=java.xml/javax.xml.namespace=ALL-UNNAMED --add-opens=java.base/java.time=ALL-UNNAMED -XX:MaxMetaspaceSize=1g -XX:+HeapDumpOnOutOfMemoryError -Xmx4g -Dfile.encoding=UTF-8 -Duser.country=PE -Duser.language=es -Duser.variant -javaagent:C:\Users\usuario\.gradle\wrapper\dists\gradle-9.3.1-bin\23ovyewtku6u96viwx3xl3oks\gradle-9.3.1\lib\agents\gradle-instrumentation-agent-9.3.1.jar org.gradle.launcher.daemon.bootstrap.GradleDaemon 9.3.1

Host: AMD Ryzen 7 8700G w/ Radeon 780M Graphics      , 16 cores, 15G,  Windows 11 , 64 bit Build 26100 (10.0.26100.7920)
Time: Thu Mar 12 01:05:19 2026 Hora est. Pacífico, Sudamérica elapsed time: 8.936693 seconds (0d 0h 0m 8s)

---------------  T H R E A D  ---------------

Current thread (0x000001b5bb79bc30):  VMThread "VM Thread"          [id=19784, stack(0x0000005b6d900000,0x0000005b6da00000) (1024K)]

Stack: [0x0000005b6d900000,0x0000005b6da00000]
Native frames: (J=compiled Java code, j=interpreted, Vv=VM code, C=native code)
V  [jvm.dll+0x6d6c99]
V  [jvm.dll+0x866b83]
V  [jvm.dll+0x8691ae]
V  [jvm.dll+0x869893]
V  [jvm.dll+0x280776]
V  [jvm.dll+0x6d3555]
V  [jvm.dll+0x6c6bea]
V  [jvm.dll+0x3587fb]
V  [jvm.dll+0x360476]
V  [jvm.dll+0x3b2646]
V  [jvm.dll+0x3b2918]
V  [jvm.dll+0x32af0c]
V  [jvm.dll+0x32af97]
V  [jvm.dll+0x370e7c]
V  [jvm.dll+0x36f62e]
V  [jvm.dll+0x32a661]
V  [jvm.dll+0x36ed30]
V  [jvm.dll+0x86f618]
V  [jvm.dll+0x870994]
V  [jvm.dll+0x870ed0]
V  [jvm.dll+0x871163]
V  [jvm.dll+0x80f118]
V  [jvm.dll+0x6d54ed]
C  [ucrtbase.dll+0x37b0]
C  [KERNEL32.DLL+0x2e8d7]
C  [ntdll.dll+0x8c48c]

VM_Operation (0x0000005b6fdf6880): G1CollectForAllocation, mode: safepoint, requested by thread 0x000001b5c2b187c0


---------------  P R O C E S S  ---------------

Threads class SMR info:
_java_thread_list=0x000001b5c1e57b80, length=79, elements={
0x000001b5a0b6f170, 0x000001b5bb7ddb50, 0x000001b5bb7ed5e0, 0x000001b5bb7e1930,
0x000001b5bb809550, 0x000001b5bb80c040, 0x000001b5bb815790, 0x000001b5bb816d60,
0x000001b5bb8191d0, 0x000001b5bb819c70, 0x000001b5bb9f46f0, 0x000001b5bba05dc0,
0x000001b5c00e1280, 0x000001b5c00346d0, 0x000001b5c13b4cf0, 0x000001b5c265e340,
0x000001b5c11aa470, 0x000001b5c11ed380, 0x000001b5c11e8e50, 0x000001b5c2b49da0,
0x000001b5c2b187c0, 0x000001b5c2b18e50, 0x000001b5c2b17aa0, 0x000001b5c2b16060,
0x000001b5c2b166f0, 0x000001b5c2b159d0, 0x000001b5c2b16d80, 0x000001b5c4d82ae0,
0x000001b5c4d81dc0, 0x000001b5c4d83170, 0x000001b5c4d84520, 0x000001b5c4d82450,
0x000001b5c4d83e90, 0x000001b5c4d810a0, 0x000001b5c4d84bb0, 0x000001b5c4d81730,
0x000001b5c4d86c80, 0x000001b5c4d85240, 0x000001b5c4d87310, 0x000001b5c4d886c0,
0x000001b5c4d879a0, 0x000001b5c4d858d0, 0x000001b5c4d85f60, 0x000001b5c4d865f0,
0x000001b5c4d88030, 0x000001b5c311f410, 0x000001b5c311ed80, 0x000001b5c311e060,
0x000001b5c311faa0, 0x000001b5c3120130, 0x000001b5c3121b70, 0x000001b5c311e6f0,
0x000001b5c3120e50, 0x000001b5c31214e0, 0x000001b5c3122200, 0x000001b5c3124ff0,
0x000001b5c31242d0, 0x000001b5c3124960, 0x000001b5c31235b0, 0x000001b5c3122890,
0x000001b5c3125680, 0x000001b5c3122f20, 0x000001b5c6378ba0, 0x000001b5c6376ad0,
0x000001b5c6378510, 0x000001b5c6379230, 0x000001b5c6379f50, 0x000001b5c637a5e0,
0x000001b5c6377160, 0x000001b5c63777f0, 0x000001b5c637ac70, 0x000001b5c637b300,
0x000001b5c6377e80, 0x000001b5c637da60, 0x000001b5c637b990, 0x000001b5c637c020,
0x000001b5c637e0f0, 0x000001b5c637c6b0, 0x000001b5c74265a0
}

Java Threads: ( => current thread )
  0x000001b5a0b6f170 JavaThread "main"                              [_thread_blocked, id=13776, stack(0x0000005b6d200000,0x0000005b6d300000) (1024K)]
  0x000001b5bb7ddb50 JavaThread "Common-Cleaner"             daemon [_thread_blocked, id=4224, stack(0x0000005b6da00000,0x0000005b6db00000) (1024K)]
  0x000001b5bb7ed5e0 JavaThread "Reference Handler"          daemon [_thread_blocked, id=17892, stack(0x0000005b6db00000,0x0000005b6dc00000) (1024K)]
  0x000001b5bb7e1930 JavaThread "Finalizer"                  daemon [_thread_blocked, id=16732, stack(0x0000005b6dc00000,0x0000005b6dd00000) (1024K)]
  0x000001b5bb809550 JavaThread "Signal Dispatcher"          daemon [_thread_blocked, id=8828, stack(0x0000005b6dd00000,0x0000005b6de00000) (1024K)]
  0x000001b5bb80c040 JavaThread "Attach Listener"            daemon [_thread_blocked, id=18996, stack(0x0000005b6de00000,0x0000005b6df00000) (1024K)]
  0x000001b5bb815790 JavaThread "Service Thread"             daemon [_thread_blocked, id=7312, stack(0x0000005b6df00000,0x0000005b6e000000) (1024K)]
  0x000001b5bb816d60 JavaThread "Monitor Deflation Thread"   daemon [_thread_blocked, id=7592, stack(0x0000005b6e000000,0x0000005b6e100000) (1024K)]
  0x000001b5bb8191d0 JavaThread "C2 CompilerThread0"         daemon [_thread_blocked, id=14972, stack(0x0000005b6e100000,0x0000005b6e200000) (1024K)]
  0x000001b5bb819c70 JavaThread "C1 CompilerThread0"         daemon [_thread_blocked, id=1860, stack(0x0000005b6e200000,0x0000005b6e300000) (1024K)]
  0x000001b5bb9f46f0 JavaThread "C1 CompilerThread1"         daemon [_thread_blocked, id=21404, stack(0x0000005b6e300000,0x0000005b6e400000) (1024K)]
  0x000001b5bba05dc0 JavaThread "C1 CompilerThread2"         daemon [_thread_blocked, id=6892, stack(0x0000005b6e400000,0x0000005b6e500000) (1024K)]
  0x000001b5c00e1280 JavaThread "Notification Thread"        daemon [_thread_blocked, id=6640, stack(0x0000005b6e500000,0x0000005b6e600000) (1024K)]
  0x000001b5c00346d0 JavaThread "C1 CompilerThread3"         daemon [_thread_blocked, id=9344, stack(0x0000005b6ec00000,0x0000005b6ed00000) (1024K)]
  0x000001b5c13b4cf0 JavaThread "Daemon health stats"               [_thread_blocked, id=8388, stack(0x0000005b6ed00000,0x0000005b6ee00000) (1024K)]
  0x000001b5c265e340 JavaThread "Incoming local TCP Connector on port 62143"        [_thread_in_native, id=7160, stack(0x0000005b6ee00000,0x0000005b6ef00000) (1024K)]
  0x000001b5c11aa470 JavaThread "Daemon periodic checks"            [_thread_blocked, id=14644, stack(0x0000005b6ef00000,0x0000005b6f000000) (1024K)]
  0x000001b5c11ed380 JavaThread "Daemon"                            [_thread_blocked, id=10920, stack(0x0000005b6f000000,0x0000005b6f100000) (1024K)]
  0x000001b5c11e8e50 JavaThread "Handler for socket connection from /127.0.0.1:62143 to /127.0.0.1:62144"        [_thread_in_native, id=14828, stack(0x0000005b6f100000,0x0000005b6f200000) (1024K)]
  0x000001b5c2b49da0 JavaThread "Cancel handler"                    [_thread_blocked, id=10096, stack(0x0000005b6fc00000,0x0000005b6fd00000) (1024K)]
  0x000001b5c2b187c0 JavaThread "Daemon worker"                     [_thread_blocked, id=12500, stack(0x0000005b6fd00000,0x0000005b6fe00000) (1024K)]
  0x000001b5c2b18e50 JavaThread "Asynchronous log dispatcher for DefaultDaemonConnection: socket connection from /127.0.0.1:62143 to /127.0.0.1:62144"        [_thread_blocked, id=21556, stack(0x0000005b6fe00000,0x0000005b6ff00000) (1024K)]
  0x000001b5c2b17aa0 JavaThread "Stdin handler"                     [_thread_blocked, id=3704, stack(0x0000005b6ff00000,0x0000005b70000000) (1024K)]
  0x000001b5c2b16060 JavaThread "Daemon client event forwarder"        [_thread_blocked, id=4584, stack(0x0000005b70000000,0x0000005b70100000) (1024K)]
  0x000001b5c2b166f0 JavaThread "Cache worker for journal cache (C:\Users\usuario\.gradle\caches\journal-1)"        [_thread_blocked, id=18640, stack(0x0000005b70100000,0x0000005b70200000) (1024K)]
  0x000001b5c2b159d0 JavaThread "File lock request listener"        [_thread_in_native, id=7032, stack(0x0000005b70200000,0x0000005b70300000) (1024K)]
  0x000001b5c2b16d80 JavaThread "Cache worker for file hash cache (C:\Users\usuario\.gradle\caches\9.3.1\fileHashes)"        [_thread_blocked, id=21316, stack(0x0000005b70300000,0x0000005b70400000) (1024K)]
  0x000001b5c4d82ae0 JavaThread "Cache worker for file hash cache (C:\Users\usuario\Desktop\Programacion\Nuevapp 04-03\.gradle\9.3.1\fileHashes)"        [_thread_blocked, id=18652, stack(0x0000005b70400000,0x0000005b70500000) (1024K)]
  0x000001b5c4d81dc0 JavaThread "Cache worker for Build Output Cleanup Cache (C:\Users\usuario\Desktop\Programacion\Nuevapp 04-03\.gradle\buildOutputCleanup)"        [_thread_blocked, id=11412, stack(0x0000005b70500000,0x0000005b70600000) (1024K)]
  0x000001b5c4d83170 JavaThread "File watcher server"        daemon [_thread_in_native, id=22368, stack(0x0000005b70600000,0x0000005b70700000) (1024K)]
  0x000001b5c4d84520 JavaThread "File watcher consumer"      daemon [_thread_blocked, id=19160, stack(0x0000005b70700000,0x0000005b70800000) (1024K)]
  0x000001b5c4d82450 JavaThread "jar transforms"                    [_thread_blocked, id=10256, stack(0x0000005b70800000,0x0000005b70900000) (1024K)]
  0x000001b5c4d83e90 JavaThread "jar transforms Thread 2"           [_thread_blocked, id=9848, stack(0x0000005b70900000,0x0000005b70a00000) (1024K)]
  0x000001b5c4d810a0 JavaThread "jar transforms Thread 3"           [_thread_blocked, id=18988, stack(0x0000005b70a00000,0x0000005b70b00000) (1024K)]
  0x000001b5c4d84bb0 JavaThread "jar transforms Thread 4"           [_thread_blocked, id=21596, stack(0x0000005b70b00000,0x0000005b70c00000) (1024K)]
  0x000001b5c4d81730 JavaThread "jar transforms Thread 5"           [_thread_blocked, id=8964, stack(0x0000005b70c00000,0x0000005b70d00000) (1024K)]
  0x000001b5c4d86c80 JavaThread "jar transforms Thread 6"           [_thread_blocked, id=7204, stack(0x0000005b70d00000,0x0000005b70e00000) (1024K)]
  0x000001b5c4d85240 JavaThread "jar transforms Thread 7"           [_thread_blocked, id=10308, stack(0x0000005b70e00000,0x0000005b70f00000) (1024K)]
  0x000001b5c4d87310 JavaThread "jar transforms Thread 8"           [_thread_blocked, id=6740, stack(0x0000005b70f00000,0x0000005b71000000) (1024K)]
  0x000001b5c4d886c0 JavaThread "jar transforms Thread 9"           [_thread_blocked, id=8188, stack(0x0000005b71000000,0x0000005b71100000) (1024K)]
  0x000001b5c4d879a0 JavaThread "jar transforms Thread 10"          [_thread_blocked, id=17712, stack(0x0000005b71100000,0x0000005b71200000) (1024K)]
  0x000001b5c4d858d0 JavaThread "jar transforms Thread 11"          [_thread_blocked, id=2940, stack(0x0000005b71200000,0x0000005b71300000) (1024K)]
  0x000001b5c4d85f60 JavaThread "jar transforms Thread 12"          [_thread_blocked, id=3372, stack(0x0000005b71300000,0x0000005b71400000) (1024K)]
  0x000001b5c4d865f0 JavaThread "jar transforms Thread 13"          [_thread_blocked, id=17264, stack(0x0000005b71400000,0x0000005b71500000) (1024K)]
  0x000001b5c4d88030 JavaThread "jar transforms Thread 14"          [_thread_blocked, id=21704, stack(0x0000005b71500000,0x0000005b71600000) (1024K)]
  0x000001b5c311f410 JavaThread "jar transforms Thread 15"          [_thread_blocked, id=20552, stack(0x0000005b71600000,0x0000005b71700000) (1024K)]
  0x000001b5c311ed80 JavaThread "jar transforms Thread 16"          [_thread_blocked, id=21244, stack(0x0000005b71700000,0x0000005b71800000) (1024K)]
  0x000001b5c311e060 JavaThread "Cache worker for checksums cache (C:\Users\usuario\Desktop\Programacion\Nuevapp 04-03\.gradle\9.3.1\checksums)"        [_thread_blocked, id=13636, stack(0x0000005b71800000,0x0000005b71900000) (1024K)]
  0x000001b5c311faa0 JavaThread "Cache worker for file content cache (C:\Users\usuario\.gradle\caches\9.3.1\fileContent)"        [_thread_blocked, id=17136, stack(0x0000005b71900000,0x0000005b71a00000) (1024K)]
  0x000001b5c3120130 JavaThread "Cache worker for cache directory md-supplier (C:\Users\usuario\.gradle\caches\9.3.1\md-supplier)"        [_thread_blocked, id=8404, stack(0x0000005b71a00000,0x0000005b71b00000) (1024K)]
  0x000001b5c3121b70 JavaThread "Cache worker for cache directory md-rule (C:\Users\usuario\.gradle\caches\9.3.1\md-rule)"        [_thread_blocked, id=5664, stack(0x0000005b71b00000,0x0000005b71c00000) (1024K)]
  0x000001b5c311e6f0 JavaThread "Unconstrained build operations"        [_thread_blocked, id=13316, stack(0x0000005b71c00000,0x0000005b71d00000) (1024K)]
  0x000001b5c3120e50 JavaThread "Unconstrained build operations Thread 2"        [_thread_blocked, id=18360, stack(0x0000005b71d00000,0x0000005b71e00000) (1024K)]
  0x000001b5c31214e0 JavaThread "Unconstrained build operations Thread 3"        [_thread_blocked, id=22388, stack(0x0000005b71e00000,0x0000005b71f00000) (1024K)]
  0x000001b5c3122200 JavaThread "Unconstrained build operations Thread 4"        [_thread_blocked, id=18388, stack(0x0000005b71f00000,0x0000005b72000000) (1024K)]
  0x000001b5c3124ff0 JavaThread "Unconstrained build operations Thread 5"        [_thread_blocked, id=14920, stack(0x0000005b72000000,0x0000005b72100000) (1024K)]
  0x000001b5c31242d0 JavaThread "Unconstrained build operations Thread 6"        [_thread_blocked, id=17128, stack(0x0000005b72100000,0x0000005b72200000) (1024K)]
  0x000001b5c3124960 JavaThread "Unconstrained build operations Thread 7"        [_thread_blocked, id=3752, stack(0x0000005b72200000,0x0000005b72300000) (1024K)]
  0x000001b5c31235b0 JavaThread "Unconstrained build operations Thread 8"        [_thread_blocked, id=12148, stack(0x0000005b72300000,0x0000005b72400000) (1024K)]
  0x000001b5c3122890 JavaThread "Unconstrained build operations Thread 9"        [_thread_blocked, id=19600, stack(0x0000005b72400000,0x0000005b72500000) (1024K)]
  0x000001b5c3125680 JavaThread "Unconstrained build operations Thread 10"        [_thread_blocked, id=19664, stack(0x0000005b72500000,0x0000005b72600000) (1024K)]
  0x000001b5c3122f20 JavaThread "Unconstrained build operations Thread 11"        [_thread_blocked, id=18624, stack(0x0000005b72600000,0x0000005b72700000) (1024K)]
  0x000001b5c6378ba0 JavaThread "Unconstrained build operations Thread 12"        [_thread_blocked, id=10396, stack(0x0000005b72700000,0x0000005b72800000) (1024K)]
  0x000001b5c6376ad0 JavaThread "Unconstrained build operations Thread 13"        [_thread_blocked, id=15052, stack(0x0000005b72800000,0x0000005b72900000) (1024K)]
  0x000001b5c6378510 JavaThread "Unconstrained build operations Thread 14"        [_thread_blocked, id=8904, stack(0x0000005b72900000,0x0000005b72a00000) (1024K)]
  0x000001b5c6379230 JavaThread "Unconstrained build operations Thread 15"        [_thread_blocked, id=8400, stack(0x0000005b72a00000,0x0000005b72b00000) (1024K)]
  0x000001b5c6379f50 JavaThread "Unconstrained build operations Thread 16"        [_thread_blocked, id=20080, stack(0x0000005b72b00000,0x0000005b72c00000) (1024K)]
  0x000001b5c637a5e0 JavaThread "Unconstrained build operations Thread 17"        [_thread_blocked, id=3516, stack(0x0000005b72c00000,0x0000005b72d00000) (1024K)]
  0x000001b5c6377160 JavaThread "Unconstrained build operations Thread 18"        [_thread_blocked, id=1416, stack(0x0000005b72d00000,0x0000005b72e00000) (1024K)]
  0x000001b5c63777f0 JavaThread "Unconstrained build operations Thread 19"        [_thread_blocked, id=18396, stack(0x0000005b72e00000,0x0000005b72f00000) (1024K)]
  0x000001b5c637ac70 JavaThread "Unconstrained build operations Thread 20"        [_thread_blocked, id=316, stack(0x0000005b72f00000,0x0000005b73000000) (1024K)]
  0x000001b5c637b300 JavaThread "Unconstrained build operations Thread 21"        [_thread_blocked, id=8788, stack(0x0000005b73000000,0x0000005b73100000) (1024K)]
  0x000001b5c6377e80 JavaThread "Unconstrained build operations Thread 22"        [_thread_blocked, id=1596, stack(0x0000005b73100000,0x0000005b73200000) (1024K)]
  0x000001b5c637da60 JavaThread "Unconstrained build operations Thread 23"        [_thread_blocked, id=8360, stack(0x0000005b73200000,0x0000005b73300000) (1024K)]
  0x000001b5c637b990 JavaThread "Unconstrained build operations Thread 24"        [_thread_blocked, id=5712, stack(0x0000005b73300000,0x0000005b73400000) (1024K)]
  0x000001b5c637c020 JavaThread "Unconstrained build operations Thread 25"        [_thread_blocked, id=14952, stack(0x0000005b73400000,0x0000005b73500000) (1024K)]
  0x000001b5c637e0f0 JavaThread "Unconstrained build operations Thread 26"        [_thread_blocked, id=9404, stack(0x0000005b73500000,0x0000005b73600000) (1024K)]
  0x000001b5c637c6b0 JavaThread "Unconstrained build operations Thread 27"        [_thread_blocked, id=1996, stack(0x0000005b73600000,0x0000005b73700000) (1024K)]
  0x000001b5c74265a0 JavaThread "C2 CompilerThread1"         daemon [_thread_blocked, id=22128, stack(0x0000005b6e600000,0x0000005b6e700000) (1024K)]
Total: 79

Other Threads:
=>0x000001b5bb79bc30 VMThread "VM Thread"                           [id=19784, stack(0x0000005b6d900000,0x0000005b6da00000) (1024K)]
  0x000001b5bb58a520 WatcherThread "VM Periodic Task Thread"        [id=22256, stack(0x0000005b6d800000,0x0000005b6d900000) (1024K)]
  0x000001b5a0bd8c30 WorkerThread "GC Thread#0"                     [id=20124, stack(0x0000005b6d300000,0x0000005b6d400000) (1024K)]
  0x000001b5c04573d0 WorkerThread "GC Thread#1"                     [id=16376, stack(0x0000005b6e800000,0x0000005b6e900000) (1024K)]
  0x000001b5c0457b80 WorkerThread "GC Thread#2"                     [id=22096, stack(0x0000005b6e900000,0x0000005b6ea00000) (1024K)]
  0x000001b5c0457f20 WorkerThread "GC Thread#3"                     [id=18412, stack(0x0000005b6ea00000,0x0000005b6eb00000) (1024K)]
  0x000001b5c063e300 WorkerThread "GC Thread#4"                     [id=22340, stack(0x0000005b6eb00000,0x0000005b6ec00000) (1024K)]
  0x000001b5c1103830 WorkerThread "GC Thread#5"                     [id=10540, stack(0x0000005b6f200000,0x0000005b6f300000) (1024K)]
  0x000001b5c1102610 WorkerThread "GC Thread#6"                     [id=12640, stack(0x0000005b6f300000,0x0000005b6f400000) (1024K)]
  0x000001b5c11029b0 WorkerThread "GC Thread#7"                     [id=22032, stack(0x0000005b6f400000,0x0000005b6f500000) (1024K)]
  0x000001b5c1102d50 WorkerThread "GC Thread#8"                     [id=20984, stack(0x0000005b6f500000,0x0000005b6f600000) (1024K)]
  0x000001b5c1103bd0 WorkerThread "GC Thread#9"                     [id=6192, stack(0x0000005b6f600000,0x0000005b6f700000) (1024K)]
  0x000001b5c10c8210 WorkerThread "GC Thread#10"                    [id=8204, stack(0x0000005b6f700000,0x0000005b6f800000) (1024K)]
  0x000001b5c10c8cf0 WorkerThread "GC Thread#11"                    [id=6428, stack(0x0000005b6f800000,0x0000005b6f900000) (1024K)]
  0x000001b5c10c6ff0 WorkerThread "GC Thread#12"                    [id=18952, stack(0x0000005b6f900000,0x0000005b6fa00000) (1024K)]
  0x000001b59e88dfe0 ConcurrentGCThread "G1 Main Marker"            [id=3200, stack(0x0000005b6d400000,0x0000005b6d500000) (1024K)]
  0x000001b5a0be6770 WorkerThread "G1 Conc#0"                       [id=2368, stack(0x0000005b6d500000,0x0000005b6d600000) (1024K)]
  0x000001b5c10c9090 WorkerThread "G1 Conc#1"                       [id=3244, stack(0x0000005b6fa00000,0x0000005b6fb00000) (1024K)]
  0x000001b5c10c7ad0 WorkerThread "G1 Conc#2"                       [id=10672, stack(0x0000005b6fb00000,0x0000005b6fc00000) (1024K)]
  0x000001b5bb45b6a0 ConcurrentGCThread "G1 Refine#0"               [id=21584, stack(0x0000005b6d600000,0x0000005b6d700000) (1024K)]
  0x000001b5bb45cfc0 ConcurrentGCThread "G1 Service"                [id=7404, stack(0x0000005b6d700000,0x0000005b6d800000) (1024K)]
Total: 21

Threads with active compile tasks:
Total: 0

VM state: at safepoint (normal execution)

VM Mutex/Monitor currently owned by a thread:  ([mutex/lock_event])
[0x00007ffb6cba8690] Threads_lock - owner thread: 0x000001b5bb79bc30
[0x00007ffb6cba8790] Heap_lock - owner thread: 0x000001b5c2b187c0

Heap address: 0x0000000700000000, size: 4096 MB, Compressed Oops mode: Zero based, Oop shift amount: 3

CDS archive(s) not mapped
Compressed class space mapped at: 0x0000000800000000-0x0000000834000000, reserved size: 872415232
Narrow klass base: 0x0000000800000000, Narrow klass shift: 0, Narrow klass range: 0x34000000

GC Precious Log:
 CardTable entry size: 512
 Card Set container configuration: InlinePtr #cards 4 size 8 Array Of Cards #cards 16 size 48 Howl #buckets 8 coarsen threshold 3686 Howl Bitmap #cards 512 size 80 coarsen threshold 460 Card regions per heap region 1 cards per card region 4096
 CPUs: 16 total, 16 available
 Memory: 15725M
 Large Page Support: Disabled
 NUMA Support: Disabled
 Compressed Oops: Enabled (Zero based)
 Heap Region Size: 2M
 Heap Min Capacity: 8M
 Heap Initial Capacity: 246M
 Heap Max Capacity: 4G
 Pre-touch: Disabled
 Parallel Workers: 13
 Concurrent Workers: 3
 Concurrent Refinement Workers: 13
 Periodic GC: Disabled

Heap:
 garbage-first heap   total 505856K, used 102478K [0x0000000700000000, 0x0000000800000000)
  region size 2048K, 10 young (20480K), 10 survivors (20480K)
 Metaspace       used 68317K, committed 70080K, reserved 917504K
  class space    used 9543K, committed 10368K, reserved 851968K

Heap Regions: E=young(eden), S=young(survivor), O=old, HS=humongous(starts), HC=humongous(continues), CS=collection set, F=free, TAMS=top-at-mark-start, PB=parsable bottom
|   0|0x0000000700000000, 0x0000000700200000, 0x0000000700200000|100%|HS|  |TAMS 0x0000000700000000| PB 0x0000000700000000| Complete 
|   1|0x0000000700200000, 0x0000000700400000, 0x0000000700400000|100%|HC|  |TAMS 0x0000000700200000| PB 0x0000000700200000| Complete 
|   2|0x0000000700400000, 0x0000000700600000, 0x0000000700600000|100%| O|  |TAMS 0x0000000700400000| PB 0x0000000700400000| Untracked 
|   3|0x0000000700600000, 0x0000000700800000, 0x0000000700800000|100%| O|  |TAMS 0x0000000700600000| PB 0x0000000700600000| Untracked 
|   4|0x0000000700800000, 0x0000000700a00000, 0x0000000700a00000|100%| O|  |TAMS 0x0000000700800000| PB 0x0000000700800000| Untracked 
|   5|0x0000000700a00000, 0x0000000700c00000, 0x0000000700c00000|100%| O|  |TAMS 0x0000000700a00000| PB 0x0000000700a00000| Untracked 
|   6|0x0000000700c00000, 0x0000000700e00000, 0x0000000700e00000|100%| O|  |TAMS 0x0000000700c00000| PB 0x0000000700c00000| Untracked 
|   7|0x0000000700e00000, 0x0000000701000000, 0x0000000701000000|100%| O|  |TAMS 0x0000000700e00000| PB 0x0000000700e00000| Untracked 
|   8|0x0000000701000000, 0x0000000701200000, 0x0000000701200000|100%| O|  |TAMS 0x0000000701000000| PB 0x0000000701000000| Untracked 
|   9|0x0000000701200000, 0x0000000701400000, 0x0000000701400000|100%| O|  |TAMS 0x0000000701200000| PB 0x0000000701200000| Untracked 
|  10|0x0000000701400000, 0x0000000701600000, 0x0000000701600000|100%| O|  |TAMS 0x0000000701400000| PB 0x0000000701400000| Untracked 
|  11|0x0000000701600000, 0x0000000701800000, 0x0000000701800000|100%| O|  |TAMS 0x0000000701600000| PB 0x0000000701600000| Untracked 
|  12|0x0000000701800000, 0x0000000701a00000, 0x0000000701a00000|100%|HS|  |TAMS 0x0000000701800000| PB 0x0000000701800000| Complete 
|  13|0x0000000701a00000, 0x0000000701c00000, 0x0000000701c00000|100%|HC|  |TAMS 0x0000000701a00000| PB 0x0000000701a00000| Complete 
|  14|0x0000000701c00000, 0x0000000701e00000, 0x0000000701e00000|100%|HC|  |TAMS 0x0000000701c00000| PB 0x0000000701c00000| Complete 
|  15|0x0000000701e00000, 0x0000000702000000, 0x0000000702000000|100%|HS|  |TAMS 0x0000000701e00000| PB 0x0000000701e00000| Complete 
|  16|0x0000000702000000, 0x0000000702200000, 0x0000000702200000|100%|HS|  |TAMS 0x0000000702000000| PB 0x0000000702000000| Complete 
|  17|0x0000000702200000, 0x0000000702400000, 0x0000000702400000|100%|HC|  |TAMS 0x0000000702200000| PB 0x0000000702200000| Complete 
|  18|0x0000000702400000, 0x0000000702600000, 0x0000000702600000|100%|HC|  |TAMS 0x0000000702400000| PB 0x0000000702400000| Complete 
|  19|0x0000000702600000, 0x0000000702800000, 0x0000000702800000|100%|HS|  |TAMS 0x0000000702600000| PB 0x0000000702600000| Complete 
|  20|0x0000000702800000, 0x0000000702a00000, 0x0000000702a00000|100%| O|  |TAMS 0x0000000702800000| PB 0x0000000702800000| Untracked 
|  21|0x0000000702a00000, 0x0000000702c00000, 0x0000000702c00000|100%| O|  |TAMS 0x0000000702a00000| PB 0x0000000702a00000| Untracked 
|  22|0x0000000702c00000, 0x0000000702e00000, 0x0000000702e00000|100%| O|  |TAMS 0x0000000702c00000| PB 0x0000000702c00000| Untracked 
|  23|0x0000000702e00000, 0x0000000703000000, 0x0000000703000000|100%| O|  |TAMS 0x0000000702e00000| PB 0x0000000702e00000| Untracked 
|  24|0x0000000703000000, 0x0000000703200000, 0x0000000703200000|100%| O|  |TAMS 0x0000000703000000| PB 0x0000000703000000| Untracked 
|  25|0x0000000703200000, 0x0000000703400000, 0x0000000703400000|100%|HS|  |TAMS 0x0000000703200000| PB 0x0000000703200000| Complete 
|  26|0x0000000703400000, 0x0000000703600000, 0x0000000703600000|100%| O|  |TAMS 0x0000000703400000| PB 0x0000000703400000| Untracked 
|  27|0x0000000703600000, 0x0000000703800000, 0x0000000703800000|100%| O|  |TAMS 0x0000000703600000| PB 0x0000000703600000| Untracked 
|  28|0x0000000703800000, 0x0000000703a00000, 0x0000000703a00000|100%| O|  |TAMS 0x0000000703800000| PB 0x0000000703800000| Untracked 
|  29|0x0000000703a00000, 0x0000000703c00000, 0x0000000703c00000|100%| O|  |TAMS 0x0000000703a00000| PB 0x0000000703a00000| Untracked 
|  30|0x0000000703c00000, 0x0000000703e00000, 0x0000000703e00000|100%| O|  |TAMS 0x0000000703c00000| PB 0x0000000703c00000| Untracked 
|  31|0x0000000703e00000, 0x0000000704000000, 0x0000000704000000|100%| O|  |TAMS 0x0000000703e00000| PB 0x0000000703e00000| Untracked 
|  32|0x0000000704000000, 0x0000000704200000, 0x0000000704200000|100%| O|  |TAMS 0x0000000704000000| PB 0x0000000704000000| Untracked 
|  33|0x0000000704200000, 0x0000000704400000, 0x0000000704400000|100%| O|  |TAMS 0x0000000704200000| PB 0x0000000704200000| Untracked 
|  34|0x0000000704400000, 0x0000000704600000, 0x0000000704600000|100%| O|  |TAMS 0x0000000704400000| PB 0x0000000704400000| Untracked 
|  35|0x0000000704600000, 0x0000000704800000, 0x0000000704800000|100%| O|  |TAMS 0x0000000704600000| PB 0x0000000704600000| Untracked 
|  36|0x0000000704800000, 0x0000000704a00000, 0x0000000704a00000|100%| O|  |TAMS 0x0000000704800000| PB 0x0000000704800000| Untracked 
|  37|0x0000000704a00000, 0x0000000704c00000, 0x0000000704c00000|100%| O|  |TAMS 0x0000000704a00000| PB 0x0000000704a00000| Untracked 
|  38|0x0000000704c00000, 0x0000000704e00000, 0x0000000704e00000|100%| O|  |TAMS 0x0000000704c00000| PB 0x0000000704c00000| Untracked 
|  39|0x0000000704e00000, 0x0000000705000000, 0x0000000705000000|100%| O|  |TAMS 0x0000000704e00000| PB 0x0000000704e00000| Untracked 
|  40|0x0000000705000000, 0x00000007051d8928, 0x0000000705200000| 92%| O|  |TAMS 0x0000000705000000| PB 0x0000000705000000| Untracked 
|  41|0x0000000705200000, 0x0000000705200000, 0x0000000705400000|  0%| F|  |TAMS 0x0000000705200000| PB 0x0000000705200000| Untracked 
|  42|0x0000000705400000, 0x0000000705400000, 0x0000000705600000|  0%| F|  |TAMS 0x0000000705400000| PB 0x0000000705400000| Untracked 
|  43|0x0000000705600000, 0x0000000705600000, 0x0000000705800000|  0%| F|  |TAMS 0x0000000705600000| PB 0x0000000705600000| Untracked 
|  44|0x0000000705800000, 0x0000000705800000, 0x0000000705a00000|  0%| F|  |TAMS 0x0000000705800000| PB 0x0000000705800000| Untracked 
|  45|0x0000000705a00000, 0x0000000705a00000, 0x0000000705c00000|  0%| F|  |TAMS 0x0000000705a00000| PB 0x0000000705a00000| Untracked 
|  46|0x0000000705c00000, 0x0000000705c00000, 0x0000000705e00000|  0%| F|  |TAMS 0x0000000705c00000| PB 0x0000000705c00000| Untracked 
|  47|0x0000000705e00000, 0x0000000705e00000, 0x0000000706000000|  0%| F|  |TAMS 0x0000000705e00000| PB 0x0000000705e00000| Untracked 
|  48|0x0000000706000000, 0x0000000706000000, 0x0000000706200000|  0%| F|  |TAMS 0x0000000706000000| PB 0x0000000706000000| Untracked 
|  49|0x0000000706200000, 0x0000000706200000, 0x0000000706400000|  0%| F|  |TAMS 0x0000000706200000| PB 0x0000000706200000| Untracked 
|  50|0x0000000706400000, 0x0000000706400000, 0x0000000706600000|  0%| F|  |TAMS 0x0000000706400000| PB 0x0000000706400000| Untracked 
|  51|0x0000000706600000, 0x0000000706600000, 0x0000000706800000|  0%| F|  |TAMS 0x0000000706600000| PB 0x0000000706600000| Untracked 
|  52|0x0000000706800000, 0x0000000706800000, 0x0000000706a00000|  0%| F|  |TAMS 0x0000000706800000| PB 0x0000000706800000| Untracked 
|  53|0x0000000706a00000, 0x0000000706a00000, 0x0000000706c00000|  0%| F|  |TAMS 0x0000000706a00000| PB 0x0000000706a00000| Untracked 
|  54|0x0000000706c00000, 0x0000000706c00000, 0x0000000706e00000|  0%| F|  |TAMS 0x0000000706c00000| PB 0x0000000706c00000| Untracked 
|  55|0x0000000706e00000, 0x0000000706e00000, 0x0000000707000000|  0%| F|  |TAMS 0x0000000706e00000| PB 0x0000000706e00000| Untracked 
|  56|0x0000000707000000, 0x0000000707000000, 0x0000000707200000|  0%| F|  |TAMS 0x0000000707000000| PB 0x0000000707000000| Untracked 
|  57|0x0000000707200000, 0x0000000707200000, 0x0000000707400000|  0%| F|  |TAMS 0x0000000707200000| PB 0x0000000707200000| Untracked 
|  58|0x0000000707400000, 0x0000000707400000, 0x0000000707600000|  0%| F|  |TAMS 0x0000000707400000| PB 0x0000000707400000| Untracked 
|  59|0x0000000707600000, 0x0000000707600000, 0x0000000707800000|  0%| F|  |TAMS 0x0000000707600000| PB 0x0000000707600000| Untracked 
|  60|0x0000000707800000, 0x0000000707800000, 0x0000000707a00000|  0%| F|  |TAMS 0x0000000707800000| PB 0x0000000707800000| Untracked 
|  61|0x0000000707a00000, 0x0000000707a00000, 0x0000000707c00000|  0%| F|  |TAMS 0x0000000707a00000| PB 0x0000000707a00000| Untracked 
|  62|0x0000000707c00000, 0x0000000707c00000, 0x0000000707e00000|  0%| F|  |TAMS 0x0000000707c00000| PB 0x0000000707c00000| Untracked 
|  63|0x0000000707e00000, 0x0000000707e00000, 0x0000000708000000|  0%| F|  |TAMS 0x0000000707e00000| PB 0x0000000707e00000| Untracked 
|  64|0x0000000708000000, 0x0000000708000000, 0x0000000708200000|  0%| F|  |TAMS 0x0000000708000000| PB 0x0000000708000000| Untracked 
|  65|0x0000000708200000, 0x0000000708200000, 0x0000000708400000|  0%| F|  |TAMS 0x0000000708200000| PB 0x0000000708200000| Untracked 
|  66|0x0000000708400000, 0x0000000708400000, 0x0000000708600000|  0%| F|  |TAMS 0x0000000708400000| PB 0x0000000708400000| Untracked 
|  67|0x0000000708600000, 0x0000000708600000, 0x0000000708800000|  0%| F|  |TAMS 0x0000000708600000| PB 0x0000000708600000| Untracked 
|  68|0x0000000708800000, 0x0000000708800000, 0x0000000708a00000|  0%| F|  |TAMS 0x0000000708800000| PB 0x0000000708800000| Untracked 
|  69|0x0000000708a00000, 0x0000000708a00000, 0x0000000708c00000|  0%| F|  |TAMS 0x0000000708a00000| PB 0x0000000708a00000| Untracked 
|  70|0x0000000708c00000, 0x0000000708c00000, 0x0000000708e00000|  0%| F|  |TAMS 0x0000000708c00000| PB 0x0000000708c00000| Untracked 
|  71|0x0000000708e00000, 0x0000000708e00000, 0x0000000709000000|  0%| F|  |TAMS 0x0000000708e00000| PB 0x0000000708e00000| Untracked 
|  72|0x0000000709000000, 0x0000000709000000, 0x0000000709200000|  0%| F|  |TAMS 0x0000000709000000| PB 0x0000000709000000| Untracked 
|  73|0x0000000709200000, 0x0000000709200000, 0x0000000709400000|  0%| F|  |TAMS 0x0000000709200000| PB 0x0000000709200000| Untracked 
|  74|0x0000000709400000, 0x0000000709400000, 0x0000000709600000|  0%| F|  |TAMS 0x0000000709400000| PB 0x0000000709400000| Untracked 
|  75|0x0000000709600000, 0x0000000709600000, 0x0000000709800000|  0%| F|  |TAMS 0x0000000709600000| PB 0x0000000709600000| Untracked 
|  76|0x0000000709800000, 0x0000000709800000, 0x0000000709a00000|  0%| F|  |TAMS 0x0000000709800000| PB 0x0000000709800000| Untracked 
|  77|0x0000000709a00000, 0x0000000709a00000, 0x0000000709c00000|  0%| F|  |TAMS 0x0000000709a00000| PB 0x0000000709a00000| Untracked 
|  78|0x0000000709c00000, 0x0000000709c00000, 0x0000000709e00000|  0%| F|  |TAMS 0x0000000709c00000| PB 0x0000000709c00000| Untracked 
|  79|0x0000000709e00000, 0x0000000709e00000, 0x000000070a000000|  0%| F|  |TAMS 0x0000000709e00000| PB 0x0000000709e00000| Untracked 
|  80|0x000000070a000000, 0x000000070a000000, 0x000000070a200000|  0%| F|  |TAMS 0x000000070a000000| PB 0x000000070a000000| Untracked 
|  81|0x000000070a200000, 0x000000070a200000, 0x000000070a400000|  0%| F|  |TAMS 0x000000070a200000| PB 0x000000070a200000| Untracked 
|  82|0x000000070a400000, 0x000000070a400000, 0x000000070a600000|  0%| F|  |TAMS 0x000000070a400000| PB 0x000000070a400000| Untracked 
|  83|0x000000070a600000, 0x000000070a600000, 0x000000070a800000|  0%| F|  |TAMS 0x000000070a600000| PB 0x000000070a600000| Untracked 
|  84|0x000000070a800000, 0x000000070a800000, 0x000000070aa00000|  0%| F|  |TAMS 0x000000070a800000| PB 0x000000070a800000| Untracked 
|  85|0x000000070aa00000, 0x000000070aa00000, 0x000000070ac00000|  0%| F|  |TAMS 0x000000070aa00000| PB 0x000000070aa00000| Untracked 
|  86|0x000000070ac00000, 0x000000070ac00000, 0x000000070ae00000|  0%| F|  |TAMS 0x000000070ac00000| PB 0x000000070ac00000| Untracked 
|  87|0x000000070ae00000, 0x000000070ae00000, 0x000000070b000000|  0%| F|  |TAMS 0x000000070ae00000| PB 0x000000070ae00000| Untracked 
|  88|0x000000070b000000, 0x000000070b000000, 0x000000070b200000|  0%| F|  |TAMS 0x000000070b000000| PB 0x000000070b000000| Untracked 
|  89|0x000000070b200000, 0x000000070b23b0c0, 0x000000070b400000| 11%| S|CS|TAMS 0x000000070b200000| PB 0x000000070b200000| Complete 
|  90|0x000000070b400000, 0x000000070b600000, 0x000000070b600000|100%| S|CS|TAMS 0x000000070b400000| PB 0x000000070b400000| Complete 
|  91|0x000000070b600000, 0x000000070b800000, 0x000000070b800000|100%| S|CS|TAMS 0x000000070b600000| PB 0x000000070b600000| Complete 
|  92|0x000000070b800000, 0x000000070ba00000, 0x000000070ba00000|100%| S|CS|TAMS 0x000000070b800000| PB 0x000000070b800000| Complete 
|  93|0x000000070ba00000, 0x000000070bc00000, 0x000000070bc00000|100%| S|CS|TAMS 0x000000070ba00000| PB 0x000000070ba00000| Complete 
|  94|0x000000070bc00000, 0x000000070be00000, 0x000000070be00000|100%| S|CS|TAMS 0x000000070bc00000| PB 0x000000070bc00000| Complete 
|  95|0x000000070be00000, 0x000000070c000000, 0x000000070c000000|100%| S|CS|TAMS 0x000000070be00000| PB 0x000000070be00000| Complete 
|  96|0x000000070c000000, 0x000000070c200000, 0x000000070c200000|100%| S|CS|TAMS 0x000000070c000000| PB 0x000000070c000000| Complete 
|  97|0x000000070c200000, 0x000000070c400000, 0x000000070c400000|100%| S|CS|TAMS 0x000000070c200000| PB 0x000000070c200000| Complete 
|  98|0x000000070c400000, 0x000000070c600000, 0x000000070c600000|100%| S|CS|TAMS 0x000000070c400000| PB 0x000000070c400000| Complete 
|  99|0x000000070c600000, 0x000000070c600000, 0x000000070c800000|  0%| F|  |TAMS 0x000000070c600000| PB 0x000000070c600000| Untracked 
| 100|0x000000070c800000, 0x000000070c800000, 0x000000070ca00000|  0%| F|  |TAMS 0x000000070c800000| PB 0x000000070c800000| Untracked 
| 101|0x000000070ca00000, 0x000000070ca00000, 0x000000070cc00000|  0%| F|  |TAMS 0x000000070ca00000| PB 0x000000070ca00000| Untracked 
| 102|0x000000070cc00000, 0x000000070cc00000, 0x000000070ce00000|  0%| F|  |TAMS 0x000000070cc00000| PB 0x000000070cc00000| Untracked 
| 103|0x000000070ce00000, 0x000000070ce00000, 0x000000070d000000|  0%| F|  |TAMS 0x000000070ce00000| PB 0x000000070ce00000| Untracked 
| 104|0x000000070d000000, 0x000000070d000000, 0x000000070d200000|  0%| F|  |TAMS 0x000000070d000000| PB 0x000000070d000000| Untracked 
| 105|0x000000070d200000, 0x000000070d200000, 0x000000070d400000|  0%| F|  |TAMS 0x000000070d200000| PB 0x000000070d200000| Untracked 
| 106|0x000000070d400000, 0x000000070d400000, 0x000000070d600000|  0%| F|  |TAMS 0x000000070d400000| PB 0x000000070d400000| Untracked 
| 107|0x000000070d600000, 0x000000070d600000, 0x000000070d800000|  0%| F|  |TAMS 0x000000070d600000| PB 0x000000070d600000| Untracked 
| 108|0x000000070d800000, 0x000000070d800000, 0x000000070da00000|  0%| F|  |TAMS 0x000000070d800000| PB 0x000000070d800000| Untracked 
| 109|0x000000070da00000, 0x000000070da00000, 0x000000070dc00000|  0%| F|  |TAMS 0x000000070da00000| PB 0x000000070da00000| Untracked 
| 110|0x000000070dc00000, 0x000000070dc00000, 0x000000070de00000|  0%| F|  |TAMS 0x000000070dc00000| PB 0x000000070dc00000| Untracked 
| 111|0x000000070de00000, 0x000000070de00000, 0x000000070e000000|  0%| F|  |TAMS 0x000000070de00000| PB 0x000000070de00000| Untracked 
| 112|0x000000070e000000, 0x000000070e000000, 0x000000070e200000|  0%| F|  |TAMS 0x000000070e000000| PB 0x000000070e000000| Untracked 
| 113|0x000000070e200000, 0x000000070e200000, 0x000000070e400000|  0%| F|  |TAMS 0x000000070e200000| PB 0x000000070e200000| Untracked 
| 114|0x000000070e400000, 0x000000070e400000, 0x000000070e600000|  0%| F|  |TAMS 0x000000070e400000| PB 0x000000070e400000| Untracked 
| 115|0x000000070e600000, 0x000000070e600000, 0x000000070e800000|  0%| F|  |TAMS 0x000000070e600000| PB 0x000000070e600000| Untracked 
| 116|0x000000070e800000, 0x000000070e800000, 0x000000070ea00000|  0%| F|  |TAMS 0x000000070e800000| PB 0x000000070e800000| Untracked 
| 117|0x000000070ea00000, 0x000000070ea00000, 0x000000070ec00000|  0%| F|  |TAMS 0x000000070ea00000| PB 0x000000070ea00000| Untracked 
| 118|0x000000070ec00000, 0x000000070ec00000, 0x000000070ee00000|  0%| F|  |TAMS 0x000000070ec00000| PB 0x000000070ec00000| Untracked 
| 119|0x000000070ee00000, 0x000000070ee00000, 0x000000070f000000|  0%| F|  |TAMS 0x000000070ee00000| PB 0x000000070ee00000| Untracked 
| 120|0x000000070f000000, 0x000000070f000000, 0x000000070f200000|  0%| F|  |TAMS 0x000000070f000000| PB 0x000000070f000000| Untracked 
| 121|0x000000070f200000, 0x000000070f200000, 0x000000070f400000|  0%| F|  |TAMS 0x000000070f200000| PB 0x000000070f200000| Untracked 
| 122|0x000000070f400000, 0x000000070f400000, 0x000000070f600000|  0%| F|  |TAMS 0x000000070f400000| PB 0x000000070f400000| Untracked 
| 123|0x000000070f600000, 0x000000070f600000, 0x000000070f800000|  0%| F|  |TAMS 0x000000070f600000| PB 0x000000070f600000| Untracked 
| 124|0x000000070f800000, 0x000000070f800000, 0x000000070fa00000|  0%| F|  |TAMS 0x000000070f800000| PB 0x000000070f800000| Untracked 
| 125|0x000000070fa00000, 0x000000070fa00000, 0x000000070fc00000|  0%| F|  |TAMS 0x000000070fa00000| PB 0x000000070fa00000| Untracked 
| 126|0x000000070fc00000, 0x000000070fc00000, 0x000000070fe00000|  0%| F|  |TAMS 0x000000070fc00000| PB 0x000000070fc00000| Untracked 
| 127|0x000000070fe00000, 0x000000070fe00000, 0x0000000710000000|  0%| F|  |TAMS 0x000000070fe00000| PB 0x000000070fe00000| Untracked 
| 128|0x0000000710000000, 0x0000000710000000, 0x0000000710200000|  0%| F|  |TAMS 0x0000000710000000| PB 0x0000000710000000| Untracked 
| 129|0x0000000710200000, 0x0000000710200000, 0x0000000710400000|  0%| F|  |TAMS 0x0000000710200000| PB 0x0000000710200000| Untracked 
| 130|0x0000000710400000, 0x0000000710400000, 0x0000000710600000|  0%| F|  |TAMS 0x0000000710400000| PB 0x0000000710400000| Untracked 
| 131|0x0000000710600000, 0x0000000710600000, 0x0000000710800000|  0%| F|  |TAMS 0x0000000710600000| PB 0x0000000710600000| Untracked 
| 132|0x0000000710800000, 0x0000000710800000, 0x0000000710a00000|  0%| F|  |TAMS 0x0000000710800000| PB 0x0000000710800000| Untracked 
| 133|0x0000000710a00000, 0x0000000710a00000, 0x0000000710c00000|  0%| F|  |TAMS 0x0000000710a00000| PB 0x0000000710a00000| Untracked 
| 134|0x0000000710c00000, 0x0000000710c00000, 0x0000000710e00000|  0%| F|  |TAMS 0x0000000710c00000| PB 0x0000000710c00000| Untracked 
| 135|0x0000000710e00000, 0x0000000710e00000, 0x0000000711000000|  0%| F|  |TAMS 0x0000000710e00000| PB 0x0000000710e00000| Untracked 
| 136|0x0000000711000000, 0x0000000711000000, 0x0000000711200000|  0%| F|  |TAMS 0x0000000711000000| PB 0x0000000711000000| Untracked 
| 137|0x0000000711200000, 0x0000000711200000, 0x0000000711400000|  0%| F|  |TAMS 0x0000000711200000| PB 0x0000000711200000| Untracked 
| 138|0x0000000711400000, 0x0000000711400000, 0x0000000711600000|  0%| F|  |TAMS 0x0000000711400000| PB 0x0000000711400000| Untracked 
| 139|0x0000000711600000, 0x0000000711600000, 0x0000000711800000|  0%| F|  |TAMS 0x0000000711600000| PB 0x0000000711600000| Untracked 
| 140|0x0000000711800000, 0x0000000711800000, 0x0000000711a00000|  0%| F|  |TAMS 0x0000000711800000| PB 0x0000000711800000| Untracked 
| 141|0x0000000711a00000, 0x0000000711a00000, 0x0000000711c00000|  0%| F|  |TAMS 0x0000000711a00000| PB 0x0000000711a00000| Untracked 
| 142|0x0000000711c00000, 0x0000000711c00000, 0x0000000711e00000|  0%| F|  |TAMS 0x0000000711c00000| PB 0x0000000711c00000| Untracked 
| 143|0x0000000711e00000, 0x0000000711e00000, 0x0000000712000000|  0%| F|  |TAMS 0x0000000711e00000| PB 0x0000000711e00000| Untracked 
| 144|0x0000000712000000, 0x0000000712000000, 0x0000000712200000|  0%| F|  |TAMS 0x0000000712000000| PB 0x0000000712000000| Untracked 
| 145|0x0000000712200000, 0x0000000712200000, 0x0000000712400000|  0%| F|  |TAMS 0x0000000712200000| PB 0x0000000712200000| Untracked 
| 146|0x0000000712400000, 0x0000000712400000, 0x0000000712600000|  0%| F|  |TAMS 0x0000000712400000| PB 0x0000000712400000| Untracked 
| 147|0x0000000712600000, 0x0000000712600000, 0x0000000712800000|  0%| F|  |TAMS 0x0000000712600000| PB 0x0000000712600000| Untracked 
| 148|0x0000000712800000, 0x0000000712800000, 0x0000000712a00000|  0%| F|  |TAMS 0x0000000712800000| PB 0x0000000712800000| Untracked 
| 149|0x0000000712a00000, 0x0000000712a00000, 0x0000000712c00000|  0%| F|  |TAMS 0x0000000712a00000| PB 0x0000000712a00000| Untracked 
| 150|0x0000000712c00000, 0x0000000712c00000, 0x0000000712e00000|  0%| F|  |TAMS 0x0000000712c00000| PB 0x0000000712c00000| Untracked 
| 151|0x0000000712e00000, 0x0000000712e00000, 0x0000000713000000|  0%| F|  |TAMS 0x0000000712e00000| PB 0x0000000712e00000| Untracked 
| 152|0x0000000713000000, 0x0000000713000000, 0x0000000713200000|  0%| F|  |TAMS 0x0000000713000000| PB 0x0000000713000000| Untracked 
| 153|0x0000000713200000, 0x0000000713200000, 0x0000000713400000|  0%| F|  |TAMS 0x0000000713200000| PB 0x0000000713200000| Untracked 
| 154|0x0000000713400000, 0x0000000713400000, 0x0000000713600000|  0%| F|  |TAMS 0x0000000713400000| PB 0x0000000713400000| Untracked 
| 155|0x0000000713600000, 0x0000000713600000, 0x0000000713800000|  0%| F|  |TAMS 0x0000000713600000| PB 0x0000000713600000| Untracked 
| 156|0x0000000713800000, 0x0000000713800000, 0x0000000713a00000|  0%| F|  |TAMS 0x0000000713800000| PB 0x0000000713800000| Untracked 
| 157|0x0000000713a00000, 0x0000000713a00000, 0x0000000713c00000|  0%| F|  |TAMS 0x0000000713a00000| PB 0x0000000713a00000| Untracked 
| 158|0x0000000713c00000, 0x0000000713c00000, 0x0000000713e00000|  0%| F|  |TAMS 0x0000000713c00000| PB 0x0000000713c00000| Untracked 
| 159|0x0000000713e00000, 0x0000000713e00000, 0x0000000714000000|  0%| F|  |TAMS 0x0000000713e00000| PB 0x0000000713e00000| Untracked 
| 160|0x0000000714000000, 0x0000000714000000, 0x0000000714200000|  0%| F|  |TAMS 0x0000000714000000| PB 0x0000000714000000| Untracked 
| 161|0x0000000714200000, 0x0000000714200000, 0x0000000714400000|  0%| F|  |TAMS 0x0000000714200000| PB 0x0000000714200000| Untracked 
| 162|0x0000000714400000, 0x0000000714400000, 0x0000000714600000|  0%| F|  |TAMS 0x0000000714400000| PB 0x0000000714400000| Untracked 
| 163|0x0000000714600000, 0x0000000714600000, 0x0000000714800000|  0%| F|  |TAMS 0x0000000714600000| PB 0x0000000714600000| Untracked 
| 164|0x0000000714800000, 0x0000000714800000, 0x0000000714a00000|  0%| F|  |TAMS 0x0000000714800000| PB 0x0000000714800000| Untracked 
| 165|0x0000000714a00000, 0x0000000714a00000, 0x0000000714c00000|  0%| F|  |TAMS 0x0000000714a00000| PB 0x0000000714a00000| Untracked 
| 166|0x0000000714c00000, 0x0000000714c00000, 0x0000000714e00000|  0%| F|  |TAMS 0x0000000714c00000| PB 0x0000000714c00000| Untracked 
| 167|0x0000000714e00000, 0x0000000714e00000, 0x0000000715000000|  0%| F|  |TAMS 0x0000000714e00000| PB 0x0000000714e00000| Untracked 
| 168|0x0000000715000000, 0x0000000715000000, 0x0000000715200000|  0%| F|  |TAMS 0x0000000715000000| PB 0x0000000715000000| Untracked 
| 169|0x0000000715200000, 0x0000000715200000, 0x0000000715400000|  0%| F|  |TAMS 0x0000000715200000| PB 0x0000000715200000| Untracked 
| 170|0x0000000715400000, 0x0000000715400000, 0x0000000715600000|  0%| F|  |TAMS 0x0000000715400000| PB 0x0000000715400000| Untracked 
| 171|0x0000000715600000, 0x0000000715600000, 0x0000000715800000|  0%| F|  |TAMS 0x0000000715600000| PB 0x0000000715600000| Untracked 
| 172|0x0000000715800000, 0x0000000715800000, 0x0000000715a00000|  0%| F|  |TAMS 0x0000000715800000| PB 0x0000000715800000| Untracked 
| 173|0x0000000715a00000, 0x0000000715a00000, 0x0000000715c00000|  0%| F|  |TAMS 0x0000000715a00000| PB 0x0000000715a00000| Untracked 
| 174|0x0000000715c00000, 0x0000000715c00000, 0x0000000715e00000|  0%| F|  |TAMS 0x0000000715c00000| PB 0x0000000715c00000| Untracked 
| 175|0x0000000715e00000, 0x0000000715e00000, 0x0000000716000000|  0%| F|  |TAMS 0x0000000715e00000| PB 0x0000000715e00000| Untracked 
| 176|0x0000000716000000, 0x0000000716000000, 0x0000000716200000|  0%| F|  |TAMS 0x0000000716000000| PB 0x0000000716000000| Untracked 
| 177|0x0000000716200000, 0x0000000716200000, 0x0000000716400000|  0%| F|  |TAMS 0x0000000716200000| PB 0x0000000716200000| Untracked 
| 178|0x0000000716400000, 0x0000000716400000, 0x0000000716600000|  0%| F|  |TAMS 0x0000000716400000| PB 0x0000000716400000| Untracked 
| 179|0x0000000716600000, 0x0000000716600000, 0x0000000716800000|  0%| F|  |TAMS 0x0000000716600000| PB 0x0000000716600000| Untracked 
| 180|0x0000000716800000, 0x0000000716800000, 0x0000000716a00000|  0%| F|  |TAMS 0x0000000716800000| PB 0x0000000716800000| Untracked 
| 181|0x0000000716a00000, 0x0000000716a00000, 0x0000000716c00000|  0%| F|  |TAMS 0x0000000716a00000| PB 0x0000000716a00000| Untracked 
| 182|0x0000000716c00000, 0x0000000716c00000, 0x0000000716e00000|  0%| F|  |TAMS 0x0000000716c00000| PB 0x0000000716c00000| Untracked 
| 183|0x0000000716e00000, 0x0000000716e00000, 0x0000000717000000|  0%| F|  |TAMS 0x0000000716e00000| PB 0x0000000716e00000| Untracked 
| 184|0x0000000717000000, 0x0000000717000000, 0x0000000717200000|  0%| F|  |TAMS 0x0000000717000000| PB 0x0000000717000000| Untracked 
| 185|0x0000000717200000, 0x0000000717200000, 0x0000000717400000|  0%| F|  |TAMS 0x0000000717200000| PB 0x0000000717200000| Untracked 
| 186|0x0000000717400000, 0x0000000717400000, 0x0000000717600000|  0%| F|  |TAMS 0x0000000717400000| PB 0x0000000717400000| Untracked 
| 187|0x0000000717600000, 0x0000000717600000, 0x0000000717800000|  0%| F|  |TAMS 0x0000000717600000| PB 0x0000000717600000| Untracked 
| 188|0x0000000717800000, 0x0000000717800000, 0x0000000717a00000|  0%| F|  |TAMS 0x0000000717800000| PB 0x0000000717800000| Untracked 
| 189|0x0000000717a00000, 0x0000000717a00000, 0x0000000717c00000|  0%| F|  |TAMS 0x0000000717a00000| PB 0x0000000717a00000| Untracked 
| 190|0x0000000717c00000, 0x0000000717c00000, 0x0000000717e00000|  0%| F|  |TAMS 0x0000000717c00000| PB 0x0000000717c00000| Untracked 
| 191|0x0000000717e00000, 0x0000000717e00000, 0x0000000718000000|  0%| F|  |TAMS 0x0000000717e00000| PB 0x0000000717e00000| Untracked 
| 192|0x0000000718000000, 0x0000000718000000, 0x0000000718200000|  0%| F|  |TAMS 0x0000000718000000| PB 0x0000000718000000| Untracked 
| 193|0x0000000718200000, 0x0000000718200000, 0x0000000718400000|  0%| F|  |TAMS 0x0000000718200000| PB 0x0000000718200000| Untracked 
| 194|0x0000000718400000, 0x0000000718400000, 0x0000000718600000|  0%| F|  |TAMS 0x0000000718400000| PB 0x0000000718400000| Untracked 
| 195|0x0000000718600000, 0x0000000718600000, 0x0000000718800000|  0%| F|  |TAMS 0x0000000718600000| PB 0x0000000718600000| Untracked 
| 196|0x0000000718800000, 0x0000000718800000, 0x0000000718a00000|  0%| F|  |TAMS 0x0000000718800000| PB 0x0000000718800000| Untracked 
| 197|0x0000000718a00000, 0x0000000718a00000, 0x0000000718c00000|  0%| F|  |TAMS 0x0000000718a00000| PB 0x0000000718a00000| Untracked 
| 198|0x0000000718c00000, 0x0000000718c00000, 0x0000000718e00000|  0%| F|  |TAMS 0x0000000718c00000| PB 0x0000000718c00000| Untracked 
| 199|0x0000000718e00000, 0x0000000718e00000, 0x0000000719000000|  0%| F|  |TAMS 0x0000000718e00000| PB 0x0000000718e00000| Untracked 
| 200|0x0000000719000000, 0x0000000719000000, 0x0000000719200000|  0%| F|  |TAMS 0x0000000719000000| PB 0x0000000719000000| Untracked 
| 201|0x0000000719200000, 0x0000000719200000, 0x0000000719400000|  0%| F|  |TAMS 0x0000000719200000| PB 0x0000000719200000| Untracked 
| 202|0x0000000719400000, 0x0000000719400000, 0x0000000719600000|  0%| F|  |TAMS 0x0000000719400000| PB 0x0000000719400000| Untracked 
| 203|0x0000000719600000, 0x0000000719600000, 0x0000000719800000|  0%| F|  |TAMS 0x0000000719600000| PB 0x0000000719600000| Untracked 
| 204|0x0000000719800000, 0x0000000719800000, 0x0000000719a00000|  0%| F|  |TAMS 0x0000000719800000| PB 0x0000000719800000| Untracked 
| 205|0x0000000719a00000, 0x0000000719a00000, 0x0000000719c00000|  0%| F|  |TAMS 0x0000000719a00000| PB 0x0000000719a00000| Untracked 
| 206|0x0000000719c00000, 0x0000000719c00000, 0x0000000719e00000|  0%| F|  |TAMS 0x0000000719c00000| PB 0x0000000719c00000| Untracked 
| 207|0x0000000719e00000, 0x0000000719e00000, 0x000000071a000000|  0%| F|  |TAMS 0x0000000719e00000| PB 0x0000000719e00000| Untracked 
| 208|0x000000071a000000, 0x000000071a000000, 0x000000071a200000|  0%| F|  |TAMS 0x000000071a000000| PB 0x000000071a000000| Untracked 
| 209|0x000000071a200000, 0x000000071a200000, 0x000000071a400000|  0%| F|  |TAMS 0x000000071a200000| PB 0x000000071a200000| Untracked 
| 210|0x000000071a400000, 0x000000071a400000, 0x000000071a600000|  0%| F|  |TAMS 0x000000071a400000| PB 0x000000071a400000| Untracked 
| 211|0x000000071a600000, 0x000000071a600000, 0x000000071a800000|  0%| F|  |TAMS 0x000000071a600000| PB 0x000000071a600000| Untracked 
| 212|0x000000071a800000, 0x000000071a800000, 0x000000071aa00000|  0%| F|  |TAMS 0x000000071a800000| PB 0x000000071a800000| Untracked 
| 213|0x000000071aa00000, 0x000000071aa00000, 0x000000071ac00000|  0%| F|  |TAMS 0x000000071aa00000| PB 0x000000071aa00000| Untracked 
| 214|0x000000071ac00000, 0x000000071ac00000, 0x000000071ae00000|  0%| F|  |TAMS 0x000000071ac00000| PB 0x000000071ac00000| Untracked 
| 215|0x000000071ae00000, 0x000000071ae00000, 0x000000071b000000|  0%| F|  |TAMS 0x000000071ae00000| PB 0x000000071ae00000| Untracked 
| 216|0x000000071b000000, 0x000000071b000000, 0x000000071b200000|  0%| F|  |TAMS 0x000000071b000000| PB 0x000000071b000000| Untracked 
| 217|0x000000071b200000, 0x000000071b200000, 0x000000071b400000|  0%| F|  |TAMS 0x000000071b200000| PB 0x000000071b200000| Untracked 
| 218|0x000000071b400000, 0x000000071b400000, 0x000000071b600000|  0%| F|  |TAMS 0x000000071b400000| PB 0x000000071b400000| Untracked 
| 219|0x000000071b600000, 0x000000071b600000, 0x000000071b800000|  0%| F|  |TAMS 0x000000071b600000| PB 0x000000071b600000| Untracked 
| 220|0x000000071b800000, 0x000000071b800000, 0x000000071ba00000|  0%| F|  |TAMS 0x000000071b800000| PB 0x000000071b800000| Untracked 
| 221|0x000000071ba00000, 0x000000071ba00000, 0x000000071bc00000|  0%| F|  |TAMS 0x000000071ba00000| PB 0x000000071ba00000| Untracked 
| 222|0x000000071bc00000, 0x000000071bc00000, 0x000000071be00000|  0%| F|  |TAMS 0x000000071bc00000| PB 0x000000071bc00000| Untracked 
| 223|0x000000071be00000, 0x000000071be00000, 0x000000071c000000|  0%| F|  |TAMS 0x000000071be00000| PB 0x000000071be00000| Untracked 
| 224|0x000000071c000000, 0x000000071c000000, 0x000000071c200000|  0%| F|  |TAMS 0x000000071c000000| PB 0x000000071c000000| Untracked 
| 225|0x000000071c200000, 0x000000071c200000, 0x000000071c400000|  0%| F|  |TAMS 0x000000071c200000| PB 0x000000071c200000| Untracked 
| 226|0x000000071c400000, 0x000000071c400000, 0x000000071c600000|  0%| F|  |TAMS 0x000000071c400000| PB 0x000000071c400000| Untracked 
| 227|0x000000071c600000, 0x000000071c600000, 0x000000071c800000|  0%| F|  |TAMS 0x000000071c600000| PB 0x000000071c600000| Untracked 
| 228|0x000000071c800000, 0x000000071c800000, 0x000000071ca00000|  0%| F|  |TAMS 0x000000071c800000| PB 0x000000071c800000| Untracked 
| 229|0x000000071ca00000, 0x000000071ca00000, 0x000000071cc00000|  0%| F|  |TAMS 0x000000071ca00000| PB 0x000000071ca00000| Untracked 
| 230|0x000000071cc00000, 0x000000071cc00000, 0x000000071ce00000|  0%| F|  |TAMS 0x000000071cc00000| PB 0x000000071cc00000| Untracked 
| 231|0x000000071ce00000, 0x000000071ce00000, 0x000000071d000000|  0%| F|  |TAMS 0x000000071ce00000| PB 0x000000071ce00000| Untracked 
| 232|0x000000071d000000, 0x000000071d000000, 0x000000071d200000|  0%| F|  |TAMS 0x000000071d000000| PB 0x000000071d000000| Untracked 
| 233|0x000000071d200000, 0x000000071d200000, 0x000000071d400000|  0%| F|  |TAMS 0x000000071d200000| PB 0x000000071d200000| Untracked 
| 234|0x000000071d400000, 0x000000071d400000, 0x000000071d600000|  0%| F|  |TAMS 0x000000071d400000| PB 0x000000071d400000| Untracked 
| 235|0x000000071d600000, 0x000000071d600000, 0x000000071d800000|  0%| F|  |TAMS 0x000000071d600000| PB 0x000000071d600000| Untracked 
| 236|0x000000071d800000, 0x000000071d800000, 0x000000071da00000|  0%| F|  |TAMS 0x000000071d800000| PB 0x000000071d800000| Untracked 
| 237|0x000000071da00000, 0x000000071da00000, 0x000000071dc00000|  0%| F|  |TAMS 0x000000071da00000| PB 0x000000071da00000| Untracked 
| 238|0x000000071dc00000, 0x000000071dc00000, 0x000000071de00000|  0%| F|  |TAMS 0x000000071dc00000| PB 0x000000071dc00000| Untracked 
| 239|0x000000071de00000, 0x000000071de00000, 0x000000071e000000|  0%| F|  |TAMS 0x000000071de00000| PB 0x000000071de00000| Untracked 
| 240|0x000000071e000000, 0x000000071e000000, 0x000000071e200000|  0%| F|  |TAMS 0x000000071e000000| PB 0x000000071e000000| Untracked 
| 241|0x000000071e200000, 0x000000071e200000, 0x000000071e400000|  0%| F|  |TAMS 0x000000071e200000| PB 0x000000071e200000| Untracked 
| 242|0x000000071e400000, 0x000000071e400000, 0x000000071e600000|  0%| F|  |TAMS 0x000000071e400000| PB 0x000000071e400000| Untracked 
| 243|0x000000071e600000, 0x000000071e600000, 0x000000071e800000|  0%| F|  |TAMS 0x000000071e600000| PB 0x000000071e600000| Untracked 
| 244|0x000000071e800000, 0x000000071e800000, 0x000000071ea00000|  0%| F|  |TAMS 0x000000071e800000| PB 0x000000071e800000| Untracked 
| 245|0x000000071ea00000, 0x000000071ea00000, 0x000000071ec00000|  0%| F|  |TAMS 0x000000071ea00000| PB 0x000000071ea00000| Untracked 
|2047|0x00000007ffe00000, 0x00000007ffe00000, 0x0000000800000000|  0%| F|  |TAMS 0x00000007ffe00000| PB 0x00000007ffe00000| Untracked 

Card table byte_map: [0x000001b5b3d50000,0x000001b5b4550000] _byte_map_base: 0x000001b5b0550000

Marking Bits: (CMBitMap*) 0x000001b5a0bd9330
 Bits: [0x000001b5b4550000, 0x000001b5b8550000)

Polling page: 0x000001b59e9c0000

Metaspace:

Usage:
  Non-class:     57.40 MB used.
      Class:      9.32 MB used.
       Both:     66.72 MB used.

Virtual space:
  Non-class space:       64.00 MB reserved,      58.31 MB ( 91%) committed,  1 nodes.
      Class space:      832.00 MB reserved,      10.12 MB (  1%) committed,  1 nodes.
             Both:      896.00 MB reserved,      68.44 MB (  8%) committed. 

Chunk freelists:
   Non-Class:  5.12 MB
       Class:  5.78 MB
        Both:  10.90 MB

MaxMetaspaceSize: 1.00 GB
CompressedClassSpaceSize: 832.00 MB
Initial GC threshold: 21.00 MB
Current GC threshold: 114.00 MB
CDS: off
 - commit_granule_bytes: 65536.
 - commit_granule_words: 8192.
 - virtual_space_node_default_size: 8388608.
 - enlarge_chunks_in_place: 1.
 - use_allocation_guard: 0.


Internal statistics:

num_allocs_failed_limit: 6.
num_arena_births: 3194.
num_arena_deaths: 4.
num_vsnodes_births: 2.
num_vsnodes_deaths: 0.
num_space_committed: 1095.
num_space_uncommitted: 0.
num_chunks_returned_to_freelist: 17.
num_chunks_taken_from_freelist: 6065.
num_chunk_merges: 3.
num_chunk_splits: 3887.
num_chunks_enlarged: 2365.
num_inconsistent_stats: 0.

CodeHeap 'non-profiled nmethods': size=119168Kb used=6463Kb max_used=6463Kb free=112704Kb
 bounds [0x000001b5ab870000, 0x000001b5abed0000, 0x000001b5b2cd0000]
CodeHeap 'profiled nmethods': size=119104Kb used=13587Kb max_used=15215Kb free=105516Kb
 bounds [0x000001b5a3cd0000, 0x000001b5a4bd0000, 0x000001b5ab120000]
CodeHeap 'non-nmethods': size=7488Kb used=3757Kb max_used=3846Kb free=3730Kb
 bounds [0x000001b5ab120000, 0x000001b5ab500000, 0x000001b5ab870000]
CodeCache: size=245760Kb, used=23807Kb, max_used=25524Kb, free=221950Kb
 total_blobs=8204, nmethods=7431, adapters=674, full_count=0
Compilation: enabled, stopped_count=0, restarted_count=0

Compilation events (20 events):
Event: 7.606 Thread 0x000001b5bb819c70 9394       3       org.objectweb.asm.FieldWriter::putFieldInfo (269 bytes)
Event: 7.606 Thread 0x000001b5bb819c70 nmethod 9394 0x000001b5a4b7bc10 code [0x000001b5a4b7bea0, 0x000001b5a4b7c7a0]
Event: 7.607 Thread 0x000001b5bb9f46f0 nmethod 9393 0x000001b5a4aed590 code [0x000001b5a4aedb00, 0x000001b5a4aeffe8]
Event: 7.632 Thread 0x000001b5bb8191d0 nmethod 9386 0x000001b5abea0f90 code [0x000001b5abea1800, 0x000001b5abea8e50]
Event: 7.632 Thread 0x000001b5bb8191d0 9387       4       org.objectweb.asm.ClassWriter::toByteArray (1535 bytes)
Event: 7.647 Thread 0x000001b5bb819c70 9395       3       java.util.zip.ZipEntry::setExtra0 (493 bytes)
Event: 7.648 Thread 0x000001b5bb819c70 nmethod 9395 0x000001b5a43f9d10 code [0x000001b5a43fa0c0, 0x000001b5a43fbc58]
Event: 7.686 Thread 0x000001b5bb8191d0 nmethod 9387 0x000001b5abeaee10 code [0x000001b5abeaf880, 0x000001b5abeb4db0]
Event: 7.686 Thread 0x000001b5bb8191d0 9397       4       org.objectweb.asm.ClassReader::readField (675 bytes)
Event: 7.686 Thread 0x000001b5c74265a0 9396       4       org.objectweb.asm.FieldWriter::computeFieldInfoSize (86 bytes)
Event: 7.688 Thread 0x000001b5c74265a0 nmethod 9396 0x000001b5abeb8d10 code [0x000001b5abeb8f00, 0x000001b5abeb92f8]
Event: 7.688 Thread 0x000001b5c74265a0 9391       4       java.lang.StringLatin1::lastIndexOf (125 bytes)
Event: 7.690 Thread 0x000001b5c74265a0 nmethod 9391 0x000001b5abeb9690 code [0x000001b5abeb9820, 0x000001b5abeb9b00]
Event: 7.690 Thread 0x000001b5c74265a0 9390       4       org.objectweb.asm.commons.Remapper::mapType (18 bytes)
Event: 7.694 Thread 0x000001b5c74265a0 nmethod 9390 0x000001b5abeb9d90 code [0x000001b5abeb9fa0, 0x000001b5abeba9b0]
Event: 7.702 Thread 0x000001b5c74265a0 9398       4       java.lang.Character::codePointAt (51 bytes)
Event: 7.703 Thread 0x000001b5c74265a0 nmethod 9398 0x000001b5abebaf10 code [0x000001b5abebb0c0, 0x000001b5abebb260]
Event: 7.707 Thread 0x000001b5bb9f46f0 9399       3       org.gradle.internal.serialize.kryo.KryoBackedEncoder::writeSmallLong (11 bytes)
Event: 7.707 Thread 0x000001b5bb9f46f0 nmethod 9399 0x000001b5a3f75590 code [0x000001b5a3f75740, 0x000001b5a3f75910]
Event: 7.707 Thread 0x000001b5bb8191d0 nmethod 9397 0x000001b5abebb490 code [0x000001b5abebb940, 0x000001b5abebdeb8]

GC Heap History (20 events):
Event: 6.221 GC heap after
{Heap after GC invocations=45 (full 0):
 garbage-first heap   total 294912K, used 88722K [0x0000000700000000, 0x0000000800000000)
  region size 2048K, 5 young (10240K), 5 survivors (10240K)
 Metaspace       used 68338K, committed 70080K, reserved 917504K
  class space    used 9553K, committed 10368K, reserved 851968K
}
Event: 6.315 GC heap before
{Heap before GC invocations=46 (full 0):
 garbage-first heap   total 294912K, used 254610K [0x0000000700000000, 0x0000000800000000)
  region size 2048K, 86 young (176128K), 5 survivors (10240K)
 Metaspace       used 68302K, committed 70080K, reserved 917504K
  class space    used 9543K, committed 10368K, reserved 851968K
}
Event: 6.319 GC heap after
{Heap after GC invocations=47 (full 0):
 garbage-first heap   total 294912K, used 89657K [0x0000000700000000, 0x0000000800000000)
  region size 2048K, 6 young (12288K), 6 survivors (12288K)
 Metaspace       used 68302K, committed 70080K, reserved 917504K
  class space    used 9543K, committed 10368K, reserved 851968K
}
Event: 6.427 GC heap before
{Heap before GC invocations=47 (full 0):
 garbage-first heap   total 294912K, used 253497K [0x0000000700000000, 0x0000000800000000)
  region size 2048K, 86 young (176128K), 6 survivors (12288K)
 Metaspace       used 68312K, committed 70080K, reserved 917504K
  class space    used 9543K, committed 10368K, reserved 851968K
}
Event: 6.433 GC heap after
{Heap after GC invocations=48 (full 0):
 garbage-first heap   total 380928K, used 90499K [0x0000000700000000, 0x0000000800000000)
  region size 2048K, 6 young (12288K), 6 survivors (12288K)
 Metaspace       used 68312K, committed 70080K, reserved 917504K
  class space    used 9543K, committed 10368K, reserved 851968K
}
Event: 6.590 GC heap before
{Heap before GC invocations=48 (full 0):
 garbage-first heap   total 380928K, used 305539K [0x0000000700000000, 0x0000000800000000)
  region size 2048K, 111 young (227328K), 6 survivors (12288K)
 Metaspace       used 68312K, committed 70080K, reserved 917504K
  class space    used 9543K, committed 10368K, reserved 851968K
}
Event: 6.594 GC heap after
{Heap after GC invocations=49 (full 0):
 garbage-first heap   total 380928K, used 91273K [0x0000000700000000, 0x0000000800000000)
  region size 2048K, 6 young (12288K), 6 survivors (12288K)
 Metaspace       used 68312K, committed 70080K, reserved 917504K
  class space    used 9543K, committed 10368K, reserved 851968K
}
Event: 6.725 GC heap before
{Heap before GC invocations=49 (full 0):
 garbage-first heap   total 380928K, used 306313K [0x0000000700000000, 0x0000000800000000)
  region size 2048K, 111 young (227328K), 6 survivors (12288K)
 Metaspace       used 68313K, committed 70080K, reserved 917504K
  class space    used 9543K, committed 10368K, reserved 851968K
}
Event: 6.729 GC heap after
{Heap after GC invocations=50 (full 0):
 garbage-first heap   total 380928K, used 92768K [0x0000000700000000, 0x0000000800000000)
  region size 2048K, 7 young (14336K), 7 survivors (14336K)
 Metaspace       used 68313K, committed 70080K, reserved 917504K
  class space    used 9543K, committed 10368K, reserved 851968K
}
Event: 6.855 GC heap before
{Heap before GC invocations=50 (full 0):
 garbage-first heap   total 380928K, used 305760K [0x0000000700000000, 0x0000000800000000)
  region size 2048K, 111 young (227328K), 7 survivors (14336K)
 Metaspace       used 68313K, committed 70080K, reserved 917504K
  class space    used 9543K, committed 10368K, reserved 851968K
}
Event: 6.861 GC heap after
{Heap after GC invocations=51 (full 0):
 garbage-first heap   total 380928K, used 94417K [0x0000000700000000, 0x0000000800000000)
  region size 2048K, 7 young (14336K), 7 survivors (14336K)
 Metaspace       used 68313K, committed 70080K, reserved 917504K
  class space    used 9543K, committed 10368K, reserved 851968K
}
Event: 6.987 GC heap before
{Heap before GC invocations=51 (full 0):
 garbage-first heap   total 380928K, used 307409K [0x0000000700000000, 0x0000000800000000)
  region size 2048K, 111 young (227328K), 7 survivors (14336K)
 Metaspace       used 68313K, committed 70080K, reserved 917504K
  class space    used 9543K, committed 10368K, reserved 851968K
}
Event: 6.993 GC heap after
{Heap after GC invocations=52 (full 0):
 garbage-first heap   total 505856K, used 96112K [0x0000000700000000, 0x0000000800000000)
  region size 2048K, 8 young (16384K), 8 survivors (16384K)
 Metaspace       used 68313K, committed 70080K, reserved 917504K
  class space    used 9543K, committed 10368K, reserved 851968K
}
Event: 7.174 GC heap before
{Heap before GC invocations=52 (full 0):
 garbage-first heap   total 505856K, used 382832K [0x0000000700000000, 0x0000000800000000)
  region size 2048K, 148 young (303104K), 8 survivors (16384K)
 Metaspace       used 68313K, committed 70080K, reserved 917504K
  class space    used 9543K, committed 10368K, reserved 851968K
}
Event: 7.180 GC heap after
{Heap after GC invocations=53 (full 0):
 garbage-first heap   total 505856K, used 97275K [0x0000000700000000, 0x0000000800000000)
  region size 2048K, 8 young (16384K), 8 survivors (16384K)
 Metaspace       used 68313K, committed 70080K, reserved 917504K
  class space    used 9543K, committed 10368K, reserved 851968K
}
Event: 7.337 GC heap before
{Heap before GC invocations=53 (full 0):
 garbage-first heap   total 505856K, used 383995K [0x0000000700000000, 0x0000000800000000)
  region size 2048K, 148 young (303104K), 8 survivors (16384K)
 Metaspace       used 68314K, committed 70080K, reserved 917504K
  class space    used 9543K, committed 10368K, reserved 851968K
}
Event: 7.344 GC heap after
{Heap after GC invocations=54 (full 0):
 garbage-first heap   total 505856K, used 98941K [0x0000000700000000, 0x0000000800000000)
  region size 2048K, 9 young (18432K), 9 survivors (18432K)
 Metaspace       used 68314K, committed 70080K, reserved 917504K
  class space    used 9543K, committed 10368K, reserved 851968K
}
Event: 7.535 GC heap before
{Heap before GC invocations=54 (full 0):
 garbage-first heap   total 505856K, used 383613K [0x0000000700000000, 0x0000000800000000)
  region size 2048K, 148 young (303104K), 9 survivors (18432K)
 Metaspace       used 68315K, committed 70080K, reserved 917504K
  class space    used 9543K, committed 10368K, reserved 851968K
}
Event: 7.543 GC heap after
{Heap after GC invocations=55 (full 0):
 garbage-first heap   total 505856K, used 100925K [0x0000000700000000, 0x0000000800000000)
  region size 2048K, 9 young (18432K), 9 survivors (18432K)
 Metaspace       used 68315K, committed 70080K, reserved 917504K
  class space    used 9543K, committed 10368K, reserved 851968K
}
Event: 7.746 GC heap before
{Heap before GC invocations=55 (full 0):
 garbage-first heap   total 505856K, used 383549K [0x0000000700000000, 0x0000000800000000)
  region size 2048K, 148 young (303104K), 9 survivors (18432K)
 Metaspace       used 68317K, committed 70080K, reserved 917504K
  class space    used 9543K, committed 10368K, reserved 851968K
}

Dll operation events (3 events):
Event: 0.008 Loaded shared library C:\Program Files\Android\Android Studio\jbr\bin\java.dll
Event: 0.013 Loaded shared library C:\Program Files\Android\Android Studio\jbr\bin\zip.dll
Event: 0.373 Loaded shared library C:\Program Files\Android\Android Studio\jbr\bin\verify.dll

Deoptimization events (20 events):
Event: 7.421 Thread 0x000001b5c2b187c0 Uncommon trap: trap_request=0xffffff45 fr.pc=0x000001b5abe864b0 relative=0x00000000000035b0
Event: 7.421 Thread 0x000001b5c2b187c0 Uncommon trap: reason=unstable_if action=reinterpret pc=0x000001b5abe864b0 method=org.objectweb.asm.ClassWriter.toByteArray()[B @ 497 c2
Event: 7.421 Thread 0x000001b5c2b187c0 DEOPT PACKING pc=0x000001b5abe864b0 sp=0x0000005b6fdf7010
Event: 7.421 Thread 0x000001b5c2b187c0 DEOPT UNPACKING pc=0x000001b5ab177ba2 sp=0x0000005b6fdf6f98 mode 2
Event: 7.602 Thread 0x000001b5c2b187c0 Uncommon trap: trap_request=0xffffff45 fr.pc=0x000001b5abd6bf1c relative=0x0000000000001adc
Event: 7.602 Thread 0x000001b5c2b187c0 Uncommon trap: reason=unstable_if action=reinterpret pc=0x000001b5abd6bf1c method=org.objectweb.asm.ClassReader.readField(Lorg/objectweb/asm/ClassVisitor;Lorg/objectweb/asm/Context;I)I @ 260 c2
Event: 7.602 Thread 0x000001b5c2b187c0 DEOPT PACKING pc=0x000001b5abd6bf1c sp=0x0000005b6fdf6d00
Event: 7.602 Thread 0x000001b5c2b187c0 DEOPT UNPACKING pc=0x000001b5ab177ba2 sp=0x0000005b6fdf6c78 mode 2
Event: 7.602 Thread 0x000001b5c2b187c0 Uncommon trap: trap_request=0xffffff45 fr.pc=0x000001b5abddb010 relative=0x0000000000000310
Event: 7.602 Thread 0x000001b5c2b187c0 Uncommon trap: reason=unstable_if action=reinterpret pc=0x000001b5abddb010 method=org.objectweb.asm.AnnotationWriter.computeAnnotationsSize(Lorg/objectweb/asm/AnnotationWriter;Lorg/objectweb/asm/AnnotationWriter;Lorg/objectweb/asm/AnnotationWriter;Lorg/ob
Event: 7.602 Thread 0x000001b5c2b187c0 DEOPT PACKING pc=0x000001b5abddb010 sp=0x0000005b6fdf6ea0
Event: 7.602 Thread 0x000001b5c2b187c0 DEOPT UNPACKING pc=0x000001b5ab177ba2 sp=0x0000005b6fdf6db8 mode 2
Event: 7.602 Thread 0x000001b5c2b187c0 Uncommon trap: trap_request=0xffffff45 fr.pc=0x000001b5abde6278 relative=0x0000000000000a18
Event: 7.602 Thread 0x000001b5c2b187c0 Uncommon trap: reason=unstable_if action=reinterpret pc=0x000001b5abde6278 method=org.objectweb.asm.FieldWriter.putFieldInfo(Lorg/objectweb/asm/ByteVector;)V @ 145 c2
Event: 7.602 Thread 0x000001b5c2b187c0 DEOPT PACKING pc=0x000001b5abde6278 sp=0x0000005b6fdf6e80
Event: 7.602 Thread 0x000001b5c2b187c0 DEOPT UNPACKING pc=0x000001b5ab177ba2 sp=0x0000005b6fdf6e28 mode 2
Event: 7.627 Thread 0x000001b5c2b187c0 Uncommon trap: trap_request=0xffffff45 fr.pc=0x000001b5abdda458 relative=0x0000000000000478
Event: 7.627 Thread 0x000001b5c2b187c0 Uncommon trap: reason=unstable_if action=reinterpret pc=0x000001b5abdda458 method=java.util.zip.ZipEntry.setExtra0([BZZ)V @ 73 c2
Event: 7.627 Thread 0x000001b5c2b187c0 DEOPT PACKING pc=0x000001b5abdda458 sp=0x0000005b6fdf7050
Event: 7.627 Thread 0x000001b5c2b187c0 DEOPT UNPACKING pc=0x000001b5ab177ba2 sp=0x0000005b6fdf6fe8 mode 2

Classes loaded (20 events):
Event: 4.201 Loading class java/lang/invoke/BoundMethodHandle$Species_LLLILL
Event: 4.201 Loading class java/lang/invoke/BoundMethodHandle$Species_LLLILL done
Event: 4.292 Loading class java/util/Collections$SynchronizedRandomAccessList
Event: 4.292 Loading class java/util/Collections$SynchronizedList
Event: 4.292 Loading class java/util/Collections$SynchronizedList done
Event: 4.292 Loading class java/util/Collections$SynchronizedRandomAccessList done
Event: 4.363 Loading class java/nio/charset/UnsupportedCharsetException
Event: 4.363 Loading class java/nio/charset/UnsupportedCharsetException done
Event: 4.364 Loading class java/util/Collections$UnmodifiableSortedMap
Event: 4.364 Loading class java/util/Collections$UnmodifiableSortedMap done
Event: 4.365 Loading class java/util/zip/Deflater
Event: 4.366 Loading class java/util/zip/Deflater done
Event: 4.366 Loading class java/util/zip/Deflater$DeflaterZStreamRef
Event: 4.366 Loading class java/util/zip/Deflater$DeflaterZStreamRef done
Event: 4.368 Loading class java/util/zip/ZipFile$ZipEntryIterator
Event: 4.368 Loading class java/util/zip/ZipFile$ZipEntryIterator done
Event: 4.382 Loading class java/nio/StringCharBuffer
Event: 4.383 Loading class java/nio/StringCharBuffer done
Event: 5.225 Loading class java/util/regex/Pattern$Caret
Event: 5.225 Loading class java/util/regex/Pattern$Caret done

Classes unloaded (12 events):
Event: 4.565 Thread 0x000001b5bb79bc30 Unloading class 0x00000008009bc948 '_BuildScript_$_run_closure1$_closure2'
Event: 4.565 Thread 0x000001b5bb79bc30 Unloading class 0x00000008009bc528 '_BuildScript_$_run_closure1'
Event: 4.565 Thread 0x000001b5bb79bc30 Unloading class 0x00000008009bc000 '_BuildScript_'
Event: 6.239 Thread 0x000001b5bb79bc30 Unloading class 0x00000008009e55a8 '_BuildScript_$_run_closure1$_closure3'
Event: 6.239 Thread 0x000001b5bb79bc30 Unloading class 0x00000008009e5188 '_BuildScript_$_run_closure1$_closure2'
Event: 6.239 Thread 0x000001b5bb79bc30 Unloading class 0x00000008009e4d68 '_BuildScript_$_run_closure1'
Event: 6.239 Thread 0x000001b5bb79bc30 Unloading class 0x00000008009e4840 '_BuildScript_'
Event: 6.239 Thread 0x000001b5bb79bc30 Unloading class 0x00000008009e4420 'JetGradlePlugin$_apply_closure1$_closure2$_closure3'
Event: 6.239 Thread 0x000001b5bb79bc30 Unloading class 0x00000008009e4000 'JetGradlePlugin$_apply_closure1$_closure2'
Event: 6.239 Thread 0x000001b5bb79bc30 Unloading class 0x00000008009da2d0 'JetGradlePlugin$_apply_closure1'
Event: 6.239 Thread 0x000001b5bb79bc30 Unloading class 0x00000008009da000 'JetGradlePlugin'
Event: 6.239 Thread 0x000001b5bb79bc30 Unloading class 0x00000008009d9c00 'RegistryProcessor'

Classes redefined (0 events):
No events

Internal exceptions (20 events):
Event: 4.289 Thread 0x000001b5c2b187c0 Exception <a 'sun/nio/fs/WindowsException'{0x00000007095c99c8}> (0x00000007095c99c8) 
thrown [s\src\hotspot\share\prims\jni.cpp, line 537]
Event: 4.289 Thread 0x000001b5c2b187c0 Exception <a 'sun/nio/fs/WindowsException'{0x00000007095cb4b8}> (0x00000007095cb4b8) 
thrown [s\src\hotspot\share\prims\jni.cpp, line 537]
Event: 4.289 Thread 0x000001b5c2b187c0 Exception <a 'sun/nio/fs/WindowsException'{0x00000007095ccf68}> (0x00000007095ccf68) 
thrown [s\src\hotspot\share\prims\jni.cpp, line 537]
Event: 4.289 Thread 0x000001b5c2b187c0 Exception <a 'sun/nio/fs/WindowsException'{0x00000007095cea48}> (0x00000007095cea48) 
thrown [s\src\hotspot\share\prims\jni.cpp, line 537]
Event: 4.290 Thread 0x000001b5c2b187c0 Exception <a 'java/lang/NoSuchMethodError'{0x00000007095e8920}: 'java.lang.Object java.lang.invoke.Invokers$Holder.invoker(java.lang.Object, java.lang.Object, java.lang.Object, java.lang.Object, java.lang.Object, java.lang.Object)'> (0x00000007095e8920) 
thrown [s\src\hotspot\share\interpreter\linkResolver.cpp, line 784]
Event: 4.295 Thread 0x000001b5c2b187c0 Exception <a 'sun/nio/fs/WindowsException'{0x000000070927ee60}> (0x000000070927ee60) 
thrown [s\src\hotspot\share\prims\jni.cpp, line 537]
Event: 4.296 Thread 0x000001b5c2b187c0 Exception <a 'java/lang/NoSuchMethodError'{0x0000000709289278}: 'java.lang.Object java.lang.invoke.DirectMethodHandle$Holder.invokeSpecial(java.lang.Object, java.lang.Object, java.lang.Object, java.lang.Object, java.lang.Object, java.lang.Object, java.lang.Object, java.lang.Object, java.lang.Object, java.lang.Object, java.lang.Object, java.lang.Object, java.lang.Object, java.lang.Object, java.lang.Object, java.lang.Object, java.lang.Object, java.lang.Object, java.lang.Object, java.lang.Object, java.lang.Ob
Event: 4.296 Thread 0x000001b5c2b187c0 Exception <a 'java/lang/NoSuchMethodError'{0x000000070928f840}: 'java.lang.Object java.lang.invoke.DelegatingMethodHandle$Holder.reinvoke_L(java.lang.Object, java.lang.Object, java.lang.Object, java.lang.Object, java.lang.Object, java.lang.Object, java.lang.Object, java.lang.Object, java.lang.Object, java.lang.Object, java.lang.Object, java.lang.Object, java.lang.Object, java.lang.Object, java.lang.Object, java.lang.Object, java.lang.Object, java.lang.Object, java.lang.Object, java.lang.Object, java.lang.O
Event: 4.296 Thread 0x000001b5c2b187c0 Exception <a 'java/lang/NoSuchMethodError'{0x000000070929abe8}: 'java.lang.Object java.lang.invoke.Invokers$Holder.invoker(java.lang.Object, java.lang.Object, java.lang.Object, java.lang.Object, java.lang.Object, java.lang.Object, java.lang.Object, java.lang.Object, java.lang.Object, java.lang.Object, java.lang.Object, java.lang.Object, java.lang.Object, java.lang.Object, java.lang.Object, java.lang.Object, java.lang.Object, java.lang.Object, java.lang.Object, java.lang.Object, java.lang.Object, java.lang.
Event: 4.296 Thread 0x000001b5c2b187c0 Exception <a 'java/lang/NoSuchMethodError'{0x00000007092a17b0}: 'java.lang.Object java.lang.invoke.DelegatingMethodHandle$Holder.delegate(java.lang.Object, java.lang.Object, java.lang.Object, java.lang.Object, java.lang.Object, java.lang.Object, java.lang.Object, java.lang.Object, java.lang.Object, java.lang.Object, java.lang.Object, java.lang.Object, java.lang.Object, java.lang.Object, java.lang.Object, java.lang.Object, java.lang.Object, java.lang.Object, java.lang.Object, java.lang.Object, java.lang.Obj
Event: 4.300 Thread 0x000001b5c2b187c0 Exception <a 'sun/nio/fs/WindowsException'{0x00000007093c8610}> (0x00000007093c8610) 
thrown [s\src\hotspot\share\prims\jni.cpp, line 537]
Event: 4.311 Thread 0x000001b5c2b187c0 Exception <a 'java/lang/NoSuchMethodError'{0x00000007090f0238}: 'java.lang.Object java.lang.invoke.DirectMethodHandle$Holder.newInvokeSpecial(java.lang.Object, java.lang.Object, java.lang.Object, java.lang.Object, java.lang.Object, java.lang.Object, int)'> (0x00000007090f0238) 
thrown [s\src\hotspot\share\interpreter\linkResolver.cpp, line 784]
Event: 4.311 Thread 0x000001b5c2b187c0 Exception <a 'java/lang/NoSuchMethodError'{0x00000007090f4e38}: 'java.lang.Object java.lang.invoke.DirectMethodHandle$Holder.invokeSpecial(java.lang.Object, java.lang.Object, java.lang.Object, java.lang.Object, java.lang.Object, java.lang.Object, java.lang.Object, int)'> (0x00000007090f4e38) 
thrown [s\src\hotspot\share\interpreter\linkResolver.cpp, line 784]
Event: 4.311 Thread 0x000001b5c2b187c0 Exception <a 'java/lang/NoSuchMethodError'{0x00000007090f92a8}: 'java.lang.Object java.lang.invoke.Invokers$Holder.linkToTargetMethod(java.lang.Object, java.lang.Object, java.lang.Object, java.lang.Object, java.lang.Object, int, java.lang.Object)'> (0x00000007090f92a8) 
thrown [s\src\hotspot\share\interpreter\linkResolver.cpp, line 784]
Event: 4.351 Thread 0x000001b5c2b187c0 Exception <a 'sun/nio/fs/WindowsException'{0x000000070736ff58}> (0x000000070736ff58) 
thrown [s\src\hotspot\share\prims\jni.cpp, line 537]
Event: 4.357 Thread 0x000001b5c2b187c0 Exception <a 'sun/nio/fs/WindowsException'{0x00000007070505a8}> (0x00000007070505a8) 
thrown [s\src\hotspot\share\prims\jni.cpp, line 537]
Event: 4.358 Thread 0x000001b5c2b187c0 Exception <a 'sun/nio/fs/WindowsException'{0x0000000707052480}> (0x0000000707052480) 
thrown [s\src\hotspot\share\prims\jni.cpp, line 537]
Event: 4.358 Thread 0x000001b5c2b187c0 Exception <a 'sun/nio/fs/WindowsException'{0x0000000707053db0}> (0x0000000707053db0) 
thrown [s\src\hotspot\share\prims\jni.cpp, line 537]
Event: 4.368 Thread 0x000001b5c2b187c0 Implicit null exception at 0x000001b5abad45f6 to 0x000001b5abad5158
Event: 5.499 Thread 0x000001b5c2b187c0 Implicit null exception at 0x000001b5abdb2f43 to 0x000001b5abdb40bc

ZGC Phase Switch (0 events):
No events

VM Operations (20 events):
Event: 6.251 Executing VM operation: G1PauseCleanup done
Event: 6.315 Executing VM operation: G1CollectForAllocation (G1 Evacuation Pause)
Event: 6.319 Executing VM operation: G1CollectForAllocation (G1 Evacuation Pause) done
Event: 6.427 Executing VM operation: G1CollectForAllocation (G1 Evacuation Pause)
Event: 6.433 Executing VM operation: G1CollectForAllocation (G1 Evacuation Pause) done
Event: 6.590 Executing VM operation: G1CollectForAllocation (G1 Evacuation Pause)
Event: 6.594 Executing VM operation: G1CollectForAllocation (G1 Evacuation Pause) done
Event: 6.725 Executing VM operation: G1CollectForAllocation (G1 Evacuation Pause)
Event: 6.729 Executing VM operation: G1CollectForAllocation (G1 Evacuation Pause) done
Event: 6.854 Executing VM operation: G1CollectForAllocation (G1 Evacuation Pause)
Event: 6.861 Executing VM operation: G1CollectForAllocation (G1 Evacuation Pause) done
Event: 6.987 Executing VM operation: G1CollectForAllocation (G1 Evacuation Pause)
Event: 6.993 Executing VM operation: G1CollectForAllocation (G1 Evacuation Pause) done
Event: 7.174 Executing VM operation: G1CollectForAllocation (G1 Evacuation Pause)
Event: 7.180 Executing VM operation: G1CollectForAllocation (G1 Evacuation Pause) done
Event: 7.337 Executing VM operation: G1CollectForAllocation (G1 Evacuation Pause)
Event: 7.344 Executing VM operation: G1CollectForAllocation (G1 Evacuation Pause) done
Event: 7.535 Executing VM operation: G1CollectForAllocation (G1 Evacuation Pause)
Event: 7.543 Executing VM operation: G1CollectForAllocation (G1 Evacuation Pause) done
Event: 7.746 Executing VM operation: G1CollectForAllocation (G1 Evacuation Pause)

Memory protections (0 events):
No events

Nmethod flushes (20 events):
Event: 6.243 Thread 0x000001b5bb79bc30 flushing  nmethod 0x000001b5a4b63c90
Event: 6.243 Thread 0x000001b5bb79bc30 flushing  nmethod 0x000001b5ab9bc610
Event: 6.243 Thread 0x000001b5bb79bc30 flushing  nmethod 0x000001b5abdd8890
Event: 6.243 Thread 0x000001b5bb79bc30 flushing  nmethod 0x000001b5abdde190
Event: 6.243 Thread 0x000001b5bb79bc30 flushing  nmethod 0x000001b5a3fdb790
Event: 6.243 Thread 0x000001b5bb79bc30 flushing  nmethod 0x000001b5a477f090
Event: 6.243 Thread 0x000001b5bb79bc30 flushing  nmethod 0x000001b5a4a7b290
Event: 6.243 Thread 0x000001b5bb79bc30 flushing  nmethod 0x000001b5a4b41190
Event: 6.243 Thread 0x000001b5bb79bc30 flushing  nmethod 0x000001b5a4b11d10
Event: 6.243 Thread 0x000001b5bb79bc30 flushing  nmethod 0x000001b5abd97610
Event: 6.243 Thread 0x000001b5bb79bc30 flushing  nmethod 0x000001b5abd9a790
Event: 6.243 Thread 0x000001b5bb79bc30 flushing  nmethod 0x000001b5abda0390
Event: 6.243 Thread 0x000001b5bb79bc30 flushing  nmethod 0x000001b5a423b190
Event: 6.243 Thread 0x000001b5bb79bc30 flushing  nmethod 0x000001b5a4797510
Event: 6.243 Thread 0x000001b5bb79bc30 flushing  nmethod 0x000001b5a474bb90
Event: 6.243 Thread 0x000001b5bb79bc30 flushing  nmethod 0x000001b5a4825d90
Event: 6.243 Thread 0x000001b5bb79bc30 flushing  nmethod 0x000001b5a4af1810
Event: 6.243 Thread 0x000001b5bb79bc30 flushing  nmethod 0x000001b5a4af2e10
Event: 6.243 Thread 0x000001b5bb79bc30 flushing  nmethod 0x000001b5a4afd590
Event: 6.243 Thread 0x000001b5bb79bc30 flushing  nmethod 0x000001b5a4b9fc10

Events (20 events):
Event: 3.928 Thread 0x000001b5c2b187c0 Thread added: 0x000001b5c3122f20
Event: 3.928 Thread 0x000001b5c2b187c0 Thread added: 0x000001b5c6378ba0
Event: 3.928 Thread 0x000001b5c2b187c0 Thread added: 0x000001b5c6376ad0
Event: 3.929 Thread 0x000001b5c2b187c0 Thread added: 0x000001b5c6378510
Event: 3.929 Thread 0x000001b5c2b187c0 Thread added: 0x000001b5c6379230
Event: 3.937 Thread 0x000001b5c2b187c0 Thread added: 0x000001b5c6379f50
Event: 3.938 Thread 0x000001b5c2b187c0 Thread added: 0x000001b5c637a5e0
Event: 3.938 Thread 0x000001b5c2b187c0 Thread added: 0x000001b5c6377160
Event: 3.938 Thread 0x000001b5c2b187c0 Thread added: 0x000001b5c63777f0
Event: 3.938 Thread 0x000001b5c2b187c0 Thread added: 0x000001b5c637ac70
Event: 3.938 Thread 0x000001b5c2b187c0 Thread added: 0x000001b5c637b300
Event: 3.938 Thread 0x000001b5c2b187c0 Thread added: 0x000001b5c6377e80
Event: 3.939 Thread 0x000001b5c2b187c0 Thread added: 0x000001b5c637da60
Event: 3.939 Thread 0x000001b5c2b187c0 Thread added: 0x000001b5c637b990
Event: 3.939 Thread 0x000001b5c2b187c0 Thread added: 0x000001b5c637c020
Event: 3.939 Thread 0x000001b5c2b187c0 Thread added: 0x000001b5c637e0f0
Event: 3.939 Thread 0x000001b5c2b187c0 Thread added: 0x000001b5c637c6b0
Event: 6.615 Thread 0x000001b5c0032b90 Thread exited: 0x000001b5c0032b90
Event: 6.912 Thread 0x000001b5c0031050 Thread exited: 0x000001b5c0031050
Event: 7.686 Thread 0x000001b5bb8191d0 Thread added: 0x000001b5c74265a0


Dynamic libraries:
0x00007ff777020000 - 0x00007ff77702a000 	C:\Program Files\Android\Android Studio\jbr\bin\java.exe
0x00007ffbb8a20000 - 0x00007ffbb8c87000 	C:\WINDOWS\SYSTEM32\ntdll.dll
0x00007ffbb7960000 - 0x00007ffbb7a29000 	C:\WINDOWS\System32\KERNEL32.DLL
0x00007ffbb5660000 - 0x00007ffbb5a51000 	C:\WINDOWS\System32\KERNELBASE.dll
0x00007ffbb5a60000 - 0x00007ffbb5bab000 	C:\WINDOWS\System32\ucrtbase.dll
0x00007ffbb0a60000 - 0x00007ffbb0a7b000 	C:\Program Files\Android\Android Studio\jbr\bin\VCRUNTIME140.dll
0x00007ffba91c0000 - 0x00007ffba91d8000 	C:\Program Files\Android\Android Studio\jbr\bin\jli.dll
0x00007ffbb76f0000 - 0x00007ffbb78b5000 	C:\WINDOWS\System32\USER32.dll
0x00007ffba4ed0000 - 0x00007ffba5163000 	C:\WINDOWS\WinSxS\amd64_microsoft.windows.common-controls_6595b64144ccf1df_6.0.26100.7922_none_3e089e1ee3342171\COMCTL32.dll
0x00007ffbb54e0000 - 0x00007ffbb5507000 	C:\WINDOWS\System32\win32u.dll
0x00007ffbb82a0000 - 0x00007ffbb8349000 	C:\WINDOWS\System32\msvcrt.dll
0x00007ffbb6aa0000 - 0x00007ffbb6acb000 	C:\WINDOWS\System32\GDI32.dll
0x00007ffbb53b0000 - 0x00007ffbb54da000 	C:\WINDOWS\System32\gdi32full.dll
0x00007ffbb5bb0000 - 0x00007ffbb5c53000 	C:\WINDOWS\System32\msvcp_win.dll
0x00007ffbb6f40000 - 0x00007ffbb6f71000 	C:\WINDOWS\System32\IMM32.DLL
0x00007ffbb0c50000 - 0x00007ffbb0c5c000 	C:\Program Files\Android\Android Studio\jbr\bin\vcruntime140_1.dll
0x00007ffb9cc20000 - 0x00007ffb9ccad000 	C:\Program Files\Android\Android Studio\jbr\bin\msvcp140.dll
0x00007ffb6bff0000 - 0x00007ffb6cc86000 	C:\Program Files\Android\Android Studio\jbr\bin\server\jvm.dll
0x00007ffbb7a30000 - 0x00007ffbb7aeb000 	C:\WINDOWS\System32\ADVAPI32.dll
0x00007ffbb6c70000 - 0x00007ffbb6d17000 	C:\WINDOWS\System32\sechost.dll
0x00007ffbb8180000 - 0x00007ffbb8298000 	C:\WINDOWS\System32\RPCRT4.dll
0x00007ffbb6a10000 - 0x00007ffbb6a84000 	C:\WINDOWS\System32\WS2_32.dll
0x00007ffbb5160000 - 0x00007ffbb51be000 	C:\WINDOWS\SYSTEM32\POWRPROF.dll
0x00007ffbac470000 - 0x00007ffbac4a5000 	C:\WINDOWS\SYSTEM32\WINMM.dll
0x00007ffbab260000 - 0x00007ffbab26b000 	C:\WINDOWS\SYSTEM32\VERSION.dll
0x00007ffbb5140000 - 0x00007ffbb5154000 	C:\WINDOWS\SYSTEM32\UMPDC.dll
0x00007ffbb4050000 - 0x00007ffbb406b000 	C:\WINDOWS\SYSTEM32\kernel.appcore.dll
0x00007ffbb0420000 - 0x00007ffbb042a000 	C:\Program Files\Android\Android Studio\jbr\bin\jimage.dll
0x00007ffbab470000 - 0x00007ffbab6b2000 	C:\WINDOWS\SYSTEM32\DBGHELP.DLL
0x00007ffbb7af0000 - 0x00007ffbb7e72000 	C:\WINDOWS\System32\combase.dll
0x00007ffbb6e50000 - 0x00007ffbb6f27000 	C:\WINDOWS\System32\OLEAUT32.dll
0x00007ffba11d0000 - 0x00007ffba120b000 	C:\WINDOWS\SYSTEM32\dbgcore.DLL
0x00007ffbb5300000 - 0x00007ffbb53a5000 	C:\WINDOWS\System32\bcryptPrimitives.dll
0x00007ffba7c60000 - 0x00007ffba7c6e000 	C:\Program Files\Android\Android Studio\jbr\bin\instrument.dll
0x00007ffbb0400000 - 0x00007ffbb0420000 	C:\Program Files\Android\Android Studio\jbr\bin\java.dll
0x00007ffbafa60000 - 0x00007ffbafa78000 	C:\Program Files\Android\Android Studio\jbr\bin\zip.dll
0x00007ffbb6f80000 - 0x00007ffbb76df000 	C:\WINDOWS\System32\SHELL32.dll
0x00007ffbb64d0000 - 0x00007ffbb663a000 	C:\WINDOWS\System32\wintypes.dll
0x00007ffbb5c60000 - 0x00007ffbb64c4000 	C:\WINDOWS\System32\windows.storage.dll
0x00007ffbb6ad0000 - 0x00007ffbb6bc7000 	C:\WINDOWS\System32\SHCORE.dll
0x00007ffbb69a0000 - 0x00007ffbb6a07000 	C:\WINDOWS\System32\shlwapi.dll
0x00007ffbb5220000 - 0x00007ffbb5249000 	C:\WINDOWS\SYSTEM32\profapi.dll
0x00007ffbafa50000 - 0x00007ffbafa60000 	C:\Program Files\Android\Android Studio\jbr\bin\net.dll
0x00007ffbac4e0000 - 0x00007ffbac607000 	C:\WINDOWS\SYSTEM32\WINHTTP.dll
0x00007ffbb45a0000 - 0x00007ffbb460b000 	C:\WINDOWS\system32\mswsock.dll
0x00007ffba8240000 - 0x00007ffba8256000 	C:\Program Files\Android\Android Studio\jbr\bin\nio.dll
0x00007ffbb0430000 - 0x00007ffbb0440000 	C:\Program Files\Android\Android Studio\jbr\bin\verify.dll
0x00007ffba61f0000 - 0x00007ffba6217000 	C:\Users\usuario\.gradle\native\660c5614fbf4a5f2a75b1949f50a0caf5cd603558e7d8a26e50b933a0cfb79d1\windows-amd64\native-platform.dll
0x00007ffb9cba0000 - 0x00007ffb9cc17000 	C:\Users\usuario\.gradle\native\0.2.8\x86_64-windows-gnu\gradle-fileevents.dll
0x00007ffba8230000 - 0x00007ffba8239000 	C:\Program Files\Android\Android Studio\jbr\bin\management.dll
0x00007ffba7ff0000 - 0x00007ffba7ffb000 	C:\Program Files\Android\Android Studio\jbr\bin\management_ext.dll
0x00007ffbb6a90000 - 0x00007ffbb6a98000 	C:\WINDOWS\System32\PSAPI.DLL
0x00007ffbb3a40000 - 0x00007ffbb3a73000 	C:\WINDOWS\SYSTEM32\IPHLPAPI.DLL
0x00007ffbb6bd0000 - 0x00007ffbb6bda000 	C:\WINDOWS\System32\NSI.dll
0x00007ffbafa40000 - 0x00007ffbafa49000 	C:\Program Files\Android\Android Studio\jbr\bin\extnet.dll
0x00007ffbb49a0000 - 0x00007ffbb49bb000 	C:\WINDOWS\SYSTEM32\CRYPTSP.dll
0x00007ffbb3fb0000 - 0x00007ffbb3fe9000 	C:\WINDOWS\system32\rsaenh.dll
0x00007ffbb4650000 - 0x00007ffbb4682000 	C:\WINDOWS\SYSTEM32\USERENV.dll
0x00007ffbb51f0000 - 0x00007ffbb521a000 	C:\WINDOWS\SYSTEM32\bcrypt.dll
0x00007ffbb4800000 - 0x00007ffbb480c000 	C:\WINDOWS\SYSTEM32\CRYPTBASE.dll
0x00007ffb81550000 - 0x00007ffb81558000 	C:\WINDOWS\system32\wshunix.dll

JVMTI agents:
C:\Users\usuario\.gradle\wrapper\dists\gradle-9.3.1-bin\23ovyewtku6u96viwx3xl3oks\gradle-9.3.1\lib\agents\gradle-instrumentation-agent-9.3.1.jar path:C:\Program Files\Android\Android Studio\jbr\bin\instrument.dll, loaded, initialized, instrumentlib options:none

dbghelp: loaded successfully - version: 4.0.5 - missing functions: none
symbol engine: initialized successfully - sym options: 0x614 - pdb path: .;C:\Program Files\Android\Android Studio\jbr\bin;C:\WINDOWS\SYSTEM32;C:\WINDOWS\WinSxS\amd64_microsoft.windows.common-controls_6595b64144ccf1df_6.0.26100.7922_none_3e089e1ee3342171;C:\Program Files\Android\Android Studio\jbr\bin\server;C:\Users\usuario\.gradle\native\660c5614fbf4a5f2a75b1949f50a0caf5cd603558e7d8a26e50b933a0cfb79d1\windows-amd64;C:\Users\usuario\.gradle\native\0.2.8\x86_64-windows-gnu

VM Arguments:
jvm_args: --add-opens=java.base/java.lang=ALL-UNNAMED --add-opens=java.base/java.lang.invoke=ALL-UNNAMED --add-opens=java.base/java.util=ALL-UNNAMED --add-opens=java.prefs/java.util.prefs=ALL-UNNAMED --add-exports=jdk.compiler/com.sun.tools.javac.api=ALL-UNNAMED --add-exports=jdk.compiler/com.sun.tools.javac.util=ALL-UNNAMED --add-opens=java.base/java.util=ALL-UNNAMED --add-opens=java.prefs/java.util.prefs=ALL-UNNAMED --add-opens=java.base/java.nio.charset=ALL-UNNAMED --add-opens=java.base/java.net=ALL-UNNAMED --add-opens=java.base/java.util.concurrent=ALL-UNNAMED --add-opens=java.base/java.util.concurrent.atomic=ALL-UNNAMED --add-opens=java.xml/javax.xml.namespace=ALL-UNNAMED --add-opens=java.base/java.time=ALL-UNNAMED -XX:MaxMetaspaceSize=1g -XX:+HeapDumpOnOutOfMemoryError -Xmx4g -Dfile.encoding=UTF-8 -Duser.country=PE -Duser.language=es -Duser.variant -javaagent:C:\Users\usuario\.gradle\wrapper\dists\gradle-9.3.1-bin\23ovyewtku6u96viwx3xl3oks\gradle-9.3.1\lib\agents\gradle-instrumentation-agent-9.3.1.jar 
java_command: org.gradle.launcher.daemon.bootstrap.GradleDaemon 9.3.1
java_class_path (initial): C:\Users\usuario\.gradle\wrapper\dists\gradle-9.3.1-bin\23ovyewtku6u96viwx3xl3oks\gradle-9.3.1\lib\gradle-daemon-main-9.3.1.jar
Launcher Type: SUN_STANDARD

[Global flags]
     intx CICompilerCount                          = 12                                        {product} {ergonomic}
   size_t CompressedClassSpaceSize                 = 872415232                                 {product} {ergonomic}
     uint ConcGCThreads                            = 3                                         {product} {ergonomic}
     uint G1ConcRefinementThreads                  = 13                                        {product} {ergonomic}
   size_t G1HeapRegionSize                         = 2097152                                   {product} {ergonomic}
    uintx GCDrainStackTargetSize                   = 64                                        {product} {ergonomic}
     bool HeapDumpOnOutOfMemoryError               = true                                   {manageable} {command line}
   size_t InitialHeapSize                          = 257949696                                 {product} {ergonomic}
   size_t MarkStackSize                            = 4194304                                   {product} {ergonomic}
   size_t MaxHeapSize                              = 4294967296                                {product} {command line}
   size_t MaxMetaspaceSize                         = 1073741824                                {product} {command line}
   size_t MaxNewSize                               = 2575302656                                {product} {ergonomic}
   size_t MinHeapDeltaBytes                        = 2097152                                   {product} {ergonomic}
   size_t MinHeapSize                              = 8388608                                   {product} {ergonomic}
    uintx NonNMethodCodeHeapSize                   = 7602480                                {pd product} {ergonomic}
    uintx NonProfiledCodeHeapSize                  = 122027880                              {pd product} {ergonomic}
    uintx ProfiledCodeHeapSize                     = 122027880                              {pd product} {ergonomic}
    uintx ReservedCodeCacheSize                    = 251658240                              {pd product} {ergonomic}
     bool SegmentedCodeCache                       = true                                      {product} {ergonomic}
   size_t SoftMaxHeapSize                          = 4294967296                             {manageable} {ergonomic}
     bool UseCompressedOops                        = true                           {product lp64_product} {ergonomic}
     bool UseG1GC                                  = true                                      {product} {ergonomic}
     bool UseLargePagesIndividualAllocation        = false                                  {pd product} {ergonomic}

Logging:
Log output configuration:
 #0: stdout all=warning uptime,level,tags foldmultilines=false
 #1: stderr all=off uptime,level,tags foldmultilines=false

Release file:
JAVA_VERSION="21.0.9" 
MODULES="java.base java.compiler java.datatransfer java.xml java.prefs java.desktop java.instrument java.logging java.management java.security.sasl java.naming java.rmi java.management.rmi java.net.http java.scripting java.security.jgss java.transaction.xa java.sql java.sql.rowset java.xml.crypto java.se java.smartcardio jdk.accessibility jdk.internal.jvmstat jdk.attach jdk.charsets jdk.internal.opt jdk.zipfs jdk.compiler jdk.crypto.ec jdk.crypto.cryptoki jdk.dynalink jdk.hotspot.agent jdk.httpserver jdk.internal.ed jdk.internal.le jdk.internal.vm.ci jdk.jartool jdk.javadoc jdk.jcmd jdk.jdeps jdk.jdwp.agent jdk.jdi jdk.jfr jdk.jlink jdk.jsobject jdk.localedata jdk.management jdk.management.agent jdk.management.jfr jdk.naming.dns jdk.naming.rmi jdk.net jdk.sctp jdk.security.auth jdk.security.jgss jdk.unsupported jdk.unsupported.desktop jdk.xml.dom" 
IMPLEMENTOR="JetBrains s.r.o." 
JAVA_RUNTIME_VERSION="21.0.9+-14787801-b1163.94" 
LIBC="default" 
OS_ARCH="x86_64" 
OS_NAME="Windows" 
SOURCE=".:git:0c757ddc9f2f" 

Environment Variables:
PATH=C:\Program Files (x86)\Common Files\Oracle\Java\java8path;C:\Program Files (x86)\Common Files\Oracle\Java\javapath;C:\Program Files\Python313\Scripts\;C:\Program Files\Python313\;C:\WINDOWS\system32;C:\WINDOWS;C:\WINDOWS\System32\Wbem;C:\WINDOWS\System32\WindowsPowerShell\v1.0\;C:\WINDOWS\System32\OpenSSH\;C:\Users\usuario\AppData\Roaming\Python\Python313t\Scripts;C:\Program Files\Git\cmd;C:\Users\usuario\AppData\Local\Programs\Python\Launcher\;C:\Users\usuario\AppData\Local\Microsoft\WindowsApps;C:\Users\usuario\AppData\Local\Programs\Microsoft VS Code\bin;C:\Users\usuario\AppData\Local\Programs\Antigravity\bin
USERNAME=usuario
OS=Windows_NT
PROCESSOR_IDENTIFIER=AMD64 Family 25 Model 117 Stepping 2, AuthenticAMD
TMP=C:\Users\usuario\AppData\Local\Temp
TEMP=C:\Users\usuario\AppData\Local\Temp




Periodic native trim disabled

JNI global refs:
JNI global refs: 35, weak refs: 0

JNI global refs memory usage: 835, weak refs: 833

Process memory usage:
Resident Set Size: 773196K (4% of 16103236K total physical memory with 1018788K free physical memory)

OOME stack traces (most recent first):
Classloader memory used:
Loader org.gradle.internal.classloader.VisitableURLClassLoader                         : 36585K
Loader bootstrap                                                                       : 22635K
Loader org.gradle.initialization.MixInLegacyTypesClassLoader                           : 6761K
Loader org.gradle.internal.classloader.VisitableURLClassLoader                         : 764K
Loader org.gradle.internal.classloader.VisitableURLClassLoader$InstrumentingVisitableURLClassLoader: 587K
Loader jdk.internal.loader.ClassLoaders$PlatformClassLoader                            : 465K
Loader jdk.internal.loader.ClassLoaders$AppClassLoader                                 : 229K
Loader jdk.internal.reflect.DelegatingClassLoader                                      : 199K
Loader org.gradle.groovy.scripts.internal.DefaultScriptCompilationHandler$ScriptClassLoader: 92504B

Classes loaded by more than one classloader:
Class org.gradle.internal.IoActions                                                   : loaded 3 times (x 71B)
Class org.gradle.api.Action                                                           : loaded 3 times (x 70B)
Class org.gradle.api.GradleException                                                  : loaded 3 times (x 82B)
Class org.gradle.api.internal.classpath.ManifestUtil                                  : loaded 2 times (x 71B)
Class com.google.common.collect.UnmodifiableListIterator                              : loaded 2 times (x 95B)
Class org.gradle.internal.operations.MultipleBuildOperationFailures                   : loaded 2 times (x 95B)
Class org.gradle.internal.classloader.DefaultClassLoaderFactory                       : loaded 2 times (x 82B)
Class kotlin.collections.AbstractList$Companion                                       : loaded 2 times (x 71B)
Class org.gradle.internal.classloader.ClassLoaderVisitor                              : loaded 2 times (x 76B)
Class org.gradle.api.internal.classpath.EffectiveClassPath                            : loaded 2 times (x 90B)
Class org.gradle.api.internal.DefaultClassPathProvider                                : loaded 2 times (x 76B)
Class [Lorg.gradle.api.internal.ClassPathProvider;                                    : loaded 2 times (x 69B)
Class org.gradle.api.internal.ClassPathProvider                                       : loaded 2 times (x 70B)
Class org.gradle.internal.service.UnknownServiceException                             : loaded 2 times (x 83B)
Class org.gradle.internal.classpath.TransformedClassPath                              : loaded 2 times (x 96B)
Class org.gradle.internal.classloader.InstrumentingClassLoader                        : loaded 2 times (x 70B)
Class com.google.common.collect.Iterators$ArrayItr                                    : loaded 2 times (x 97B)
Class kotlin.enums.EnumEntriesList                                                    : loaded 2 times (x 223B)
Class com.google.common.collect.UnmodifiableIterator                                  : loaded 2 times (x 80B)
Class org.gradle.internal.service.ServiceLocator                                      : loaded 2 times (x 70B)
Class com.google.common.collect.Iterators$SingletonIterator                           : loaded 2 times (x 81B)
Class com.google.common.collect.Iterators                                             : loaded 2 times (x 71B)
Class com.google.common.collect.Lists$StringAsImmutableList                           : loaded 2 times (x 207B)
Class ijInit2_7bvni7c5usi662s0dlaek105p                                               : loaded 2 times (x 171B)
Class org.gradle.internal.time.DefaultTimer                                           : loaded 2 times (x 80B)
Class org.gradle.internal.classloader.ClasspathUtil$1                                 : loaded 2 times (x 76B)
Class org.gradle.api.internal.classpath.DefaultModuleRegistry$DefaultModule           : loaded 2 times (x 86B)
Class com.google.common.collect.AbstractIterator                                      : loaded 2 times (x 82B)
Class com.google.common.collect.AbstractIndexedListIterator                           : loaded 2 times (x 96B)
Class org.gradle.internal.time.DefaultCountdownTimer                                  : loaded 2 times (x 88B)
Class org.gradle.api.internal.classpath.Module                                        : loaded 2 times (x 70B)
Class org.gradle.api.internal.classpath.UnknownModuleException                        : loaded 2 times (x 82B)
Class org.gradle.api.internal.DefaultClassPathRegistry                                : loaded 2 times (x 76B)
Class org.gradle.api.internal.ClassPathRegistry                                       : loaded 2 times (x 70B)
Class org.gradle.internal.classpath.DefaultClassPath$ImmutableUniqueList              : loaded 2 times (x 199B)
Class org.gradle.internal.classpath.ClassPath                                         : loaded 2 times (x 70B)
Class org.gradle.internal.classloader.ClassLoaderHierarchy                            : loaded 2 times (x 70B)
Class kotlin.UninitializedPropertyAccessException                                     : loaded 2 times (x 82B)
Class com.google.common.collect.Iterators$4                                           : loaded 2 times (x 82B)
Class org.gradle.api.internal.classpath.ModuleRegistry                                : loaded 2 times (x 70B)
Class org.gradle.internal.installation.GradleInstallation$1                           : loaded 2 times (x 75B)
Class com.google.common.collect.Iterators$5                                           : loaded 2 times (x 82B)
Class com.google.common.collect.ImmutableCollection                                   : loaded 2 times (x 125B)
Class org.gradle.api.internal.classpath.DefaultModuleRegistry                         : loaded 2 times (x 86B)
Class com.google.common.collect.Lists                                                 : loaded 2 times (x 71B)
Class com.google.common.collect.Iterators$9                                           : loaded 2 times (x 81B)
Class org.gradle.internal.time.MonotonicClock                                         : loaded 2 times (x 77B)
Class org.gradle.internal.service.ServiceLookupException                              : loaded 2 times (x 82B)
Class org.gradle.internal.classloader.ClassLoaderFactory                              : loaded 2 times (x 70B)
Class org.gradle.internal.service.CachingServiceLocator                               : loaded 2 times (x 82B)
Class org.gradle.internal.time.TimeSource                                             : loaded 2 times (x 70B)
Class kotlin.enums.EnumEntries                                                        : loaded 2 times (x 70B)
Class org.gradle.internal.exceptions.ResolutionProvider                               : loaded 2 times (x 70B)
Class org.gradle.internal.classloader.ClasspathUtil                                   : loaded 2 times (x 71B)
Class org.gradle.internal.time.TimeSource$1                                           : loaded 2 times (x 77B)
Class kotlin.jvm.internal.DefaultConstructorMarker                                    : loaded 2 times (x 71B)
Class org.gradle.api.specs.Spec                                                       : loaded 2 times (x 70B)
Class ijInit2_7bvni7c5usi662s0dlaek105p$_run_closure1                                 : loaded 2 times (x 140B)
Class org.gradle.internal.time.Clock                                                  : loaded 2 times (x 70B)
Class kotlin.collections.AbstractList                                                 : loaded 2 times (x 197B)
Class kotlin.collections.AbstractCollection                                           : loaded 2 times (x 117B)
Class org.gradle.internal.classloader.VisitableURLClassLoader$InstrumentingVisitableURLClassLoader: loaded 2 times (x 123B)
Class org.gradle.internal.classloader.VisitableURLClassLoader$Spec                    : loaded 2 times (x 74B)
Class org.gradle.internal.classpath.DefaultClassPath                                  : loaded 2 times (x 90B)
Class org.gradle.util.internal.DefaultGradleVersion                                   : loaded 2 times (x 82B)
Class org.gradle.internal.classloader.ClassLoaderSpec                                 : loaded 2 times (x 71B)
Class sync_studio_tooling8_9w40xezkfwp7zk7ptuigl6s15                                  : loaded 2 times (x 171B)
Class org.gradle.internal.classloader.VisitableURLClassLoader                         : loaded 2 times (x 117B)
Class org.gradle.internal.classloader.FilteringClassLoader                            : loaded 2 times (x 105B)
Class org.gradle.internal.Cast                                                        : loaded 2 times (x 71B)
Class org.gradle.internal.classpath.DefaultClassPath$ImmutableUniqueList$Builder      : loaded 2 times (x 75B)
Class com.google.common.collect.Iterators$1                                           : loaded 2 times (x 81B)
Class org.gradle.internal.exceptions.NonGradleCauseExceptionsHolder                   : loaded 2 times (x 70B)
Class kotlin.NotImplementedError                                                      : loaded 2 times (x 82B)
Class kotlin.enums.EnumEntriesKt                                                      : loaded 2 times (x 71B)
Class org.gradle.internal.classloader.SystemClassLoaderSpec                           : loaded 2 times (x 71B)
Class sync_studio_tooling8_9w40xezkfwp7zk7ptuigl6s15$_run_closure1                    : loaded 2 times (x 139B)
Class org.gradle.internal.exceptions.MultiCauseException                              : loaded 2 times (x 70B)
Class org.gradle.internal.time.CountdownTimer                                         : loaded 2 times (x 70B)
Class kotlin.jvm.internal.Intrinsics                                                  : loaded 2 times (x 71B)
Class org.gradle.tooling.model.ProjectModel                                           : loaded 2 times (x 70B)
Class kotlin.KotlinNullPointerException                                               : loaded 2 times (x 83B)
Class org.gradle.internal.exceptions.DefaultMultiCauseException                       : loaded 2 times (x 95B)
Class com.google.common.base.Preconditions                                            : loaded 2 times (x 71B)
Class com.google.common.collect.PeekingIterator                                       : loaded 2 times (x 70B)
Class org.gradle.internal.time.Time                                                   : loaded 2 times (x 71B)
Class org.gradle.api.internal.classpath.GlobalCacheRootsProvider                      : loaded 2 times (x 70B)
Class kotlin.NoWhenBranchMatchedException                                             : loaded 2 times (x 82B)
Class org.gradle.internal.time.Timer                                                  : loaded 2 times (x 70B)
Class kotlin.jvm.internal.markers.KMappedMarker                                       : loaded 2 times (x 70B)
Class org.gradle.internal.installation.CurrentGradleInstallationLocator               : loaded 2 times (x 71B)
Class com.google.common.collect.ImmutableList                                         : loaded 2 times (x 206B)
Class org.gradle.internal.service.DefaultServiceLocator                               : loaded 2 times (x 83B)
Class org.gradle.util.GradleVersion                                                   : loaded 2 times (x 81B)
Class org.gradle.internal.installation.CurrentGradleInstallation                      : loaded 2 times (x 73B)
Class org.gradle.util.internal.GUtil                                                  : loaded 2 times (x 71B)
Class com.google.common.collect.Iterators$MergingIterator                             : loaded 2 times (x 81B)
Class org.gradle.internal.installation.GradleInstallation                             : loaded 2 times (x 75B)

---------------  S Y S T E M  ---------------

OS:
 Windows 11 , 64 bit Build 26100 (10.0.26100.7920)
OS uptime: 1 days 5:50 hours
Hyper-V role detected

CPU: total 16 (initial active 16) (16 cores per cpu, 2 threads per core) family 25 model 117 stepping 2 microcode 0xa705206, cx8, cmov, fxsr, ht, mmx, 3dnowpref, sse, sse2, sse3, ssse3, sse4a, sse4.1, sse4.2, popcnt, lzcnt, tsc, tscinvbit, avx, avx2, aes, erms, clmul, bmi1, bmi2, adx, avx512f, avx512dq, avx512cd, avx512bw, avx512vl, sha, fma, vzeroupper, avx512_vpopcntdq, avx512_vpclmulqdq, avx512_vaes, avx512_vnni, clflush, clflushopt, avx512_vbmi2, avx512_vbmi, hv, rdtscp, rdpid, fsrm, gfni, avx512_bitalg, f16c, cet_ss, avx512_ifma
Processor Information for the first 16 processors :
  Max Mhz: 4200, Current Mhz: 4200, Mhz Limit: 4200

Memory: 4k page, system-wide physical 15725M (994M free)
TotalPageFile size 64877M (AvailPageFile size 77M)
current process WorkingSet (physical memory assigned to process): 755M, peak: 757M
current process commit charge ("private bytes"): 801M, peak: 928M

vm_info: OpenJDK 64-Bit Server VM (21.0.9+-14787801-b1163.94) for windows-amd64 JRE (21.0.9+-14787801-b1163.94), built on 2026-01-27T21:15:44Z by "builder" with MS VC++ 16.10 / 16.11 (VS2019)

END.
