#
# There is insufficient memory for the Java Runtime Environment to continue.
# Native memory allocation (mmap) failed to map 127926272 bytes. Error detail: G1 virtual space
# Possible reasons:
#   The system is out of physical RAM or swap space
#   This process is running with CompressedOops enabled, and the Java Heap may be blocking the growth of the native heap
# Possible solutions:
#   Reduce memory load on the system
#   Increase physical memory or swap space
#   Check if swap backing store is full
#   Decrease Java heap size (-Xmx/-Xms)
#   Decrease number of Java threads
#   Decrease Java thread stack sizes (-Xss)
#   Set larger code cache with -XX:ReservedCodeCacheSize=
#   JVM is running with Zero Based Compressed Oops mode in which the Java heap is
#     placed in the first 32GB address space. The Java Heap base address is the
#     maximum limit for the native heap growth. Please use -XX:HeapBaseMinAddress
#     to set the Java Heap base and to place the Java Heap above 32GB virtual address.
# This output file may be truncated or incomplete.
#
#  Out of Memory Error (os_windows.cpp:3925), pid=21148, tid=22184
#
# JRE version: OpenJDK Runtime Environment (21.0.9) (build 21.0.9+-14787801-b1163.94)
# Java VM: OpenJDK 64-Bit Server VM (21.0.9+-14787801-b1163.94, mixed mode, tiered, compressed oops, compressed class ptrs, g1 gc, windows-amd64)
# No core dump will be written. Minidumps are not enabled by default on client versions of Windows
#

---------------  S U M M A R Y ------------

Command Line: --add-opens=java.base/java.lang=ALL-UNNAMED --add-opens=java.base/java.lang.invoke=ALL-UNNAMED --add-opens=java.base/java.util=ALL-UNNAMED --add-opens=java.prefs/java.util.prefs=ALL-UNNAMED --add-exports=jdk.compiler/com.sun.tools.javac.api=ALL-UNNAMED --add-exports=jdk.compiler/com.sun.tools.javac.util=ALL-UNNAMED --add-opens=java.base/java.util=ALL-UNNAMED --add-opens=java.prefs/java.util.prefs=ALL-UNNAMED --add-opens=java.base/java.nio.charset=ALL-UNNAMED --add-opens=java.base/java.net=ALL-UNNAMED --add-opens=java.base/java.util.concurrent=ALL-UNNAMED --add-opens=java.base/java.util.concurrent.atomic=ALL-UNNAMED --add-opens=java.xml/javax.xml.namespace=ALL-UNNAMED --add-opens=java.base/java.time=ALL-UNNAMED -XX:MaxMetaspaceSize=1g -XX:+HeapDumpOnOutOfMemoryError -Xmx4g -Dfile.encoding=UTF-8 -Duser.country=PE -Duser.language=es -Duser.variant -javaagent:C:\Users\usuario\.gradle\wrapper\dists\gradle-9.3.1-bin\23ovyewtku6u96viwx3xl3oks\gradle-9.3.1\lib\agents\gradle-instrumentation-agent-9.3.1.jar org.gradle.launcher.daemon.bootstrap.GradleDaemon 9.3.1

Host: AMD Ryzen 7 8700G w/ Radeon 780M Graphics      , 16 cores, 15G,  Windows 11 , 64 bit Build 26100 (10.0.26100.7920)
Time: Thu Mar 12 01:05:53 2026 Hora est. Pacífico, Sudamérica elapsed time: 10.130245 seconds (0d 0h 0m 10s)

---------------  T H R E A D  ---------------

Current thread (0x0000021c46ace180):  VMThread "VM Thread"          [id=22184, stack(0x000000c882800000,0x000000c882900000) (1024K)]

Stack: [0x000000c882800000,0x000000c882900000]
Native frames: (J=compiled Java code, j=interpreted, Vv=VM code, C=native code)
V  [jvm.dll+0x6d6c99]
V  [jvm.dll+0x866b83]
V  [jvm.dll+0x8691ae]
V  [jvm.dll+0x869893]
V  [jvm.dll+0x280776]
V  [jvm.dll+0x6d3555]
V  [jvm.dll+0x6c6bea]
V  [jvm.dll+0x3587fb]
V  [jvm.dll+0x360476]
V  [jvm.dll+0x3b2646]
V  [jvm.dll+0x3b2918]
V  [jvm.dll+0x32af0c]
V  [jvm.dll+0x32af97]
V  [jvm.dll+0x370e7c]
V  [jvm.dll+0x36f62e]
V  [jvm.dll+0x32a661]
V  [jvm.dll+0x36ed30]
V  [jvm.dll+0x86f618]
V  [jvm.dll+0x870994]
V  [jvm.dll+0x870ed0]
V  [jvm.dll+0x871163]
V  [jvm.dll+0x80f118]
V  [jvm.dll+0x6d54ed]
C  [ucrtbase.dll+0x37b0]
C  [KERNEL32.DLL+0x2e8d7]
C  [ntdll.dll+0x8c48c]

VM_Operation (0x000000c884df6360): G1CollectForAllocation, mode: safepoint, requested by thread 0x0000021c6b02ce20


---------------  P R O C E S S  ---------------

Threads class SMR info:
_java_thread_list=0x0000021c6af616d0, length=80, elements={
0x0000021c48ef6000, 0x0000021c63aa5a60, 0x0000021c63ab7ce0, 0x0000021c63aad060,
0x0000021c63ae7e10, 0x0000021c63ae8870, 0x0000021c63ae9e40, 0x0000021c63aeb410,
0x0000021c63aecd10, 0x0000021c63aee450, 0x0000021c63c06530, 0x0000021c63c35190,
0x0000021c6806dce0, 0x0000021c6976ef40, 0x0000021c6ab8b1e0, 0x0000021c6a1e40d0,
0x0000021c6a957a70, 0x0000021c6a6620d0, 0x0000021c6b02fc10, 0x0000021c6b02ce20,
0x0000021c6b02c790, 0x0000021c6b02d4b0, 0x0000021c6b02eef0, 0x0000021c6b02db40,
0x0000021c6b02e1d0, 0x0000021c6b02e860, 0x0000021c6b210a70, 0x0000021c6b20e9a0,
0x0000021c6b20fd50, 0x0000021c6b20dc80, 0x0000021c6b211100, 0x0000021c6b211790,
0x0000021c6b2103e0, 0x0000021c6b20e310, 0x0000021c6b2152a0, 0x0000021c6b214580,
0x0000021c6b214c10, 0x0000021c6b2124b0, 0x0000021c6b213860, 0x0000021c6b211e20,
0x0000021c6b212b40, 0x0000021c6b2131d0, 0x0000021c6b213ef0, 0x0000021c6af79d20,
0x0000021c6af79690, 0x0000021c6af7bdf0, 0x0000021c6af7a3b0, 0x0000021c6af7b760,
0x0000021c6af79000, 0x0000021c6af7d830, 0x0000021c6af7b0d0, 0x0000021c6af7f900,
0x0000021c6af7f270, 0x0000021c6af7c480, 0x0000021c6af7ebe0, 0x0000021c6af7ff90,
0x0000021c6af7cb10, 0x0000021c6af80620, 0x0000021c6af7d1a0, 0x0000021c6b5c4730,
0x0000021c6b5c40a0, 0x0000021c6b5c2660, 0x0000021c6b5c5450, 0x0000021c6b5c4dc0,
0x0000021c6b5c5ae0, 0x0000021c6b5c3380, 0x0000021c6b5c6170, 0x0000021c6b5c3a10,
0x0000021c6b5c2cf0, 0x0000021c6b5c6e90, 0x0000021c6b5c8240, 0x0000021c6b5c88d0,
0x0000021c6b5c8f60, 0x0000021c6b5c95f0, 0x0000021c6b5c9c80, 0x0000021c6b5c6800,
0x0000021c6b5c7520, 0x0000021c6f5c89c0, 0x0000021c6f5c60e0, 0x0000021c6d35d080
}

Java Threads: ( => current thread )
  0x0000021c48ef6000 JavaThread "main"                              [_thread_blocked, id=3440, stack(0x000000c882100000,0x000000c882200000) (1024K)]
  0x0000021c63aa5a60 JavaThread "Common-Cleaner"             daemon [_thread_blocked, id=6968, stack(0x000000c882900000,0x000000c882a00000) (1024K)]
  0x0000021c63ab7ce0 JavaThread "Reference Handler"          daemon [_thread_blocked, id=5776, stack(0x000000c882a00000,0x000000c882b00000) (1024K)]
  0x0000021c63aad060 JavaThread "Finalizer"                  daemon [_thread_blocked, id=15584, stack(0x000000c882b00000,0x000000c882c00000) (1024K)]
  0x0000021c63ae7e10 JavaThread "Signal Dispatcher"          daemon [_thread_blocked, id=15836, stack(0x000000c882c00000,0x000000c882d00000) (1024K)]
  0x0000021c63ae8870 JavaThread "Attach Listener"            daemon [_thread_blocked, id=22232, stack(0x000000c882d00000,0x000000c882e00000) (1024K)]
  0x0000021c63ae9e40 JavaThread "Service Thread"             daemon [_thread_blocked, id=19960, stack(0x000000c882e00000,0x000000c882f00000) (1024K)]
  0x0000021c63aeb410 JavaThread "Monitor Deflation Thread"   daemon [_thread_blocked, id=4076, stack(0x000000c882f00000,0x000000c883000000) (1024K)]
  0x0000021c63aecd10 JavaThread "C2 CompilerThread0"         daemon [_thread_blocked, id=11868, stack(0x000000c883000000,0x000000c883100000) (1024K)]
  0x0000021c63aee450 JavaThread "C1 CompilerThread0"         daemon [_thread_blocked, id=17096, stack(0x000000c883100000,0x000000c883200000) (1024K)]
  0x0000021c63c06530 JavaThread "C1 CompilerThread1"         daemon [_thread_blocked, id=20644, stack(0x000000c883200000,0x000000c883300000) (1024K)]
  0x0000021c63c35190 JavaThread "C1 CompilerThread2"         daemon [_thread_blocked, id=14936, stack(0x000000c883300000,0x000000c883400000) (1024K)]
  0x0000021c6806dce0 JavaThread "Notification Thread"        daemon [_thread_blocked, id=2452, stack(0x000000c883400000,0x000000c883500000) (1024K)]
  0x0000021c6976ef40 JavaThread "Daemon health stats"               [_thread_blocked, id=12524, stack(0x000000c883d00000,0x000000c883e00000) (1024K)]
  0x0000021c6ab8b1e0 JavaThread "Incoming local TCP Connector on port 50426"        [_thread_in_native, id=20836, stack(0x000000c883e00000,0x000000c883f00000) (1024K)]
  0x0000021c6a1e40d0 JavaThread "Daemon periodic checks"            [_thread_blocked, id=2252, stack(0x000000c883f00000,0x000000c884000000) (1024K)]
  0x0000021c6a957a70 JavaThread "Daemon"                            [_thread_blocked, id=804, stack(0x000000c884000000,0x000000c884100000) (1024K)]
  0x0000021c6a6620d0 JavaThread "Handler for socket connection from /127.0.0.1:50426 to /127.0.0.1:50427"        [_thread_in_native, id=9952, stack(0x000000c884100000,0x000000c884200000) (1024K)]
  0x0000021c6b02fc10 JavaThread "Cancel handler"                    [_thread_blocked, id=6960, stack(0x000000c884c00000,0x000000c884d00000) (1024K)]
  0x0000021c6b02ce20 JavaThread "Daemon worker"                     [_thread_blocked, id=21980, stack(0x000000c884d00000,0x000000c884e00000) (1024K)]
  0x0000021c6b02c790 JavaThread "Asynchronous log dispatcher for DefaultDaemonConnection: socket connection from /127.0.0.1:50426 to /127.0.0.1:50427"        [_thread_blocked, id=16912, stack(0x000000c884e00000,0x000000c884f00000) (1024K)]
  0x0000021c6b02d4b0 JavaThread "Stdin handler"                     [_thread_blocked, id=8960, stack(0x000000c884f00000,0x000000c885000000) (1024K)]
  0x0000021c6b02eef0 JavaThread "Daemon client event forwarder"        [_thread_blocked, id=19848, stack(0x000000c885000000,0x000000c885100000) (1024K)]
  0x0000021c6b02db40 JavaThread "Cache worker for journal cache (C:\Users\usuario\.gradle\caches\journal-1)"        [_thread_blocked, id=7760, stack(0x000000c885100000,0x000000c885200000) (1024K)]
  0x0000021c6b02e1d0 JavaThread "File lock request listener"        [_thread_in_native, id=12464, stack(0x000000c885200000,0x000000c885300000) (1024K)]
  0x0000021c6b02e860 JavaThread "Cache worker for file hash cache (C:\Users\usuario\.gradle\caches\9.3.1\fileHashes)"        [_thread_blocked, id=21804, stack(0x000000c885300000,0x000000c885400000) (1024K)]
  0x0000021c6b210a70 JavaThread "Cache worker for file hash cache (C:\Users\usuario\Desktop\Programacion\Nuevapp 04-03\.gradle\9.3.1\fileHashes)"        [_thread_blocked, id=6280, stack(0x000000c885400000,0x000000c885500000) (1024K)]
  0x0000021c6b20e9a0 JavaThread "Cache worker for Build Output Cleanup Cache (C:\Users\usuario\Desktop\Programacion\Nuevapp 04-03\.gradle\buildOutputCleanup)"        [_thread_blocked, id=6596, stack(0x000000c885500000,0x000000c885600000) (1024K)]
  0x0000021c6b20fd50 JavaThread "File watcher server"        daemon [_thread_in_native, id=19312, stack(0x000000c885600000,0x000000c885700000) (1024K)]
  0x0000021c6b20dc80 JavaThread "File watcher consumer"      daemon [_thread_blocked, id=19552, stack(0x000000c885700000,0x000000c885800000) (1024K)]
  0x0000021c6b211100 JavaThread "jar transforms"                    [_thread_blocked, id=15048, stack(0x000000c885800000,0x000000c885900000) (1024K)]
  0x0000021c6b211790 JavaThread "jar transforms Thread 2"           [_thread_blocked, id=13136, stack(0x000000c885900000,0x000000c885a00000) (1024K)]
  0x0000021c6b2103e0 JavaThread "jar transforms Thread 3"           [_thread_blocked, id=13700, stack(0x000000c885a00000,0x000000c885b00000) (1024K)]
  0x0000021c6b20e310 JavaThread "jar transforms Thread 4"           [_thread_blocked, id=20432, stack(0x000000c885b00000,0x000000c885c00000) (1024K)]
  0x0000021c6b2152a0 JavaThread "jar transforms Thread 5"           [_thread_blocked, id=16200, stack(0x000000c885c00000,0x000000c885d00000) (1024K)]
  0x0000021c6b214580 JavaThread "jar transforms Thread 6"           [_thread_blocked, id=6460, stack(0x000000c885d00000,0x000000c885e00000) (1024K)]
  0x0000021c6b214c10 JavaThread "jar transforms Thread 7"           [_thread_blocked, id=4664, stack(0x000000c885e00000,0x000000c885f00000) (1024K)]
  0x0000021c6b2124b0 JavaThread "jar transforms Thread 8"           [_thread_blocked, id=20300, stack(0x000000c885f00000,0x000000c886000000) (1024K)]
  0x0000021c6b213860 JavaThread "jar transforms Thread 9"           [_thread_blocked, id=19832, stack(0x000000c886000000,0x000000c886100000) (1024K)]
  0x0000021c6b211e20 JavaThread "jar transforms Thread 10"          [_thread_blocked, id=18272, stack(0x000000c886100000,0x000000c886200000) (1024K)]
  0x0000021c6b212b40 JavaThread "jar transforms Thread 11"          [_thread_blocked, id=5864, stack(0x000000c886200000,0x000000c886300000) (1024K)]
  0x0000021c6b2131d0 JavaThread "jar transforms Thread 12"          [_thread_blocked, id=15268, stack(0x000000c886300000,0x000000c886400000) (1024K)]
  0x0000021c6b213ef0 JavaThread "jar transforms Thread 13"          [_thread_blocked, id=21920, stack(0x000000c886400000,0x000000c886500000) (1024K)]
  0x0000021c6af79d20 JavaThread "jar transforms Thread 14"          [_thread_blocked, id=10564, stack(0x000000c886500000,0x000000c886600000) (1024K)]
  0x0000021c6af79690 JavaThread "jar transforms Thread 15"          [_thread_blocked, id=15544, stack(0x000000c886600000,0x000000c886700000) (1024K)]
  0x0000021c6af7bdf0 JavaThread "jar transforms Thread 16"          [_thread_blocked, id=3132, stack(0x000000c886700000,0x000000c886800000) (1024K)]
  0x0000021c6af7a3b0 JavaThread "Cache worker for checksums cache (C:\Users\usuario\Desktop\Programacion\Nuevapp 04-03\.gradle\9.3.1\checksums)"        [_thread_blocked, id=19704, stack(0x000000c886800000,0x000000c886900000) (1024K)]
  0x0000021c6af7b760 JavaThread "Cache worker for file content cache (C:\Users\usuario\.gradle\caches\9.3.1\fileContent)"        [_thread_blocked, id=2680, stack(0x000000c886900000,0x000000c886a00000) (1024K)]
  0x0000021c6af79000 JavaThread "Cache worker for cache directory md-supplier (C:\Users\usuario\.gradle\caches\9.3.1\md-supplier)"        [_thread_blocked, id=20992, stack(0x000000c886a00000,0x000000c886b00000) (1024K)]
  0x0000021c6af7d830 JavaThread "Cache worker for cache directory md-rule (C:\Users\usuario\.gradle\caches\9.3.1\md-rule)"        [_thread_blocked, id=16548, stack(0x000000c886b00000,0x000000c886c00000) (1024K)]
  0x0000021c6af7b0d0 JavaThread "Unconstrained build operations"        [_thread_blocked, id=14340, stack(0x000000c886c00000,0x000000c886d00000) (1024K)]
  0x0000021c6af7f900 JavaThread "Unconstrained build operations Thread 2"        [_thread_blocked, id=16560, stack(0x000000c886d00000,0x000000c886e00000) (1024K)]
  0x0000021c6af7f270 JavaThread "Unconstrained build operations Thread 3"        [_thread_blocked, id=12740, stack(0x000000c886e00000,0x000000c886f00000) (1024K)]
  0x0000021c6af7c480 JavaThread "Unconstrained build operations Thread 4"        [_thread_blocked, id=19648, stack(0x000000c886f00000,0x000000c887000000) (1024K)]
  0x0000021c6af7ebe0 JavaThread "Unconstrained build operations Thread 5"        [_thread_blocked, id=6160, stack(0x000000c887000000,0x000000c887100000) (1024K)]
  0x0000021c6af7ff90 JavaThread "Unconstrained build operations Thread 6"        [_thread_blocked, id=10160, stack(0x000000c887100000,0x000000c887200000) (1024K)]
  0x0000021c6af7cb10 JavaThread "Unconstrained build operations Thread 7"        [_thread_blocked, id=3484, stack(0x000000c887200000,0x000000c887300000) (1024K)]
  0x0000021c6af80620 JavaThread "Unconstrained build operations Thread 8"        [_thread_blocked, id=11404, stack(0x000000c887300000,0x000000c887400000) (1024K)]
  0x0000021c6af7d1a0 JavaThread "Unconstrained build operations Thread 9"        [_thread_blocked, id=13860, stack(0x000000c887400000,0x000000c887500000) (1024K)]
  0x0000021c6b5c4730 JavaThread "Unconstrained build operations Thread 10"        [_thread_blocked, id=8052, stack(0x000000c887500000,0x000000c887600000) (1024K)]
  0x0000021c6b5c40a0 JavaThread "Unconstrained build operations Thread 11"        [_thread_blocked, id=8128, stack(0x000000c887600000,0x000000c887700000) (1024K)]
  0x0000021c6b5c2660 JavaThread "Unconstrained build operations Thread 12"        [_thread_blocked, id=2156, stack(0x000000c887700000,0x000000c887800000) (1024K)]
  0x0000021c6b5c5450 JavaThread "Unconstrained build operations Thread 13"        [_thread_blocked, id=10324, stack(0x000000c887800000,0x000000c887900000) (1024K)]
  0x0000021c6b5c4dc0 JavaThread "Unconstrained build operations Thread 14"        [_thread_blocked, id=9892, stack(0x000000c887900000,0x000000c887a00000) (1024K)]
  0x0000021c6b5c5ae0 JavaThread "Unconstrained build operations Thread 15"        [_thread_blocked, id=16832, stack(0x000000c887a00000,0x000000c887b00000) (1024K)]
  0x0000021c6b5c3380 JavaThread "Unconstrained build operations Thread 16"        [_thread_blocked, id=19176, stack(0x000000c887b00000,0x000000c887c00000) (1024K)]
  0x0000021c6b5c6170 JavaThread "Unconstrained build operations Thread 17"        [_thread_blocked, id=14580, stack(0x000000c887c00000,0x000000c887d00000) (1024K)]
  0x0000021c6b5c3a10 JavaThread "Unconstrained build operations Thread 18"        [_thread_blocked, id=2972, stack(0x000000c887d00000,0x000000c887e00000) (1024K)]
  0x0000021c6b5c2cf0 JavaThread "Unconstrained build operations Thread 19"        [_thread_blocked, id=16248, stack(0x000000c887e00000,0x000000c887f00000) (1024K)]
  0x0000021c6b5c6e90 JavaThread "Unconstrained build operations Thread 20"        [_thread_blocked, id=18124, stack(0x000000c887f00000,0x000000c888000000) (1024K)]
  0x0000021c6b5c8240 JavaThread "Unconstrained build operations Thread 21"        [_thread_blocked, id=20164, stack(0x000000c888000000,0x000000c888100000) (1024K)]
  0x0000021c6b5c88d0 JavaThread "Unconstrained build operations Thread 22"        [_thread_blocked, id=6656, stack(0x000000c888100000,0x000000c888200000) (1024K)]
  0x0000021c6b5c8f60 JavaThread "Unconstrained build operations Thread 23"        [_thread_blocked, id=7640, stack(0x000000c888200000,0x000000c888300000) (1024K)]
  0x0000021c6b5c95f0 JavaThread "Unconstrained build operations Thread 24"        [_thread_blocked, id=9264, stack(0x000000c888300000,0x000000c888400000) (1024K)]
  0x0000021c6b5c9c80 JavaThread "Unconstrained build operations Thread 25"        [_thread_blocked, id=9744, stack(0x000000c888400000,0x000000c888500000) (1024K)]
  0x0000021c6b5c6800 JavaThread "Unconstrained build operations Thread 26"        [_thread_blocked, id=22392, stack(0x000000c888500000,0x000000c888600000) (1024K)]
  0x0000021c6b5c7520 JavaThread "Unconstrained build operations Thread 27"        [_thread_blocked, id=13984, stack(0x000000c888600000,0x000000c888700000) (1024K)]
  0x0000021c6f5c89c0 JavaThread "C2 CompilerThread1"         daemon [_thread_blocked, id=13152, stack(0x000000c883500000,0x000000c883600000) (1024K)]
  0x0000021c6f5c60e0 JavaThread "C2 CompilerThread2"         daemon [_thread_blocked, id=20576, stack(0x000000c883600000,0x000000c883700000) (1024K)]
  0x0000021c6d35d080 JavaThread "C1 CompilerThread3"         daemon [_thread_blocked, id=20460, stack(0x000000c883b00000,0x000000c883c00000) (1024K)]
Total: 80

Other Threads:
=>0x0000021c46ace180 VMThread "VM Thread"                           [id=22184, stack(0x000000c882800000,0x000000c882900000) (1024K)]
  0x0000021c63850560 WatcherThread "VM Periodic Task Thread"        [id=9192, stack(0x000000c882700000,0x000000c882800000) (1024K)]
  0x0000021c46acdde0 WorkerThread "GC Thread#0"                     [id=22472, stack(0x000000c882200000,0x000000c882300000) (1024K)]
  0x0000021c46ace520 WorkerThread "GC Thread#1"                     [id=3944, stack(0x000000c883700000,0x000000c883800000) (1024K)]
  0x0000021c46acf000 WorkerThread "GC Thread#2"                     [id=17108, stack(0x000000c883800000,0x000000c883900000) (1024K)]
  0x0000021c46acf3a0 WorkerThread "GC Thread#3"                     [id=13224, stack(0x000000c883900000,0x000000c883a00000) (1024K)]
  0x0000021c689e7be0 WorkerThread "GC Thread#4"                     [id=21388, stack(0x000000c883a00000,0x000000c883b00000) (1024K)]
  0x0000021c689e7f80 WorkerThread "GC Thread#5"                     [id=15548, stack(0x000000c884200000,0x000000c884300000) (1024K)]
  0x0000021c689e98e0 WorkerThread "GC Thread#6"                     [id=4092, stack(0x000000c884300000,0x000000c884400000) (1024K)]
  0x0000021c689e86c0 WorkerThread "GC Thread#7"                     [id=10364, stack(0x000000c884400000,0x000000c884500000) (1024K)]
  0x0000021c689e74a0 WorkerThread "GC Thread#8"                     [id=8984, stack(0x000000c884500000,0x000000c884600000) (1024K)]
  0x0000021c689e8a60 WorkerThread "GC Thread#9"                     [id=10312, stack(0x000000c884600000,0x000000c884700000) (1024K)]
  0x0000021c689ea3c0 WorkerThread "GC Thread#10"                    [id=18792, stack(0x000000c884700000,0x000000c884800000) (1024K)]
  0x0000021c689e91a0 WorkerThread "GC Thread#11"                    [id=13564, stack(0x000000c884800000,0x000000c884900000) (1024K)]
  0x0000021c689e9c80 WorkerThread "GC Thread#12"                    [id=21988, stack(0x000000c884900000,0x000000c884a00000) (1024K)]
  0x0000021c46bbdfe0 ConcurrentGCThread "G1 Main Marker"            [id=22420, stack(0x000000c882300000,0x000000c882400000) (1024K)]
  0x0000021c46acda40 WorkerThread "G1 Conc#0"                       [id=22348, stack(0x000000c882400000,0x000000c882500000) (1024K)]
  0x0000021c689e6d60 WorkerThread "G1 Conc#1"                       [id=13464, stack(0x000000c884a00000,0x000000c884b00000) (1024K)]
  0x0000021c689e8320 WorkerThread "G1 Conc#2"                       [id=18896, stack(0x000000c884b00000,0x000000c884c00000) (1024K)]
  0x0000021c637219d0 ConcurrentGCThread "G1 Refine#0"               [id=11224, stack(0x000000c882500000,0x000000c882600000) (1024K)]
  0x0000021c637222f0 ConcurrentGCThread "G1 Service"                [id=4204, stack(0x000000c882600000,0x000000c882700000) (1024K)]
Total: 21

Threads with active compile tasks:
C2 CompilerThread0  10143 8971       4       org.jetbrains.kotlin.load.kotlin.FileBasedKotlinClass::resolveNameByInternalName (178 bytes)
C2 CompilerThread1  10143 8962   !   4       org.jetbrains.kotlin.metadata.ProtoBuf$Function::<init> (1811 bytes)
C2 CompilerThread2  10143 8994       4       org.jetbrains.org.objectweb.asm.ClassReader::accept (1401 bytes)
Total: 3

VM state: at safepoint (normal execution)

VM Mutex/Monitor currently owned by a thread:  ([mutex/lock_event])
[0x00007ffb6cba8690] Threads_lock - owner thread: 0x0000021c46ace180
[0x00007ffb6cba8790] Heap_lock - owner thread: 0x0000021c6b02ce20

Heap address: 0x0000000700000000, size: 4096 MB, Compressed Oops mode: Zero based, Oop shift amount: 3

CDS archive(s) not mapped
Compressed class space mapped at: 0x0000000800000000-0x0000000834000000, reserved size: 872415232
Narrow klass base: 0x0000000800000000, Narrow klass shift: 0, Narrow klass range: 0x34000000

GC Precious Log:
 CardTable entry size: 512
 Card Set container configuration: InlinePtr #cards 4 size 8 Array Of Cards #cards 16 size 48 Howl #buckets 8 coarsen threshold 3686 Howl Bitmap #cards 512 size 80 coarsen threshold 460 Card regions per heap region 1 cards per card region 4096
 CPUs: 16 total, 16 available
 Memory: 15725M
 Large Page Support: Disabled
 NUMA Support: Disabled
 Compressed Oops: Enabled (Zero based)
 Heap Region Size: 2M
 Heap Min Capacity: 8M
 Heap Initial Capacity: 246M
 Heap Max Capacity: 4G
 Pre-touch: Disabled
 Parallel Workers: 13
 Concurrent Workers: 3
 Concurrent Refinement Workers: 13
 Periodic GC: Disabled

Heap:
 garbage-first heap   total 606208K, used 130262K [0x0000000700000000, 0x0000000800000000)
  region size 2048K, 6 young (12288K), 6 survivors (12288K)
 Metaspace       used 64255K, committed 65984K, reserved 917504K
  class space    used 8824K, committed 9664K, reserved 851968K

Heap Regions: E=young(eden), S=young(survivor), O=old, HS=humongous(starts), HC=humongous(continues), CS=collection set, F=free, TAMS=top-at-mark-start, PB=parsable bottom
|   0|0x0000000700000000, 0x0000000700200000, 0x0000000700200000|100%|HS|  |TAMS 0x0000000700000000| PB 0x0000000700000000| Complete 
|   1|0x0000000700200000, 0x0000000700400000, 0x0000000700400000|100%|HC|  |TAMS 0x0000000700200000| PB 0x0000000700200000| Complete 
|   2|0x0000000700400000, 0x0000000700600000, 0x0000000700600000|100%| O|  |TAMS 0x0000000700400000| PB 0x0000000700400000| Untracked 
|   3|0x0000000700600000, 0x0000000700800000, 0x0000000700800000|100%| O|  |TAMS 0x0000000700600000| PB 0x0000000700600000| Untracked 
|   4|0x0000000700800000, 0x0000000700a00000, 0x0000000700a00000|100%| O|  |TAMS 0x0000000700800000| PB 0x0000000700800000| Untracked 
|   5|0x0000000700a00000, 0x0000000700c00000, 0x0000000700c00000|100%| O|  |TAMS 0x0000000700a00000| PB 0x0000000700a00000| Untracked 
|   6|0x0000000700c00000, 0x0000000700e00000, 0x0000000700e00000|100%| O|  |TAMS 0x0000000700c00000| PB 0x0000000700c00000| Untracked 
|   7|0x0000000700e00000, 0x0000000701000000, 0x0000000701000000|100%| O|  |TAMS 0x0000000700e00000| PB 0x0000000700e00000| Untracked 
|   8|0x0000000701000000, 0x0000000701200000, 0x0000000701200000|100%|HS|  |TAMS 0x0000000701000000| PB 0x0000000701000000| Complete 
|   9|0x0000000701200000, 0x0000000701400000, 0x0000000701400000|100%|HC|  |TAMS 0x0000000701200000| PB 0x0000000701200000| Complete 
|  10|0x0000000701400000, 0x0000000701600000, 0x0000000701600000|100%|HC|  |TAMS 0x0000000701400000| PB 0x0000000701400000| Complete 
|  11|0x0000000701600000, 0x0000000701800000, 0x0000000701800000|100%|HS|  |TAMS 0x0000000701600000| PB 0x0000000701600000| Complete 
|  12|0x0000000701800000, 0x0000000701a00000, 0x0000000701a00000|100%|HS|  |TAMS 0x0000000701800000| PB 0x0000000701800000| Complete 
|  13|0x0000000701a00000, 0x0000000701c00000, 0x0000000701c00000|100%|HC|  |TAMS 0x0000000701a00000| PB 0x0000000701a00000| Complete 
|  14|0x0000000701c00000, 0x0000000701e00000, 0x0000000701e00000|100%|HC|  |TAMS 0x0000000701c00000| PB 0x0000000701c00000| Complete 
|  15|0x0000000701e00000, 0x0000000702000000, 0x0000000702000000|100%|HS|  |TAMS 0x0000000701e00000| PB 0x0000000701e00000| Complete 
|  16|0x0000000702000000, 0x0000000702200000, 0x0000000702200000|100%| O|  |TAMS 0x0000000702000000| PB 0x0000000702000000| Untracked 
|  17|0x0000000702200000, 0x0000000702400000, 0x0000000702400000|100%| O|  |TAMS 0x0000000702200000| PB 0x0000000702200000| Untracked 
|  18|0x0000000702400000, 0x0000000702600000, 0x0000000702600000|100%| O|  |TAMS 0x0000000702400000| PB 0x0000000702400000| Untracked 
|  19|0x0000000702600000, 0x0000000702800000, 0x0000000702800000|100%| O|  |TAMS 0x0000000702600000| PB 0x0000000702600000| Untracked 
|  20|0x0000000702800000, 0x0000000702a00000, 0x0000000702a00000|100%| O|  |TAMS 0x0000000702800000| PB 0x0000000702800000| Untracked 
|  21|0x0000000702a00000, 0x0000000702c00000, 0x0000000702c00000|100%| O|  |TAMS 0x0000000702a00000| PB 0x0000000702a00000| Untracked 
|  22|0x0000000702c00000, 0x0000000702e00000, 0x0000000702e00000|100%|HS|  |TAMS 0x0000000702c00000| PB 0x0000000702c00000| Complete 
|  23|0x0000000702e00000, 0x0000000703000000, 0x0000000703000000|100%| O|  |TAMS 0x0000000702e00000| PB 0x0000000702e00000| Untracked 
|  24|0x0000000703000000, 0x0000000703200000, 0x0000000703200000|100%| O|  |TAMS 0x0000000703000000| PB 0x0000000703000000| Untracked 
|  25|0x0000000703200000, 0x0000000703400000, 0x0000000703400000|100%| O|  |TAMS 0x0000000703200000| PB 0x0000000703200000| Untracked 
|  26|0x0000000703400000, 0x0000000703600000, 0x0000000703600000|100%| O|  |TAMS 0x0000000703400000| PB 0x0000000703400000| Untracked 
|  27|0x0000000703600000, 0x0000000703800000, 0x0000000703800000|100%| O|  |TAMS 0x0000000703600000| PB 0x0000000703600000| Untracked 
|  28|0x0000000703800000, 0x0000000703a00000, 0x0000000703a00000|100%| O|  |TAMS 0x0000000703800000| PB 0x0000000703800000| Untracked 
|  29|0x0000000703a00000, 0x0000000703c00000, 0x0000000703c00000|100%| O|  |TAMS 0x0000000703a00000| PB 0x0000000703a00000| Untracked 
|  30|0x0000000703c00000, 0x0000000703e00000, 0x0000000703e00000|100%| O|  |TAMS 0x0000000703c00000| PB 0x0000000703c00000| Untracked 
|  31|0x0000000703e00000, 0x0000000704000000, 0x0000000704000000|100%| O|  |TAMS 0x0000000703e00000| PB 0x0000000703e00000| Untracked 
|  32|0x0000000704000000, 0x0000000704200000, 0x0000000704200000|100%| O|  |TAMS 0x0000000704000000| PB 0x0000000704000000| Untracked 
|  33|0x0000000704200000, 0x0000000704400000, 0x0000000704400000|100%| O|  |TAMS 0x0000000704200000| PB 0x0000000704200000| Untracked 
|  34|0x0000000704400000, 0x0000000704600000, 0x0000000704600000|100%| O|  |TAMS 0x0000000704400000| PB 0x0000000704400000| Untracked 
|  35|0x0000000704600000, 0x0000000704800000, 0x0000000704800000|100%|HS|  |TAMS 0x0000000704600000| PB 0x0000000704600000| Complete 
|  36|0x0000000704800000, 0x0000000704a00000, 0x0000000704a00000|100%|HC|  |TAMS 0x0000000704800000| PB 0x0000000704800000| Complete 
|  37|0x0000000704a00000, 0x0000000704c00000, 0x0000000704c00000|100%|HC|  |TAMS 0x0000000704a00000| PB 0x0000000704a00000| Complete 
|  38|0x0000000704c00000, 0x0000000704e00000, 0x0000000704e00000|100%|HC|  |TAMS 0x0000000704c00000| PB 0x0000000704c00000| Complete 
|  39|0x0000000704e00000, 0x0000000705000000, 0x0000000705000000|100%| O|  |TAMS 0x0000000704e00000| PB 0x0000000704e00000| Untracked 
|  40|0x0000000705000000, 0x0000000705200000, 0x0000000705200000|100%| O|  |TAMS 0x0000000705000000| PB 0x0000000705000000| Untracked 
|  41|0x0000000705200000, 0x0000000705400000, 0x0000000705400000|100%| O|  |TAMS 0x0000000705200000| PB 0x0000000705200000| Untracked 
|  42|0x0000000705400000, 0x0000000705600000, 0x0000000705600000|100%| O|  |TAMS 0x0000000705400000| PB 0x0000000705400000| Untracked 
|  43|0x0000000705600000, 0x0000000705800000, 0x0000000705800000|100%| O|  |TAMS 0x0000000705600000| PB 0x0000000705600000| Untracked 
|  44|0x0000000705800000, 0x0000000705a00000, 0x0000000705a00000|100%| O|  |TAMS 0x0000000705800000| PB 0x0000000705800000| Untracked 
|  45|0x0000000705a00000, 0x0000000705c00000, 0x0000000705c00000|100%| O|  |TAMS 0x0000000705a00000| PB 0x0000000705a00000| Untracked 
|  46|0x0000000705c00000, 0x0000000705e00000, 0x0000000705e00000|100%| O|  |TAMS 0x0000000705c00000| PB 0x0000000705c00000| Untracked 
|  47|0x0000000705e00000, 0x0000000706000000, 0x0000000706000000|100%| O|  |TAMS 0x0000000705e00000| PB 0x0000000705e00000| Untracked 
|  48|0x0000000706000000, 0x0000000706200000, 0x0000000706200000|100%| O|  |TAMS 0x0000000706000000| PB 0x0000000706000000| Untracked 
|  49|0x0000000706200000, 0x0000000706400000, 0x0000000706400000|100%| O|  |TAMS 0x0000000706200000| PB 0x0000000706200000| Untracked 
|  50|0x0000000706400000, 0x0000000706600000, 0x0000000706600000|100%| O|  |TAMS 0x0000000706400000| PB 0x0000000706400000| Untracked 
|  51|0x0000000706600000, 0x0000000706800000, 0x0000000706800000|100%| O|  |TAMS 0x0000000706600000| PB 0x0000000706600000| Untracked 
|  52|0x0000000706800000, 0x0000000706a00000, 0x0000000706a00000|100%| O|  |TAMS 0x0000000706800000| PB 0x0000000706800000| Untracked 
|  53|0x0000000706a00000, 0x0000000706b8fea0, 0x0000000706c00000| 78%| O|  |TAMS 0x0000000706a00000| PB 0x0000000706a00000| Untracked 
|  54|0x0000000706c00000, 0x0000000706c00000, 0x0000000706e00000|  0%| F|  |TAMS 0x0000000706c00000| PB 0x0000000706c00000| Untracked 
|  55|0x0000000706e00000, 0x0000000706e00000, 0x0000000707000000|  0%| F|  |TAMS 0x0000000706e00000| PB 0x0000000706e00000| Untracked 
|  56|0x0000000707000000, 0x0000000707000000, 0x0000000707200000|  0%| F|  |TAMS 0x0000000707000000| PB 0x0000000707000000| Untracked 
|  57|0x0000000707200000, 0x0000000707200000, 0x0000000707400000|  0%| F|  |TAMS 0x0000000707200000| PB 0x0000000707200000| Untracked 
|  58|0x0000000707400000, 0x0000000707400000, 0x0000000707600000|  0%| F|  |TAMS 0x0000000707400000| PB 0x0000000707400000| Untracked 
|  59|0x0000000707600000, 0x0000000707600000, 0x0000000707800000|  0%| F|  |TAMS 0x0000000707600000| PB 0x0000000707600000| Untracked 
|  60|0x0000000707800000, 0x0000000707800000, 0x0000000707a00000|  0%| F|  |TAMS 0x0000000707800000| PB 0x0000000707800000| Untracked 
|  61|0x0000000707a00000, 0x0000000707a00000, 0x0000000707c00000|  0%| F|  |TAMS 0x0000000707a00000| PB 0x0000000707a00000| Untracked 
|  62|0x0000000707c00000, 0x0000000707c00000, 0x0000000707e00000|  0%| F|  |TAMS 0x0000000707c00000| PB 0x0000000707c00000| Untracked 
|  63|0x0000000707e00000, 0x0000000707e00000, 0x0000000708000000|  0%| F|  |TAMS 0x0000000707e00000| PB 0x0000000707e00000| Untracked 
|  64|0x0000000708000000, 0x0000000708000000, 0x0000000708200000|  0%| F|  |TAMS 0x0000000708000000| PB 0x0000000708000000| Untracked 
|  65|0x0000000708200000, 0x0000000708200000, 0x0000000708400000|  0%| F|  |TAMS 0x0000000708200000| PB 0x0000000708200000| Untracked 
|  66|0x0000000708400000, 0x0000000708400000, 0x0000000708600000|  0%| F|  |TAMS 0x0000000708400000| PB 0x0000000708400000| Untracked 
|  67|0x0000000708600000, 0x0000000708600000, 0x0000000708800000|  0%| F|  |TAMS 0x0000000708600000| PB 0x0000000708600000| Untracked 
|  68|0x0000000708800000, 0x0000000708800000, 0x0000000708a00000|  0%| F|  |TAMS 0x0000000708800000| PB 0x0000000708800000| Untracked 
|  69|0x0000000708a00000, 0x0000000708a00000, 0x0000000708c00000|  0%| F|  |TAMS 0x0000000708a00000| PB 0x0000000708a00000| Untracked 
|  70|0x0000000708c00000, 0x0000000708c00000, 0x0000000708e00000|  0%| F|  |TAMS 0x0000000708c00000| PB 0x0000000708c00000| Untracked 
|  71|0x0000000708e00000, 0x0000000708e00000, 0x0000000709000000|  0%| F|  |TAMS 0x0000000708e00000| PB 0x0000000708e00000| Untracked 
|  72|0x0000000709000000, 0x0000000709000000, 0x0000000709200000|  0%| F|  |TAMS 0x0000000709000000| PB 0x0000000709000000| Untracked 
|  73|0x0000000709200000, 0x0000000709200000, 0x0000000709400000|  0%| F|  |TAMS 0x0000000709200000| PB 0x0000000709200000| Untracked 
|  74|0x0000000709400000, 0x0000000709400000, 0x0000000709600000|  0%| F|  |TAMS 0x0000000709400000| PB 0x0000000709400000| Untracked 
|  75|0x0000000709600000, 0x0000000709600000, 0x0000000709800000|  0%| F|  |TAMS 0x0000000709600000| PB 0x0000000709600000| Untracked 
|  76|0x0000000709800000, 0x0000000709800000, 0x0000000709a00000|  0%| F|  |TAMS 0x0000000709800000| PB 0x0000000709800000| Untracked 
|  77|0x0000000709a00000, 0x0000000709a00000, 0x0000000709c00000|  0%| F|  |TAMS 0x0000000709a00000| PB 0x0000000709a00000| Untracked 
|  78|0x0000000709c00000, 0x0000000709c00000, 0x0000000709e00000|  0%| F|  |TAMS 0x0000000709c00000| PB 0x0000000709c00000| Untracked 
|  79|0x0000000709e00000, 0x0000000709e00000, 0x000000070a000000|  0%| F|  |TAMS 0x0000000709e00000| PB 0x0000000709e00000| Untracked 
|  80|0x000000070a000000, 0x000000070a000000, 0x000000070a200000|  0%| F|  |TAMS 0x000000070a000000| PB 0x000000070a000000| Untracked 
|  81|0x000000070a200000, 0x000000070a200000, 0x000000070a400000|  0%| F|  |TAMS 0x000000070a200000| PB 0x000000070a200000| Untracked 
|  82|0x000000070a400000, 0x000000070a400000, 0x000000070a600000|  0%| F|  |TAMS 0x000000070a400000| PB 0x000000070a400000| Untracked 
|  83|0x000000070a600000, 0x000000070a600000, 0x000000070a800000|  0%| F|  |TAMS 0x000000070a600000| PB 0x000000070a600000| Untracked 
|  84|0x000000070a800000, 0x000000070a800000, 0x000000070aa00000|  0%| F|  |TAMS 0x000000070a800000| PB 0x000000070a800000| Untracked 
|  85|0x000000070aa00000, 0x000000070aa00000, 0x000000070ac00000|  0%| F|  |TAMS 0x000000070aa00000| PB 0x000000070aa00000| Untracked 
|  86|0x000000070ac00000, 0x000000070ac00000, 0x000000070ae00000|  0%| F|  |TAMS 0x000000070ac00000| PB 0x000000070ac00000| Untracked 
|  87|0x000000070ae00000, 0x000000070ae00000, 0x000000070b000000|  0%| F|  |TAMS 0x000000070ae00000| PB 0x000000070ae00000| Untracked 
|  88|0x000000070b000000, 0x000000070b000000, 0x000000070b200000|  0%| F|  |TAMS 0x000000070b000000| PB 0x000000070b000000| Untracked 
|  89|0x000000070b200000, 0x000000070b200000, 0x000000070b400000|  0%| F|  |TAMS 0x000000070b200000| PB 0x000000070b200000| Untracked 
|  90|0x000000070b400000, 0x000000070b400000, 0x000000070b600000|  0%| F|  |TAMS 0x000000070b400000| PB 0x000000070b400000| Untracked 
|  91|0x000000070b600000, 0x000000070b600000, 0x000000070b800000|  0%| F|  |TAMS 0x000000070b600000| PB 0x000000070b600000| Untracked 
|  92|0x000000070b800000, 0x000000070b800000, 0x000000070ba00000|  0%| F|  |TAMS 0x000000070b800000| PB 0x000000070b800000| Untracked 
|  93|0x000000070ba00000, 0x000000070ba00000, 0x000000070bc00000|  0%| F|  |TAMS 0x000000070ba00000| PB 0x000000070ba00000| Untracked 
|  94|0x000000070bc00000, 0x000000070bc00000, 0x000000070be00000|  0%| F|  |TAMS 0x000000070bc00000| PB 0x000000070bc00000| Untracked 
|  95|0x000000070be00000, 0x000000070be00000, 0x000000070c000000|  0%| F|  |TAMS 0x000000070be00000| PB 0x000000070be00000| Untracked 
|  96|0x000000070c000000, 0x000000070c000000, 0x000000070c200000|  0%| F|  |TAMS 0x000000070c000000| PB 0x000000070c000000| Untracked 
|  97|0x000000070c200000, 0x000000070c200000, 0x000000070c400000|  0%| F|  |TAMS 0x000000070c200000| PB 0x000000070c200000| Untracked 
|  98|0x000000070c400000, 0x000000070c400000, 0x000000070c600000|  0%| F|  |TAMS 0x000000070c400000| PB 0x000000070c400000| Untracked 
|  99|0x000000070c600000, 0x000000070c600000, 0x000000070c800000|  0%| F|  |TAMS 0x000000070c600000| PB 0x000000070c600000| Untracked 
| 100|0x000000070c800000, 0x000000070c800000, 0x000000070ca00000|  0%| F|  |TAMS 0x000000070c800000| PB 0x000000070c800000| Untracked 
| 101|0x000000070ca00000, 0x000000070ca00000, 0x000000070cc00000|  0%| F|  |TAMS 0x000000070ca00000| PB 0x000000070ca00000| Untracked 
| 102|0x000000070cc00000, 0x000000070cc00000, 0x000000070ce00000|  0%| F|  |TAMS 0x000000070cc00000| PB 0x000000070cc00000| Untracked 
| 103|0x000000070ce00000, 0x000000070ce00000, 0x000000070d000000|  0%| F|  |TAMS 0x000000070ce00000| PB 0x000000070ce00000| Untracked 
| 104|0x000000070d000000, 0x000000070d000000, 0x000000070d200000|  0%| F|  |TAMS 0x000000070d000000| PB 0x000000070d000000| Untracked 
| 105|0x000000070d200000, 0x000000070d200000, 0x000000070d400000|  0%| F|  |TAMS 0x000000070d200000| PB 0x000000070d200000| Untracked 
| 106|0x000000070d400000, 0x000000070d400000, 0x000000070d600000|  0%| F|  |TAMS 0x000000070d400000| PB 0x000000070d400000| Untracked 
| 107|0x000000070d600000, 0x000000070d600000, 0x000000070d800000|  0%| F|  |TAMS 0x000000070d600000| PB 0x000000070d600000| Untracked 
| 108|0x000000070d800000, 0x000000070d800000, 0x000000070da00000|  0%| F|  |TAMS 0x000000070d800000| PB 0x000000070d800000| Untracked 
| 109|0x000000070da00000, 0x000000070dba5a10, 0x000000070dc00000| 82%| S|CS|TAMS 0x000000070da00000| PB 0x000000070da00000| Complete 
| 110|0x000000070dc00000, 0x000000070de00000, 0x000000070de00000|100%| S|CS|TAMS 0x000000070dc00000| PB 0x000000070dc00000| Complete 
| 111|0x000000070de00000, 0x000000070e000000, 0x000000070e000000|100%| S|CS|TAMS 0x000000070de00000| PB 0x000000070de00000| Complete 
| 112|0x000000070e000000, 0x000000070e200000, 0x000000070e200000|100%| S|CS|TAMS 0x000000070e000000| PB 0x000000070e000000| Complete 
| 113|0x000000070e200000, 0x000000070e400000, 0x000000070e400000|100%| S|CS|TAMS 0x000000070e200000| PB 0x000000070e200000| Complete 
| 114|0x000000070e400000, 0x000000070e600000, 0x000000070e600000|100%| S|CS|TAMS 0x000000070e400000| PB 0x000000070e400000| Complete 
| 115|0x000000070e600000, 0x000000070e600000, 0x000000070e800000|  0%| F|  |TAMS 0x000000070e600000| PB 0x000000070e600000| Untracked 
| 116|0x000000070e800000, 0x000000070e800000, 0x000000070ea00000|  0%| F|  |TAMS 0x000000070e800000| PB 0x000000070e800000| Untracked 
| 117|0x000000070ea00000, 0x000000070ea00000, 0x000000070ec00000|  0%| F|  |TAMS 0x000000070ea00000| PB 0x000000070ea00000| Untracked 
| 118|0x000000070ec00000, 0x000000070ec00000, 0x000000070ee00000|  0%| F|  |TAMS 0x000000070ec00000| PB 0x000000070ec00000| Untracked 
| 119|0x000000070ee00000, 0x000000070ee00000, 0x000000070f000000|  0%| F|  |TAMS 0x000000070ee00000| PB 0x000000070ee00000| Untracked 
| 120|0x000000070f000000, 0x000000070f000000, 0x000000070f200000|  0%| F|  |TAMS 0x000000070f000000| PB 0x000000070f000000| Untracked 
| 121|0x000000070f200000, 0x000000070f200000, 0x000000070f400000|  0%| F|  |TAMS 0x000000070f200000| PB 0x000000070f200000| Untracked 
| 122|0x000000070f400000, 0x000000070f400000, 0x000000070f600000|  0%| F|  |TAMS 0x000000070f400000| PB 0x000000070f400000| Untracked 
| 123|0x000000070f600000, 0x000000070f600000, 0x000000070f800000|  0%| F|  |TAMS 0x000000070f600000| PB 0x000000070f600000| Untracked 
| 124|0x000000070f800000, 0x000000070f800000, 0x000000070fa00000|  0%| F|  |TAMS 0x000000070f800000| PB 0x000000070f800000| Untracked 
| 125|0x000000070fa00000, 0x000000070fa00000, 0x000000070fc00000|  0%| F|  |TAMS 0x000000070fa00000| PB 0x000000070fa00000| Untracked 
| 126|0x000000070fc00000, 0x000000070fc00000, 0x000000070fe00000|  0%| F|  |TAMS 0x000000070fc00000| PB 0x000000070fc00000| Untracked 
| 127|0x000000070fe00000, 0x000000070fe00000, 0x0000000710000000|  0%| F|  |TAMS 0x000000070fe00000| PB 0x000000070fe00000| Untracked 
| 128|0x0000000710000000, 0x0000000710000000, 0x0000000710200000|  0%| F|  |TAMS 0x0000000710000000| PB 0x0000000710000000| Untracked 
| 129|0x0000000710200000, 0x0000000710200000, 0x0000000710400000|  0%| F|  |TAMS 0x0000000710200000| PB 0x0000000710200000| Untracked 
| 130|0x0000000710400000, 0x0000000710400000, 0x0000000710600000|  0%| F|  |TAMS 0x0000000710400000| PB 0x0000000710400000| Untracked 
| 131|0x0000000710600000, 0x0000000710600000, 0x0000000710800000|  0%| F|  |TAMS 0x0000000710600000| PB 0x0000000710600000| Untracked 
| 132|0x0000000710800000, 0x0000000710800000, 0x0000000710a00000|  0%| F|  |TAMS 0x0000000710800000| PB 0x0000000710800000| Untracked 
| 133|0x0000000710a00000, 0x0000000710a00000, 0x0000000710c00000|  0%| F|  |TAMS 0x0000000710a00000| PB 0x0000000710a00000| Untracked 
| 134|0x0000000710c00000, 0x0000000710c00000, 0x0000000710e00000|  0%| F|  |TAMS 0x0000000710c00000| PB 0x0000000710c00000| Untracked 
| 135|0x0000000710e00000, 0x0000000710e00000, 0x0000000711000000|  0%| F|  |TAMS 0x0000000710e00000| PB 0x0000000710e00000| Untracked 
| 136|0x0000000711000000, 0x0000000711000000, 0x0000000711200000|  0%| F|  |TAMS 0x0000000711000000| PB 0x0000000711000000| Untracked 
| 137|0x0000000711200000, 0x0000000711200000, 0x0000000711400000|  0%| F|  |TAMS 0x0000000711200000| PB 0x0000000711200000| Untracked 
| 138|0x0000000711400000, 0x0000000711400000, 0x0000000711600000|  0%| F|  |TAMS 0x0000000711400000| PB 0x0000000711400000| Untracked 
| 139|0x0000000711600000, 0x0000000711600000, 0x0000000711800000|  0%| F|  |TAMS 0x0000000711600000| PB 0x0000000711600000| Untracked 
| 140|0x0000000711800000, 0x0000000711800000, 0x0000000711a00000|  0%| F|  |TAMS 0x0000000711800000| PB 0x0000000711800000| Untracked 
| 141|0x0000000711a00000, 0x0000000711a00000, 0x0000000711c00000|  0%| F|  |TAMS 0x0000000711a00000| PB 0x0000000711a00000| Untracked 
| 142|0x0000000711c00000, 0x0000000711c00000, 0x0000000711e00000|  0%| F|  |TAMS 0x0000000711c00000| PB 0x0000000711c00000| Untracked 
| 143|0x0000000711e00000, 0x0000000711e00000, 0x0000000712000000|  0%| F|  |TAMS 0x0000000711e00000| PB 0x0000000711e00000| Untracked 
| 144|0x0000000712000000, 0x0000000712000000, 0x0000000712200000|  0%| F|  |TAMS 0x0000000712000000| PB 0x0000000712000000| Untracked 
| 145|0x0000000712200000, 0x0000000712200000, 0x0000000712400000|  0%| F|  |TAMS 0x0000000712200000| PB 0x0000000712200000| Untracked 
| 146|0x0000000712400000, 0x0000000712400000, 0x0000000712600000|  0%| F|  |TAMS 0x0000000712400000| PB 0x0000000712400000| Untracked 
| 147|0x0000000712600000, 0x0000000712600000, 0x0000000712800000|  0%| F|  |TAMS 0x0000000712600000| PB 0x0000000712600000| Untracked 
| 148|0x0000000712800000, 0x0000000712800000, 0x0000000712a00000|  0%| F|  |TAMS 0x0000000712800000| PB 0x0000000712800000| Untracked 
| 149|0x0000000712a00000, 0x0000000712a00000, 0x0000000712c00000|  0%| F|  |TAMS 0x0000000712a00000| PB 0x0000000712a00000| Untracked 
| 150|0x0000000712c00000, 0x0000000712c00000, 0x0000000712e00000|  0%| F|  |TAMS 0x0000000712c00000| PB 0x0000000712c00000| Untracked 
| 151|0x0000000712e00000, 0x0000000712e00000, 0x0000000713000000|  0%| F|  |TAMS 0x0000000712e00000| PB 0x0000000712e00000| Untracked 
| 152|0x0000000713000000, 0x0000000713000000, 0x0000000713200000|  0%| F|  |TAMS 0x0000000713000000| PB 0x0000000713000000| Untracked 
| 153|0x0000000713200000, 0x0000000713200000, 0x0000000713400000|  0%| F|  |TAMS 0x0000000713200000| PB 0x0000000713200000| Untracked 
| 154|0x0000000713400000, 0x0000000713400000, 0x0000000713600000|  0%| F|  |TAMS 0x0000000713400000| PB 0x0000000713400000| Untracked 
| 155|0x0000000713600000, 0x0000000713600000, 0x0000000713800000|  0%| F|  |TAMS 0x0000000713600000| PB 0x0000000713600000| Untracked 
| 156|0x0000000713800000, 0x0000000713800000, 0x0000000713a00000|  0%| F|  |TAMS 0x0000000713800000| PB 0x0000000713800000| Untracked 
| 157|0x0000000713a00000, 0x0000000713a00000, 0x0000000713c00000|  0%| F|  |TAMS 0x0000000713a00000| PB 0x0000000713a00000| Untracked 
| 158|0x0000000713c00000, 0x0000000713c00000, 0x0000000713e00000|  0%| F|  |TAMS 0x0000000713c00000| PB 0x0000000713c00000| Untracked 
| 159|0x0000000713e00000, 0x0000000713e00000, 0x0000000714000000|  0%| F|  |TAMS 0x0000000713e00000| PB 0x0000000713e00000| Untracked 
| 160|0x0000000714000000, 0x0000000714000000, 0x0000000714200000|  0%| F|  |TAMS 0x0000000714000000| PB 0x0000000714000000| Untracked 
| 161|0x0000000714200000, 0x0000000714200000, 0x0000000714400000|  0%| F|  |TAMS 0x0000000714200000| PB 0x0000000714200000| Untracked 
| 162|0x0000000714400000, 0x0000000714400000, 0x0000000714600000|  0%| F|  |TAMS 0x0000000714400000| PB 0x0000000714400000| Untracked 
| 163|0x0000000714600000, 0x0000000714600000, 0x0000000714800000|  0%| F|  |TAMS 0x0000000714600000| PB 0x0000000714600000| Untracked 
| 164|0x0000000714800000, 0x0000000714800000, 0x0000000714a00000|  0%| F|  |TAMS 0x0000000714800000| PB 0x0000000714800000| Untracked 
| 165|0x0000000714a00000, 0x0000000714a00000, 0x0000000714c00000|  0%| F|  |TAMS 0x0000000714a00000| PB 0x0000000714a00000| Untracked 
| 166|0x0000000714c00000, 0x0000000714c00000, 0x0000000714e00000|  0%| F|  |TAMS 0x0000000714c00000| PB 0x0000000714c00000| Untracked 
| 167|0x0000000714e00000, 0x0000000714e00000, 0x0000000715000000|  0%| F|  |TAMS 0x0000000714e00000| PB 0x0000000714e00000| Untracked 
| 168|0x0000000715000000, 0x0000000715000000, 0x0000000715200000|  0%| F|  |TAMS 0x0000000715000000| PB 0x0000000715000000| Untracked 
| 169|0x0000000715200000, 0x0000000715200000, 0x0000000715400000|  0%| F|  |TAMS 0x0000000715200000| PB 0x0000000715200000| Untracked 
| 170|0x0000000715400000, 0x0000000715400000, 0x0000000715600000|  0%| F|  |TAMS 0x0000000715400000| PB 0x0000000715400000| Untracked 
| 171|0x0000000715600000, 0x0000000715600000, 0x0000000715800000|  0%| F|  |TAMS 0x0000000715600000| PB 0x0000000715600000| Untracked 
| 172|0x0000000715800000, 0x0000000715800000, 0x0000000715a00000|  0%| F|  |TAMS 0x0000000715800000| PB 0x0000000715800000| Untracked 
| 173|0x0000000715a00000, 0x0000000715a00000, 0x0000000715c00000|  0%| F|  |TAMS 0x0000000715a00000| PB 0x0000000715a00000| Untracked 
| 174|0x0000000715c00000, 0x0000000715c00000, 0x0000000715e00000|  0%| F|  |TAMS 0x0000000715c00000| PB 0x0000000715c00000| Untracked 
| 175|0x0000000715e00000, 0x0000000715e00000, 0x0000000716000000|  0%| F|  |TAMS 0x0000000715e00000| PB 0x0000000715e00000| Untracked 
| 176|0x0000000716000000, 0x0000000716000000, 0x0000000716200000|  0%| F|  |TAMS 0x0000000716000000| PB 0x0000000716000000| Untracked 
| 177|0x0000000716200000, 0x0000000716200000, 0x0000000716400000|  0%| F|  |TAMS 0x0000000716200000| PB 0x0000000716200000| Untracked 
| 178|0x0000000716400000, 0x0000000716400000, 0x0000000716600000|  0%| F|  |TAMS 0x0000000716400000| PB 0x0000000716400000| Untracked 
| 179|0x0000000716600000, 0x0000000716600000, 0x0000000716800000|  0%| F|  |TAMS 0x0000000716600000| PB 0x0000000716600000| Untracked 
| 180|0x0000000716800000, 0x0000000716800000, 0x0000000716a00000|  0%| F|  |TAMS 0x0000000716800000| PB 0x0000000716800000| Untracked 
| 181|0x0000000716a00000, 0x0000000716a00000, 0x0000000716c00000|  0%| F|  |TAMS 0x0000000716a00000| PB 0x0000000716a00000| Untracked 
| 182|0x0000000716c00000, 0x0000000716c00000, 0x0000000716e00000|  0%| F|  |TAMS 0x0000000716c00000| PB 0x0000000716c00000| Untracked 
| 183|0x0000000716e00000, 0x0000000716e00000, 0x0000000717000000|  0%| F|  |TAMS 0x0000000716e00000| PB 0x0000000716e00000| Untracked 
| 184|0x0000000717000000, 0x0000000717000000, 0x0000000717200000|  0%| F|  |TAMS 0x0000000717000000| PB 0x0000000717000000| Untracked 
| 185|0x0000000717200000, 0x0000000717200000, 0x0000000717400000|  0%| F|  |TAMS 0x0000000717200000| PB 0x0000000717200000| Untracked 
| 186|0x0000000717400000, 0x0000000717400000, 0x0000000717600000|  0%| F|  |TAMS 0x0000000717400000| PB 0x0000000717400000| Untracked 
| 187|0x0000000717600000, 0x0000000717600000, 0x0000000717800000|  0%| F|  |TAMS 0x0000000717600000| PB 0x0000000717600000| Untracked 
| 188|0x0000000717800000, 0x0000000717800000, 0x0000000717a00000|  0%| F|  |TAMS 0x0000000717800000| PB 0x0000000717800000| Untracked 
| 189|0x0000000717a00000, 0x0000000717a00000, 0x0000000717c00000|  0%| F|  |TAMS 0x0000000717a00000| PB 0x0000000717a00000| Untracked 
| 190|0x0000000717c00000, 0x0000000717c00000, 0x0000000717e00000|  0%| F|  |TAMS 0x0000000717c00000| PB 0x0000000717c00000| Untracked 
| 191|0x0000000717e00000, 0x0000000717e00000, 0x0000000718000000|  0%| F|  |TAMS 0x0000000717e00000| PB 0x0000000717e00000| Untracked 
| 192|0x0000000718000000, 0x0000000718000000, 0x0000000718200000|  0%| F|  |TAMS 0x0000000718000000| PB 0x0000000718000000| Untracked 
| 193|0x0000000718200000, 0x0000000718200000, 0x0000000718400000|  0%| F|  |TAMS 0x0000000718200000| PB 0x0000000718200000| Untracked 
| 194|0x0000000718400000, 0x0000000718400000, 0x0000000718600000|  0%| F|  |TAMS 0x0000000718400000| PB 0x0000000718400000| Untracked 
| 195|0x0000000718600000, 0x0000000718600000, 0x0000000718800000|  0%| F|  |TAMS 0x0000000718600000| PB 0x0000000718600000| Untracked 
| 196|0x0000000718800000, 0x0000000718800000, 0x0000000718a00000|  0%| F|  |TAMS 0x0000000718800000| PB 0x0000000718800000| Untracked 
| 197|0x0000000718a00000, 0x0000000718a00000, 0x0000000718c00000|  0%| F|  |TAMS 0x0000000718a00000| PB 0x0000000718a00000| Untracked 
| 198|0x0000000718c00000, 0x0000000718c00000, 0x0000000718e00000|  0%| F|  |TAMS 0x0000000718c00000| PB 0x0000000718c00000| Untracked 
| 199|0x0000000718e00000, 0x0000000718e00000, 0x0000000719000000|  0%| F|  |TAMS 0x0000000718e00000| PB 0x0000000718e00000| Untracked 
| 200|0x0000000719000000, 0x0000000719000000, 0x0000000719200000|  0%| F|  |TAMS 0x0000000719000000| PB 0x0000000719000000| Untracked 
| 201|0x0000000719200000, 0x0000000719200000, 0x0000000719400000|  0%| F|  |TAMS 0x0000000719200000| PB 0x0000000719200000| Untracked 
| 202|0x0000000719400000, 0x0000000719400000, 0x0000000719600000|  0%| F|  |TAMS 0x0000000719400000| PB 0x0000000719400000| Untracked 
| 203|0x0000000719600000, 0x0000000719600000, 0x0000000719800000|  0%| F|  |TAMS 0x0000000719600000| PB 0x0000000719600000| Untracked 
| 204|0x0000000719800000, 0x0000000719800000, 0x0000000719a00000|  0%| F|  |TAMS 0x0000000719800000| PB 0x0000000719800000| Untracked 
| 205|0x0000000719a00000, 0x0000000719a00000, 0x0000000719c00000|  0%| F|  |TAMS 0x0000000719a00000| PB 0x0000000719a00000| Untracked 
| 206|0x0000000719c00000, 0x0000000719c00000, 0x0000000719e00000|  0%| F|  |TAMS 0x0000000719c00000| PB 0x0000000719c00000| Untracked 
| 207|0x0000000719e00000, 0x0000000719e00000, 0x000000071a000000|  0%| F|  |TAMS 0x0000000719e00000| PB 0x0000000719e00000| Untracked 
| 208|0x000000071a000000, 0x000000071a000000, 0x000000071a200000|  0%| F|  |TAMS 0x000000071a000000| PB 0x000000071a000000| Untracked 
| 209|0x000000071a200000, 0x000000071a200000, 0x000000071a400000|  0%| F|  |TAMS 0x000000071a200000| PB 0x000000071a200000| Untracked 
| 210|0x000000071a400000, 0x000000071a400000, 0x000000071a600000|  0%| F|  |TAMS 0x000000071a400000| PB 0x000000071a400000| Untracked 
| 211|0x000000071a600000, 0x000000071a600000, 0x000000071a800000|  0%| F|  |TAMS 0x000000071a600000| PB 0x000000071a600000| Untracked 
| 212|0x000000071a800000, 0x000000071a800000, 0x000000071aa00000|  0%| F|  |TAMS 0x000000071a800000| PB 0x000000071a800000| Untracked 
| 213|0x000000071aa00000, 0x000000071aa00000, 0x000000071ac00000|  0%| F|  |TAMS 0x000000071aa00000| PB 0x000000071aa00000| Untracked 
| 214|0x000000071ac00000, 0x000000071ac00000, 0x000000071ae00000|  0%| F|  |TAMS 0x000000071ac00000| PB 0x000000071ac00000| Untracked 
| 215|0x000000071ae00000, 0x000000071ae00000, 0x000000071b000000|  0%| F|  |TAMS 0x000000071ae00000| PB 0x000000071ae00000| Untracked 
| 216|0x000000071b000000, 0x000000071b000000, 0x000000071b200000|  0%| F|  |TAMS 0x000000071b000000| PB 0x000000071b000000| Untracked 
| 217|0x000000071b200000, 0x000000071b200000, 0x000000071b400000|  0%| F|  |TAMS 0x000000071b200000| PB 0x000000071b200000| Untracked 
| 218|0x000000071b400000, 0x000000071b400000, 0x000000071b600000|  0%| F|  |TAMS 0x000000071b400000| PB 0x000000071b400000| Untracked 
| 219|0x000000071b600000, 0x000000071b600000, 0x000000071b800000|  0%| F|  |TAMS 0x000000071b600000| PB 0x000000071b600000| Untracked 
| 220|0x000000071b800000, 0x000000071b800000, 0x000000071ba00000|  0%| F|  |TAMS 0x000000071b800000| PB 0x000000071b800000| Untracked 
| 221|0x000000071ba00000, 0x000000071ba00000, 0x000000071bc00000|  0%| F|  |TAMS 0x000000071ba00000| PB 0x000000071ba00000| Untracked 
| 222|0x000000071bc00000, 0x000000071bc00000, 0x000000071be00000|  0%| F|  |TAMS 0x000000071bc00000| PB 0x000000071bc00000| Untracked 
| 223|0x000000071be00000, 0x000000071be00000, 0x000000071c000000|  0%| F|  |TAMS 0x000000071be00000| PB 0x000000071be00000| Untracked 
| 224|0x000000071c000000, 0x000000071c000000, 0x000000071c200000|  0%| F|  |TAMS 0x000000071c000000| PB 0x000000071c000000| Untracked 
| 225|0x000000071c200000, 0x000000071c200000, 0x000000071c400000|  0%| F|  |TAMS 0x000000071c200000| PB 0x000000071c200000| Untracked 
| 226|0x000000071c400000, 0x000000071c400000, 0x000000071c600000|  0%| F|  |TAMS 0x000000071c400000| PB 0x000000071c400000| Untracked 
| 227|0x000000071c600000, 0x000000071c600000, 0x000000071c800000|  0%| F|  |TAMS 0x000000071c600000| PB 0x000000071c600000| Untracked 
| 228|0x000000071c800000, 0x000000071c800000, 0x000000071ca00000|  0%| F|  |TAMS 0x000000071c800000| PB 0x000000071c800000| Untracked 
| 229|0x000000071ca00000, 0x000000071ca00000, 0x000000071cc00000|  0%| F|  |TAMS 0x000000071ca00000| PB 0x000000071ca00000| Untracked 
| 230|0x000000071cc00000, 0x000000071cc00000, 0x000000071ce00000|  0%| F|  |TAMS 0x000000071cc00000| PB 0x000000071cc00000| Untracked 
| 231|0x000000071ce00000, 0x000000071ce00000, 0x000000071d000000|  0%| F|  |TAMS 0x000000071ce00000| PB 0x000000071ce00000| Untracked 
| 232|0x000000071d000000, 0x000000071d000000, 0x000000071d200000|  0%| F|  |TAMS 0x000000071d000000| PB 0x000000071d000000| Untracked 
| 233|0x000000071d200000, 0x000000071d200000, 0x000000071d400000|  0%| F|  |TAMS 0x000000071d200000| PB 0x000000071d200000| Untracked 
| 234|0x000000071d400000, 0x000000071d400000, 0x000000071d600000|  0%| F|  |TAMS 0x000000071d400000| PB 0x000000071d400000| Untracked 
| 235|0x000000071d600000, 0x000000071d600000, 0x000000071d800000|  0%| F|  |TAMS 0x000000071d600000| PB 0x000000071d600000| Untracked 
| 236|0x000000071d800000, 0x000000071d800000, 0x000000071da00000|  0%| F|  |TAMS 0x000000071d800000| PB 0x000000071d800000| Untracked 
| 237|0x000000071da00000, 0x000000071da00000, 0x000000071dc00000|  0%| F|  |TAMS 0x000000071da00000| PB 0x000000071da00000| Untracked 
| 238|0x000000071dc00000, 0x000000071dc00000, 0x000000071de00000|  0%| F|  |TAMS 0x000000071dc00000| PB 0x000000071dc00000| Untracked 
| 239|0x000000071de00000, 0x000000071de00000, 0x000000071e000000|  0%| F|  |TAMS 0x000000071de00000| PB 0x000000071de00000| Untracked 
| 240|0x000000071e000000, 0x000000071e000000, 0x000000071e200000|  0%| F|  |TAMS 0x000000071e000000| PB 0x000000071e000000| Untracked 
| 241|0x000000071e200000, 0x000000071e200000, 0x000000071e400000|  0%| F|  |TAMS 0x000000071e200000| PB 0x000000071e200000| Untracked 
| 242|0x000000071e400000, 0x000000071e400000, 0x000000071e600000|  0%| F|  |TAMS 0x000000071e400000| PB 0x000000071e400000| Untracked 
| 243|0x000000071e600000, 0x000000071e600000, 0x000000071e800000|  0%| F|  |TAMS 0x000000071e600000| PB 0x000000071e600000| Untracked 
| 244|0x000000071e800000, 0x000000071e800000, 0x000000071ea00000|  0%| F|  |TAMS 0x000000071e800000| PB 0x000000071e800000| Untracked 
| 245|0x000000071ea00000, 0x000000071ea00000, 0x000000071ec00000|  0%| F|  |TAMS 0x000000071ea00000| PB 0x000000071ea00000| Untracked 
| 246|0x000000071ec00000, 0x000000071ec00000, 0x000000071ee00000|  0%| F|  |TAMS 0x000000071ec00000| PB 0x000000071ec00000| Untracked 
| 247|0x000000071ee00000, 0x000000071ee00000, 0x000000071f000000|  0%| F|  |TAMS 0x000000071ee00000| PB 0x000000071ee00000| Untracked 
| 248|0x000000071f000000, 0x000000071f000000, 0x000000071f200000|  0%| F|  |TAMS 0x000000071f000000| PB 0x000000071f000000| Untracked 
| 249|0x000000071f200000, 0x000000071f200000, 0x000000071f400000|  0%| F|  |TAMS 0x000000071f200000| PB 0x000000071f200000| Untracked 
| 250|0x000000071f400000, 0x000000071f400000, 0x000000071f600000|  0%| F|  |TAMS 0x000000071f400000| PB 0x000000071f400000| Untracked 
| 251|0x000000071f600000, 0x000000071f600000, 0x000000071f800000|  0%| F|  |TAMS 0x000000071f600000| PB 0x000000071f600000| Untracked 
| 252|0x000000071f800000, 0x000000071f800000, 0x000000071fa00000|  0%| F|  |TAMS 0x000000071f800000| PB 0x000000071f800000| Untracked 
| 253|0x000000071fa00000, 0x000000071fa00000, 0x000000071fc00000|  0%| F|  |TAMS 0x000000071fa00000| PB 0x000000071fa00000| Untracked 
| 254|0x000000071fc00000, 0x000000071fc00000, 0x000000071fe00000|  0%| F|  |TAMS 0x000000071fc00000| PB 0x000000071fc00000| Untracked 
| 255|0x000000071fe00000, 0x000000071fe00000, 0x0000000720000000|  0%| F|  |TAMS 0x000000071fe00000| PB 0x000000071fe00000| Untracked 
| 256|0x0000000720000000, 0x0000000720000000, 0x0000000720200000|  0%| F|  |TAMS 0x0000000720000000| PB 0x0000000720000000| Untracked 
| 257|0x0000000720200000, 0x0000000720200000, 0x0000000720400000|  0%| F|  |TAMS 0x0000000720200000| PB 0x0000000720200000| Untracked 
| 258|0x0000000720400000, 0x0000000720400000, 0x0000000720600000|  0%| F|  |TAMS 0x0000000720400000| PB 0x0000000720400000| Untracked 
| 259|0x0000000720600000, 0x0000000720600000, 0x0000000720800000|  0%| F|  |TAMS 0x0000000720600000| PB 0x0000000720600000| Untracked 
| 260|0x0000000720800000, 0x0000000720800000, 0x0000000720a00000|  0%| F|  |TAMS 0x0000000720800000| PB 0x0000000720800000| Untracked 
| 261|0x0000000720a00000, 0x0000000720a00000, 0x0000000720c00000|  0%| F|  |TAMS 0x0000000720a00000| PB 0x0000000720a00000| Untracked 
| 262|0x0000000720c00000, 0x0000000720c00000, 0x0000000720e00000|  0%| F|  |TAMS 0x0000000720c00000| PB 0x0000000720c00000| Untracked 
| 263|0x0000000720e00000, 0x0000000720e00000, 0x0000000721000000|  0%| F|  |TAMS 0x0000000720e00000| PB 0x0000000720e00000| Untracked 
| 264|0x0000000721000000, 0x0000000721000000, 0x0000000721200000|  0%| F|  |TAMS 0x0000000721000000| PB 0x0000000721000000| Untracked 
| 265|0x0000000721200000, 0x0000000721200000, 0x0000000721400000|  0%| F|  |TAMS 0x0000000721200000| PB 0x0000000721200000| Untracked 
| 266|0x0000000721400000, 0x0000000721400000, 0x0000000721600000|  0%| F|  |TAMS 0x0000000721400000| PB 0x0000000721400000| Untracked 
| 267|0x0000000721600000, 0x0000000721600000, 0x0000000721800000|  0%| F|  |TAMS 0x0000000721600000| PB 0x0000000721600000| Untracked 
| 268|0x0000000721800000, 0x0000000721800000, 0x0000000721a00000|  0%| F|  |TAMS 0x0000000721800000| PB 0x0000000721800000| Untracked 
| 269|0x0000000721a00000, 0x0000000721a00000, 0x0000000721c00000|  0%| F|  |TAMS 0x0000000721a00000| PB 0x0000000721a00000| Untracked 
| 270|0x0000000721c00000, 0x0000000721c00000, 0x0000000721e00000|  0%| F|  |TAMS 0x0000000721c00000| PB 0x0000000721c00000| Untracked 
| 271|0x0000000721e00000, 0x0000000721e00000, 0x0000000722000000|  0%| F|  |TAMS 0x0000000721e00000| PB 0x0000000721e00000| Untracked 
| 272|0x0000000722000000, 0x0000000722000000, 0x0000000722200000|  0%| F|  |TAMS 0x0000000722000000| PB 0x0000000722000000| Untracked 
| 273|0x0000000722200000, 0x0000000722200000, 0x0000000722400000|  0%| F|  |TAMS 0x0000000722200000| PB 0x0000000722200000| Untracked 
| 274|0x0000000722400000, 0x0000000722400000, 0x0000000722600000|  0%| F|  |TAMS 0x0000000722400000| PB 0x0000000722400000| Untracked 
| 275|0x0000000722600000, 0x0000000722600000, 0x0000000722800000|  0%| F|  |TAMS 0x0000000722600000| PB 0x0000000722600000| Untracked 
| 276|0x0000000722800000, 0x0000000722800000, 0x0000000722a00000|  0%| F|  |TAMS 0x0000000722800000| PB 0x0000000722800000| Untracked 
| 277|0x0000000722a00000, 0x0000000722a00000, 0x0000000722c00000|  0%| F|  |TAMS 0x0000000722a00000| PB 0x0000000722a00000| Untracked 
| 278|0x0000000722c00000, 0x0000000722c00000, 0x0000000722e00000|  0%| F|  |TAMS 0x0000000722c00000| PB 0x0000000722c00000| Untracked 
| 279|0x0000000722e00000, 0x0000000722e00000, 0x0000000723000000|  0%| F|  |TAMS 0x0000000722e00000| PB 0x0000000722e00000| Untracked 
| 280|0x0000000723000000, 0x0000000723000000, 0x0000000723200000|  0%| F|  |TAMS 0x0000000723000000| PB 0x0000000723000000| Untracked 
| 281|0x0000000723200000, 0x0000000723200000, 0x0000000723400000|  0%| F|  |TAMS 0x0000000723200000| PB 0x0000000723200000| Untracked 
| 282|0x0000000723400000, 0x0000000723400000, 0x0000000723600000|  0%| F|  |TAMS 0x0000000723400000| PB 0x0000000723400000| Untracked 
| 283|0x0000000723600000, 0x0000000723600000, 0x0000000723800000|  0%| F|  |TAMS 0x0000000723600000| PB 0x0000000723600000| Untracked 
| 284|0x0000000723800000, 0x0000000723800000, 0x0000000723a00000|  0%| F|  |TAMS 0x0000000723800000| PB 0x0000000723800000| Untracked 
| 285|0x0000000723a00000, 0x0000000723a00000, 0x0000000723c00000|  0%| F|  |TAMS 0x0000000723a00000| PB 0x0000000723a00000| Untracked 
| 286|0x0000000723c00000, 0x0000000723c00000, 0x0000000723e00000|  0%| F|  |TAMS 0x0000000723c00000| PB 0x0000000723c00000| Untracked 
| 287|0x0000000723e00000, 0x0000000723e00000, 0x0000000724000000|  0%| F|  |TAMS 0x0000000723e00000| PB 0x0000000723e00000| Untracked 
| 288|0x0000000724000000, 0x0000000724000000, 0x0000000724200000|  0%| F|  |TAMS 0x0000000724000000| PB 0x0000000724000000| Untracked 
| 289|0x0000000724200000, 0x0000000724200000, 0x0000000724400000|  0%| F|  |TAMS 0x0000000724200000| PB 0x0000000724200000| Untracked 
| 290|0x0000000724400000, 0x0000000724400000, 0x0000000724600000|  0%| F|  |TAMS 0x0000000724400000| PB 0x0000000724400000| Untracked 
|2043|0x00000007ff600000, 0x00000007ff600000, 0x00000007ff800000|  0%| F|  |TAMS 0x00000007ff600000| PB 0x00000007ff600000| Untracked 
|2044|0x00000007ff800000, 0x00000007ffa00000, 0x00000007ffa00000|100%| O|  |TAMS 0x00000007ff800000| PB 0x00000007ff800000| Untracked 
|2045|0x00000007ffa00000, 0x00000007ffc00000, 0x00000007ffc00000|100%| O|  |TAMS 0x00000007ffa00000| PB 0x00000007ffa00000| Untracked 
|2046|0x00000007ffc00000, 0x00000007ffe00000, 0x00000007ffe00000|100%| O|  |TAMS 0x00000007ffc00000| PB 0x00000007ffc00000| Untracked 
|2047|0x00000007ffe00000, 0x0000000800000000, 0x0000000800000000|100%| O|  |TAMS 0x00000007ffe00000| PB 0x00000007ffe00000| Untracked 

Card table byte_map: [0x0000021c5c0e0000,0x0000021c5c8e0000] _byte_map_base: 0x0000021c588e0000

Marking Bits: (CMBitMap*) 0x0000021c48f5f120
 Bits: [0x0000021c5c8e0000, 0x0000021c608e0000)

Polling page: 0x0000021c46d40000

Metaspace:

Usage:
  Non-class:     54.13 MB used.
      Class:      8.62 MB used.
       Both:     62.75 MB used.

Virtual space:
  Non-class space:       64.00 MB reserved,      55.00 MB ( 86%) committed,  1 nodes.
      Class space:      832.00 MB reserved,       9.44 MB (  1%) committed,  1 nodes.
             Both:      896.00 MB reserved,      64.44 MB (  7%) committed. 

Chunk freelists:
   Non-Class:  9.02 MB
       Class:  6.52 MB
        Both:  15.53 MB

MaxMetaspaceSize: 1.00 GB
CompressedClassSpaceSize: 832.00 MB
Initial GC threshold: 21.00 MB
Current GC threshold: 100.62 MB
CDS: off
 - commit_granule_bytes: 65536.
 - commit_granule_words: 8192.
 - virtual_space_node_default_size: 8388608.
 - enlarge_chunks_in_place: 1.
 - use_allocation_guard: 0.


Internal statistics:

num_allocs_failed_limit: 6.
num_arena_births: 3262.
num_arena_deaths: 0.
num_vsnodes_births: 2.
num_vsnodes_deaths: 0.
num_space_committed: 1031.
num_space_uncommitted: 0.
num_chunks_returned_to_freelist: 6.
num_chunks_taken_from_freelist: 5967.
num_chunk_merges: 3.
num_chunk_splits: 3835.
num_chunks_enlarged: 2324.
num_inconsistent_stats: 0.

CodeHeap 'non-profiled nmethods': size=119168Kb used=7566Kb max_used=7566Kb free=111601Kb
 bounds [0x0000021c53bf0000, 0x0000021c54360000, 0x0000021c5b050000]
CodeHeap 'profiled nmethods': size=119104Kb used=14928Kb max_used=14928Kb free=104175Kb
 bounds [0x0000021c4c050000, 0x0000021c4cef0000, 0x0000021c534a0000]
CodeHeap 'non-nmethods': size=7488Kb used=3737Kb max_used=3825Kb free=3750Kb
 bounds [0x0000021c534a0000, 0x0000021c53870000, 0x0000021c53bf0000]
CodeCache: size=245760Kb, used=26231Kb, max_used=26319Kb, free=219526Kb
 total_blobs=8135, nmethods=7378, adapters=658, full_count=0
Compilation: enabled, stopped_count=0, restarted_count=0

Compilation events (20 events):
Event: 8.994 Thread 0x0000021c63aee450 nmethod 8976 0x0000021c4cedd390 code [0x0000021c4cedd600, 0x0000021c4cede348]
Event: 8.994 Thread 0x0000021c63c06530 nmethod 8977 0x0000021c4cede690 code [0x0000021c4cede8c0, 0x0000021c4cedf138]
Event: 9.002 Thread 0x0000021c63aee450 8984       3       org.jetbrains.org.objectweb.asm.MethodWriter::visitParameter (57 bytes)
Event: 9.002 Thread 0x0000021c63aee450 nmethod 8984 0x0000021c4cedf510 code [0x0000021c4cedf700, 0x0000021c4cedfc08]
Event: 9.005 Thread 0x0000021c6d35d080 8986       3       java.util.TimSort::mergeLo (659 bytes)
Event: 9.006 Thread 0x0000021c6d35d080 nmethod 8986 0x0000021c4cedfe10 code [0x0000021c4cee01a0, 0x0000021c4cee25f8]
Event: 9.007 Thread 0x0000021c6f5c60e0 nmethod 8359 0x0000021c5434d890 code [0x0000021c5434db20, 0x0000021c5434f518]
Event: 9.007 Thread 0x0000021c6f5c60e0 8360       4       org.jetbrains.kotlin.name.FqNameUnsafe::parent (61 bytes)
Event: 9.011 Thread 0x0000021c6d35d080 8989       2       org.jetbrains.org.objectweb.asm.SymbolTable$Entry::<init> (17 bytes)
Event: 9.011 Thread 0x0000021c6d35d080 nmethod 8989 0x0000021c4cee2d90 code [0x0000021c4cee2f40, 0x0000021c4cee30a8]
Event: 9.012 Thread 0x0000021c6d35d080 8990       2       org.jetbrains.org.objectweb.asm.SymbolTable::hash (7 bytes)
Event: 9.012 Thread 0x0000021c6d35d080 nmethod 8990 0x0000021c4cee3190 code [0x0000021c4cee3320, 0x0000021c4cee3410]
Event: 9.016 Thread 0x0000021c6d35d080 8991       2       org.jetbrains.org.objectweb.asm.SymbolTable::addConstantIntegerOrFloat (100 bytes)
Event: 9.016 Thread 0x0000021c6d35d080 nmethod 8991 0x0000021c4cee3490 code [0x0000021c4cee3680, 0x0000021c4cee39f0]
Event: 9.022 Thread 0x0000021c6d35d080 8992       2       org.jetbrains.org.objectweb.asm.ClassReader::readLong (29 bytes)
Event: 9.022 Thread 0x0000021c6d35d080 nmethod 8992 0x0000021c4cee3c10 code [0x0000021c4cee3dc0, 0x0000021c4cee3f58]
Event: 9.023 Thread 0x0000021c6f5c60e0 nmethod 8360 0x0000021c54350310 code [0x0000021c54350580, 0x0000021c54351c88]
Event: 9.023 Thread 0x0000021c6f5c60e0 8988       4       org.jetbrains.org.objectweb.asm.ClassReader::<init> (339 bytes)
Event: 9.029 Thread 0x0000021c6f5c60e0 nmethod 8988 0x0000021c54352790 code [0x0000021c54352980, 0x0000021c54353610]
Event: 9.029 Thread 0x0000021c6f5c60e0 8994       4       org.jetbrains.org.objectweb.asm.ClassReader::accept (1401 bytes)

GC Heap History (20 events):
Event: 6.474 GC heap after
{Heap after GC invocations=47 (full 0):
 garbage-first heap   total 378880K, used 87330K [0x0000000700000000, 0x0000000800000000)
  region size 2048K, 7 young (14336K), 7 survivors (14336K)
 Metaspace       used 60172K, committed 61888K, reserved 917504K
  class space    used 8458K, committed 9344K, reserved 851968K
}
Event: 6.591 GC heap before
{Heap before GC invocations=47 (full 0):
 garbage-first heap   total 378880K, used 300322K [0x0000000700000000, 0x0000000800000000)
  region size 2048K, 111 young (227328K), 7 survivors (14336K)
 Metaspace       used 60173K, committed 61888K, reserved 917504K
  class space    used 8458K, committed 9344K, reserved 851968K
}
Event: 6.597 GC heap after
{Heap after GC invocations=48 (full 0):
 garbage-first heap   total 495616K, used 88873K [0x0000000700000000, 0x0000000800000000)
  region size 2048K, 8 young (16384K), 8 survivors (16384K)
 Metaspace       used 60173K, committed 61888K, reserved 917504K
  class space    used 8458K, committed 9344K, reserved 851968K
}
Event: 6.761 GC heap before
{Heap before GC invocations=48 (full 0):
 garbage-first heap   total 495616K, used 369449K [0x0000000700000000, 0x0000000800000000)
  region size 2048K, 145 young (296960K), 8 survivors (16384K)
 Metaspace       used 60174K, committed 61952K, reserved 917504K
  class space    used 8458K, committed 9344K, reserved 851968K
}
Event: 6.767 GC heap after
{Heap after GC invocations=49 (full 0):
 garbage-first heap   total 495616K, used 90740K [0x0000000700000000, 0x0000000800000000)
  region size 2048K, 8 young (16384K), 8 survivors (16384K)
 Metaspace       used 60174K, committed 61952K, reserved 917504K
  class space    used 8458K, committed 9344K, reserved 851968K
}
Event: 6.942 GC heap before
{Heap before GC invocations=49 (full 0):
 garbage-first heap   total 495616K, used 371316K [0x0000000700000000, 0x0000000800000000)
  region size 2048K, 145 young (296960K), 8 survivors (16384K)
 Metaspace       used 60175K, committed 61952K, reserved 917504K
  class space    used 8458K, committed 9344K, reserved 851968K
}
Event: 6.948 GC heap after
{Heap after GC invocations=50 (full 0):
 garbage-first heap   total 495616K, used 92025K [0x0000000700000000, 0x0000000800000000)
  region size 2048K, 9 young (18432K), 9 survivors (18432K)
 Metaspace       used 60175K, committed 61952K, reserved 917504K
  class space    used 8458K, committed 9344K, reserved 851968K
}
Event: 7.139 GC heap before
{Heap before GC invocations=50 (full 0):
 garbage-first heap   total 495616K, used 368505K [0x0000000700000000, 0x0000000800000000)
  region size 2048K, 145 young (296960K), 9 survivors (18432K)
 Metaspace       used 60183K, committed 61952K, reserved 917504K
  class space    used 8458K, committed 9344K, reserved 851968K
}
Event: 7.146 GC heap after
{Heap after GC invocations=51 (full 0):
 garbage-first heap   total 495616K, used 94583K [0x0000000700000000, 0x0000000800000000)
  region size 2048K, 9 young (18432K), 9 survivors (18432K)
 Metaspace       used 60183K, committed 61952K, reserved 917504K
  class space    used 8458K, committed 9344K, reserved 851968K
}
Event: 7.310 GC heap before
{Heap before GC invocations=51 (full 0):
 garbage-first heap   total 495616K, used 373111K [0x0000000700000000, 0x0000000800000000)
  region size 2048K, 145 young (296960K), 9 survivors (18432K)
 Metaspace       used 60187K, committed 61952K, reserved 917504K
  class space    used 8458K, committed 9344K, reserved 851968K
}
Event: 7.319 GC heap after
{Heap after GC invocations=52 (full 0):
 garbage-first heap   total 606208K, used 95499K [0x0000000700000000, 0x0000000800000000)
  region size 2048K, 10 young (20480K), 10 survivors (20480K)
 Metaspace       used 60187K, committed 61952K, reserved 917504K
  class space    used 8458K, committed 9344K, reserved 851968K
}
Event: 7.528 GC heap before
{Heap before GC invocations=52 (full 0):
 garbage-first heap   total 606208K, used 437515K [0x0000000700000000, 0x0000000800000000)
  region size 2048K, 177 young (362496K), 10 survivors (20480K)
 Metaspace       used 60211K, committed 62016K, reserved 917504K
  class space    used 8458K, committed 9344K, reserved 851968K
}
Event: 7.536 GC heap after
{Heap after GC invocations=53 (full 0):
 garbage-first heap   total 606208K, used 97697K [0x0000000700000000, 0x0000000800000000)
  region size 2048K, 10 young (20480K), 10 survivors (20480K)
 Metaspace       used 60211K, committed 62016K, reserved 917504K
  class space    used 8458K, committed 9344K, reserved 851968K
}
Event: 7.731 GC heap before
{Heap before GC invocations=53 (full 0):
 garbage-first heap   total 606208K, used 439713K [0x0000000700000000, 0x0000000800000000)
  region size 2048K, 177 young (362496K), 10 survivors (20480K)
 Metaspace       used 60221K, committed 62016K, reserved 917504K
  class space    used 8458K, committed 9344K, reserved 851968K
}
Event: 7.738 GC heap after
{Heap after GC invocations=54 (full 0):
 garbage-first heap   total 606208K, used 99988K [0x0000000700000000, 0x0000000800000000)
  region size 2048K, 11 young (22528K), 11 survivors (22528K)
 Metaspace       used 60221K, committed 62016K, reserved 917504K
  class space    used 8458K, committed 9344K, reserved 851968K
}
Event: 8.346 GC heap before
{Heap before GC invocations=54 (full 0):
 garbage-first heap   total 606208K, used 446100K [0x0000000700000000, 0x0000000800000000)
  region size 2048K, 177 young (362496K), 11 survivors (22528K)
 Metaspace       used 60735K, committed 62464K, reserved 917504K
  class space    used 8507K, committed 9344K, reserved 851968K
}
Event: 8.354 GC heap after
{Heap after GC invocations=55 (full 0):
 garbage-first heap   total 606208K, used 118859K [0x0000000700000000, 0x0000000800000000)
  region size 2048K, 16 young (32768K), 16 survivors (32768K)
 Metaspace       used 60735K, committed 62464K, reserved 917504K
  class space    used 8507K, committed 9344K, reserved 851968K
}
Event: 8.730 GC heap before
{Heap before GC invocations=55 (full 0):
 garbage-first heap   total 606208K, used 448587K [0x0000000700000000, 0x0000000800000000)
  region size 2048K, 177 young (362496K), 16 survivors (32768K)
 Metaspace       used 63619K, committed 65408K, reserved 917504K
  class space    used 8795K, committed 9664K, reserved 851968K
}
Event: 8.739 GC heap after
{Heap after GC invocations=56 (full 0):
 garbage-first heap   total 606208K, used 128546K [0x0000000700000000, 0x0000000800000000)
  region size 2048K, 5 young (10240K), 5 survivors (10240K)
 Metaspace       used 63619K, committed 65408K, reserved 917504K
  class space    used 8795K, committed 9664K, reserved 851968K
}
Event: 9.030 GC heap before
{Heap before GC invocations=56 (full 0):
 garbage-first heap   total 606208K, used 480802K [0x0000000700000000, 0x0000000800000000)
  region size 2048K, 177 young (362496K), 5 survivors (10240K)
 Metaspace       used 64255K, committed 65984K, reserved 917504K
  class space    used 8824K, committed 9664K, reserved 851968K
}

Dll operation events (3 events):
Event: 0.005 Loaded shared library C:\Program Files\Android\Android Studio\jbr\bin\java.dll
Event: 0.008 Loaded shared library C:\Program Files\Android\Android Studio\jbr\bin\zip.dll
Event: 0.407 Loaded shared library C:\Program Files\Android\Android Studio\jbr\bin\verify.dll

Deoptimization events (20 events):
Event: 9.018 Thread 0x0000021c6b02ce20 DEOPT PACKING pc=0x0000021c4cede1c5 sp=0x000000c884df68f0
Event: 9.018 Thread 0x0000021c6b02ce20 DEOPT UNPACKING pc=0x0000021c534f86e2 sp=0x000000c884df5d80 mode 0
Event: 9.020 Thread 0x0000021c6b02ce20 DEOPT PACKING pc=0x0000021c4cede1c5 sp=0x000000c884df6950
Event: 9.020 Thread 0x0000021c6b02ce20 DEOPT UNPACKING pc=0x0000021c534f86e2 sp=0x000000c884df5de0 mode 0
Event: 9.021 Thread 0x0000021c6b02ce20 DEOPT PACKING pc=0x0000021c4cede1c5 sp=0x000000c884df68f0
Event: 9.021 Thread 0x0000021c6b02ce20 DEOPT UNPACKING pc=0x0000021c534f86e2 sp=0x000000c884df5d80 mode 0
Event: 9.023 Thread 0x0000021c6b02ce20 DEOPT PACKING pc=0x0000021c4cede1c5 sp=0x000000c884df68f0
Event: 9.023 Thread 0x0000021c6b02ce20 DEOPT UNPACKING pc=0x0000021c534f86e2 sp=0x000000c884df5d80 mode 0
Event: 9.023 Thread 0x0000021c6b02ce20 DEOPT PACKING pc=0x0000021c4cede1c5 sp=0x000000c884df68f0
Event: 9.024 Thread 0x0000021c6b02ce20 DEOPT UNPACKING pc=0x0000021c534f86e2 sp=0x000000c884df5d80 mode 0
Event: 9.024 Thread 0x0000021c6b02ce20 DEOPT PACKING pc=0x0000021c4cede1c5 sp=0x000000c884df68f0
Event: 9.024 Thread 0x0000021c6b02ce20 DEOPT UNPACKING pc=0x0000021c534f86e2 sp=0x000000c884df5d80 mode 0
Event: 9.024 Thread 0x0000021c6b02ce20 DEOPT PACKING pc=0x0000021c4cede1c5 sp=0x000000c884df68f0
Event: 9.024 Thread 0x0000021c6b02ce20 DEOPT UNPACKING pc=0x0000021c534f86e2 sp=0x000000c884df5d80 mode 0
Event: 9.025 Thread 0x0000021c6b02ce20 DEOPT PACKING pc=0x0000021c4cede1c5 sp=0x000000c884df68f0
Event: 9.025 Thread 0x0000021c6b02ce20 DEOPT UNPACKING pc=0x0000021c534f86e2 sp=0x000000c884df5d80 mode 0
Event: 9.027 Thread 0x0000021c6b02ce20 DEOPT PACKING pc=0x0000021c4cede1c5 sp=0x000000c884df68f0
Event: 9.027 Thread 0x0000021c6b02ce20 DEOPT UNPACKING pc=0x0000021c534f86e2 sp=0x000000c884df5d80 mode 0
Event: 9.028 Thread 0x0000021c6b02ce20 DEOPT PACKING pc=0x0000021c4cede1c5 sp=0x000000c884df6950
Event: 9.028 Thread 0x0000021c6b02ce20 DEOPT UNPACKING pc=0x0000021c534f86e2 sp=0x000000c884df5de0 mode 0

Classes loaded (20 events):
Event: 3.712 Loading class java/nio/charset/UnsupportedCharsetException
Event: 3.712 Loading class java/nio/charset/UnsupportedCharsetException done
Event: 3.713 Loading class java/util/Collections$UnmodifiableSortedMap
Event: 3.713 Loading class java/util/Collections$UnmodifiableSortedMap done
Event: 3.713 Loading class java/util/zip/Deflater
Event: 3.713 Loading class java/util/zip/Deflater done
Event: 3.714 Loading class java/util/zip/Deflater$DeflaterZStreamRef
Event: 3.714 Loading class java/util/zip/Deflater$DeflaterZStreamRef done
Event: 3.716 Loading class java/util/zip/ZipFile$ZipEntryIterator
Event: 3.716 Loading class java/util/zip/ZipFile$ZipEntryIterator done
Event: 3.730 Loading class java/nio/StringCharBuffer
Event: 3.730 Loading class java/nio/StringCharBuffer done
Event: 4.517 Loading class java/util/regex/Pattern$Caret
Event: 4.517 Loading class java/util/regex/Pattern$Caret done
Event: 8.248 Loading class java/rmi/RemoteException
Event: 8.248 Loading class java/rmi/RemoteException done
Event: 8.615 Loading class java/io/UTFDataFormatException
Event: 8.615 Loading class java/io/UTFDataFormatException done
Event: 8.616 Loading class java/lang/reflect/InaccessibleObjectException
Event: 8.616 Loading class java/lang/reflect/InaccessibleObjectException done

Classes unloaded (0 events):
No events

Classes redefined (0 events):
No events

Internal exceptions (20 events):
Event: 3.635 Thread 0x0000021c6b02ce20 Exception <a 'java/lang/NoSuchMethodError'{0x0000000704b6e5f8}: 'java.lang.Object java.lang.invoke.Invokers$Holder.invoker(java.lang.Object, java.lang.Object, java.lang.Object, java.lang.Object, java.lang.Object, java.lang.Object, java.lang.Object, java.lang.Object, java.lang.Object, java.lang.Object, java.lang.Object, java.lang.Object, java.lang.Object, java.lang.Object, java.lang.Object, java.lang.Object, java.lang.Object, java.lang.Object, java.lang.Object, java.lang.Object, java.lang.Object, java.lang.
Event: 3.635 Thread 0x0000021c6b02ce20 Exception <a 'java/lang/NoSuchMethodError'{0x0000000704b751c0}: 'java.lang.Object java.lang.invoke.DelegatingMethodHandle$Holder.delegate(java.lang.Object, java.lang.Object, java.lang.Object, java.lang.Object, java.lang.Object, java.lang.Object, java.lang.Object, java.lang.Object, java.lang.Object, java.lang.Object, java.lang.Object, java.lang.Object, java.lang.Object, java.lang.Object, java.lang.Object, java.lang.Object, java.lang.Object, java.lang.Object, java.lang.Object, java.lang.Object, java.lang.Obj
Event: 3.639 Thread 0x0000021c6b02ce20 Exception <a 'sun/nio/fs/WindowsException'{0x00000007048a81c8}> (0x00000007048a81c8) 
thrown [s\src\hotspot\share\prims\jni.cpp, line 537]
Event: 3.651 Thread 0x0000021c6b02ce20 Exception <a 'java/lang/NoSuchMethodError'{0x00000007049cd758}: 'java.lang.Object java.lang.invoke.DirectMethodHandle$Holder.newInvokeSpecial(java.lang.Object, java.lang.Object, java.lang.Object, java.lang.Object, java.lang.Object, java.lang.Object, int)'> (0x00000007049cd758) 
thrown [s\src\hotspot\share\interpreter\linkResolver.cpp, line 784]
Event: 3.651 Thread 0x0000021c6b02ce20 Exception <a 'java/lang/NoSuchMethodError'{0x00000007049d2628}: 'java.lang.Object java.lang.invoke.DirectMethodHandle$Holder.invokeSpecial(java.lang.Object, java.lang.Object, java.lang.Object, java.lang.Object, java.lang.Object, java.lang.Object, java.lang.Object, int)'> (0x00000007049d2628) 
thrown [s\src\hotspot\share\interpreter\linkResolver.cpp, line 784]
Event: 3.651 Thread 0x0000021c6b02ce20 Exception <a 'java/lang/NoSuchMethodError'{0x00000007049d6a98}: 'java.lang.Object java.lang.invoke.Invokers$Holder.linkToTargetMethod(java.lang.Object, java.lang.Object, java.lang.Object, java.lang.Object, java.lang.Object, int, java.lang.Object)'> (0x00000007049d6a98) 
thrown [s\src\hotspot\share\interpreter\linkResolver.cpp, line 784]
Event: 3.699 Thread 0x0000021c6b02ce20 Exception <a 'sun/nio/fs/WindowsException'{0x0000000704c5b238}> (0x0000000704c5b238) 
thrown [s\src\hotspot\share\prims\jni.cpp, line 537]
Event: 3.699 Thread 0x0000021c6b02ce20 Exception <a 'sun/nio/fs/WindowsException'{0x0000000704c63b30}> (0x0000000704c63b30) 
thrown [s\src\hotspot\share\prims\jni.cpp, line 537]
Event: 3.705 Thread 0x0000021c6b02ce20 Exception <a 'sun/nio/fs/WindowsException'{0x0000000704d48188}> (0x0000000704d48188) 
thrown [s\src\hotspot\share\prims\jni.cpp, line 537]
Event: 3.706 Thread 0x0000021c6b02ce20 Exception <a 'sun/nio/fs/WindowsException'{0x0000000704d4a078}> (0x0000000704d4a078) 
thrown [s\src\hotspot\share\prims\jni.cpp, line 537]
Event: 3.706 Thread 0x0000021c6b02ce20 Exception <a 'sun/nio/fs/WindowsException'{0x0000000704d4b9a8}> (0x0000000704d4b9a8) 
thrown [s\src\hotspot\share\prims\jni.cpp, line 537]
Event: 3.716 Thread 0x0000021c6b02ce20 Implicit null exception at 0x0000021c53c496ef to 0x0000021c53c4a2b0
Event: 4.238 Thread 0x0000021c6b02ce20 Implicit null exception at 0x0000021c54040efb to 0x0000021c54042080
Event: 7.932 Thread 0x0000021c6b02ce20 Exception <a 'sun/nio/fs/WindowsException'{0x0000000712a648f0}> (0x0000000712a648f0) 
thrown [s\src\hotspot\share\prims\jni.cpp, line 537]
Event: 7.932 Thread 0x0000021c6b02ce20 Exception <a 'sun/nio/fs/WindowsException'{0x0000000712a64a78}> (0x0000000712a64a78) 
thrown [s\src\hotspot\share\prims\jni.cpp, line 537]
Event: 8.244 Thread 0x0000021c6b02ce20 Exception <a 'java/lang/NoSuchMethodError'{0x00000007129ac2e8}: 'java.lang.Object java.lang.invoke.DirectMethodHandle$Holder.newInvokeSpecial(java.lang.Object, java.lang.Object, int, java.lang.Object, java.lang.Object, java.lang.Object, java.lang.Object)'> (0x00000007129ac2e8) 
thrown [s\src\hotspot\share\interpreter\linkResolver.cpp, line 784]
Event: 8.244 Thread 0x0000021c6b02ce20 Exception <a 'java/lang/NoSuchMethodError'{0x00000007129b4cc8}: 'java.lang.Object java.lang.invoke.Invokers$Holder.linkToTargetMethod(java.lang.Object, int, java.lang.Object, java.lang.Object, java.lang.Object, java.lang.Object, java.lang.Object)'> (0x00000007129b4cc8) 
thrown [s\src\hotspot\share\interpreter\linkResolver.cpp, line 784]
Event: 8.244 Thread 0x0000021c6b02e860 Exception <a 'sun/nio/fs/WindowsException'{0x000000071264d218}> (0x000000071264d218) 
thrown [s\src\hotspot\share\prims\jni.cpp, line 537]
Event: 8.252 Thread 0x0000021c6b02ce20 Exception <a 'java/lang/NoSuchMethodError'{0x0000000712703b20}: 'int java.lang.invoke.DirectMethodHandle$Holder.invokeStaticInit(java.lang.Object, java.lang.Object, int)'> (0x0000000712703b20) 
thrown [s\src\hotspot\share\interpreter\linkResolver.cpp, line 784]
Event: 8.409 Thread 0x0000021c6b02ce20 Exception <a 'java/lang/NoSuchMethodError'{0x000000072403f9f0}: 'int java.lang.invoke.DirectMethodHandle$Holder.invokeStatic(java.lang.Object, java.lang.Object, int, int)'> (0x000000072403f9f0) 
thrown [s\src\hotspot\share\interpreter\linkResolver.cpp, line 784]

ZGC Phase Switch (0 events):
No events

VM Operations (20 events):
Event: 7.320 Executing VM operation: G1CollectForAllocation (G1 Evacuation Pause) done
Event: 7.528 Executing VM operation: G1CollectForAllocation (G1 Evacuation Pause)
Event: 7.536 Executing VM operation: G1CollectForAllocation (G1 Evacuation Pause) done
Event: 7.731 Executing VM operation: G1CollectForAllocation (G1 Evacuation Pause)
Event: 7.738 Executing VM operation: G1CollectForAllocation (G1 Evacuation Pause) done
Event: 8.346 Executing VM operation: G1CollectForAllocation (G1 Evacuation Pause)
Event: 8.354 Executing VM operation: G1CollectForAllocation (G1 Evacuation Pause) done
Event: 8.422 Executing VM operation: HandshakeAllThreads (Deoptimize)
Event: 8.422 Executing VM operation: HandshakeAllThreads (Deoptimize) done
Event: 8.422 Executing VM operation: HandshakeAllThreads (Deoptimize)
Event: 8.422 Executing VM operation: HandshakeAllThreads (Deoptimize) done
Event: 8.608 Executing VM operation: HandshakeAllThreads (Deoptimize)
Event: 8.608 Executing VM operation: HandshakeAllThreads (Deoptimize) done
Event: 8.630 Executing VM operation: ICBufferFull
Event: 8.630 Executing VM operation: ICBufferFull done
Event: 8.730 Executing VM operation: G1CollectForAllocation (G1 Evacuation Pause)
Event: 8.739 Executing VM operation: G1CollectForAllocation (G1 Evacuation Pause) done
Event: 8.886 Executing VM operation: ICBufferFull
Event: 8.886 Executing VM operation: ICBufferFull done
Event: 9.030 Executing VM operation: G1CollectForAllocation (G1 Evacuation Pause)

Memory protections (0 events):
No events

Nmethod flushes (20 events):
Event: 5.081 Thread 0x0000021c46ace180 flushing  nmethod 0x0000021c4cbce590
Event: 5.081 Thread 0x0000021c46ace180 flushing  nmethod 0x0000021c4cbd1310
Event: 5.081 Thread 0x0000021c46ace180 flushing  nmethod 0x0000021c4cbd4290
Event: 5.081 Thread 0x0000021c46ace180 flushing  nmethod 0x0000021c4cbd4990
Event: 5.081 Thread 0x0000021c46ace180 flushing  nmethod 0x0000021c4cbd7590
Event: 5.081 Thread 0x0000021c46ace180 flushing  nmethod 0x0000021c4cbd8310
Event: 5.081 Thread 0x0000021c46ace180 flushing  nmethod 0x0000021c4cbd8710
Event: 5.081 Thread 0x0000021c46ace180 flushing  nmethod 0x0000021c4cbdb190
Event: 5.081 Thread 0x0000021c46ace180 flushing  nmethod 0x0000021c540e4610
Event: 5.081 Thread 0x0000021c46ace180 flushing  nmethod 0x0000021c53eec490
Event: 5.081 Thread 0x0000021c46ace180 flushing  nmethod 0x0000021c54144b10
Event: 5.081 Thread 0x0000021c46ace180 flushing  nmethod 0x0000021c54144f10
Event: 5.081 Thread 0x0000021c46ace180 flushing  nmethod 0x0000021c4c0db990
Event: 5.081 Thread 0x0000021c46ace180 flushing  nmethod 0x0000021c4c0dca90
Event: 5.081 Thread 0x0000021c46ace180 flushing  nmethod 0x0000021c4c1dd290
Event: 5.081 Thread 0x0000021c46ace180 flushing  nmethod 0x0000021c4cbe2790
Event: 5.081 Thread 0x0000021c46ace180 flushing  nmethod 0x0000021c4cbe5e10
Event: 5.081 Thread 0x0000021c46ace180 flushing  nmethod 0x0000021c4cbea290
Event: 5.081 Thread 0x0000021c46ace180 flushing  nmethod 0x0000021c4cbeb110
Event: 5.081 Thread 0x0000021c46ace180 flushing  nmethod 0x0000021c4cbed690

Events (20 events):
Event: 3.471 Thread 0x0000021c6b02ce20 Thread added: 0x0000021c6b5c8f60
Event: 3.471 Thread 0x0000021c6b02ce20 Thread added: 0x0000021c6b5c95f0
Event: 3.472 Thread 0x0000021c6b02ce20 Thread added: 0x0000021c6b5c9c80
Event: 3.472 Thread 0x0000021c6b02ce20 Thread added: 0x0000021c6b5c6800
Event: 3.472 Thread 0x0000021c6b02ce20 Thread added: 0x0000021c6b5c7520
Event: 3.784 Thread 0x0000021c63aecd10 Thread added: 0x0000021c6bd70430
Event: 3.788 Thread 0x0000021c63aecd10 Thread added: 0x0000021c6bef8390
Event: 4.854 Thread 0x0000021c6bef8390 Thread exited: 0x0000021c6bef8390
Event: 4.854 Thread 0x0000021c6bd70430 Thread exited: 0x0000021c6bd70430
Event: 5.199 Thread 0x0000021c682d5c90 Thread exited: 0x0000021c682d5c90
Event: 5.764 Thread 0x0000021c6826cdd0 Thread exited: 0x0000021c6826cdd0
Event: 6.362 Thread 0x0000021c680c7e30 Thread exited: 0x0000021c680c7e30
Event: 6.953 Thread 0x0000021c68ed7910 Thread exited: 0x0000021c68ed7910
Event: 7.856 Thread 0x0000021c63c35190 Thread added: 0x0000021c6fe21eb0
Event: 7.857 Thread 0x0000021c63aee450 Thread added: 0x0000021c6e59da50
Event: 8.109 Thread 0x0000021c6e59da50 Thread exited: 0x0000021c6e59da50
Event: 8.215 Thread 0x0000021c6fe21eb0 Thread exited: 0x0000021c6fe21eb0
Event: 8.269 Thread 0x0000021c63aecd10 Thread added: 0x0000021c6f5c89c0
Event: 8.269 Thread 0x0000021c63aecd10 Thread added: 0x0000021c6f5c60e0
Event: 8.438 Thread 0x0000021c63c35190 Thread added: 0x0000021c6d35d080


Dynamic libraries:
0x00007ff777020000 - 0x00007ff77702a000 	C:\Program Files\Android\Android Studio\jbr\bin\java.exe
0x00007ffbb8a20000 - 0x00007ffbb8c87000 	C:\WINDOWS\SYSTEM32\ntdll.dll
0x00007ffbb7960000 - 0x00007ffbb7a29000 	C:\WINDOWS\System32\KERNEL32.DLL
0x00007ffbb5660000 - 0x00007ffbb5a51000 	C:\WINDOWS\System32\KERNELBASE.dll
0x00007ffbb5a60000 - 0x00007ffbb5bab000 	C:\WINDOWS\System32\ucrtbase.dll
0x00007ffba91c0000 - 0x00007ffba91d8000 	C:\Program Files\Android\Android Studio\jbr\bin\jli.dll
0x00007ffbb0a60000 - 0x00007ffbb0a7b000 	C:\Program Files\Android\Android Studio\jbr\bin\VCRUNTIME140.dll
0x00007ffbb76f0000 - 0x00007ffbb78b5000 	C:\WINDOWS\System32\USER32.dll
0x00007ffbb54e0000 - 0x00007ffbb5507000 	C:\WINDOWS\System32\win32u.dll
0x00007ffba4ed0000 - 0x00007ffba5163000 	C:\WINDOWS\WinSxS\amd64_microsoft.windows.common-controls_6595b64144ccf1df_6.0.26100.7922_none_3e089e1ee3342171\COMCTL32.dll
0x00007ffbb6aa0000 - 0x00007ffbb6acb000 	C:\WINDOWS\System32\GDI32.dll
0x00007ffbb82a0000 - 0x00007ffbb8349000 	C:\WINDOWS\System32\msvcrt.dll
0x00007ffbb53b0000 - 0x00007ffbb54da000 	C:\WINDOWS\System32\gdi32full.dll
0x00007ffbb5bb0000 - 0x00007ffbb5c53000 	C:\WINDOWS\System32\msvcp_win.dll
0x00007ffbb6f40000 - 0x00007ffbb6f71000 	C:\WINDOWS\System32\IMM32.DLL
0x00007ffbb0c50000 - 0x00007ffbb0c5c000 	C:\Program Files\Android\Android Studio\jbr\bin\vcruntime140_1.dll
0x00007ffb9cc20000 - 0x00007ffb9ccad000 	C:\Program Files\Android\Android Studio\jbr\bin\msvcp140.dll
0x00007ffb6bff0000 - 0x00007ffb6cc86000 	C:\Program Files\Android\Android Studio\jbr\bin\server\jvm.dll
0x00007ffbb7a30000 - 0x00007ffbb7aeb000 	C:\WINDOWS\System32\ADVAPI32.dll
0x00007ffbb6c70000 - 0x00007ffbb6d17000 	C:\WINDOWS\System32\sechost.dll
0x00007ffbb8180000 - 0x00007ffbb8298000 	C:\WINDOWS\System32\RPCRT4.dll
0x00007ffbb6a10000 - 0x00007ffbb6a84000 	C:\WINDOWS\System32\WS2_32.dll
0x00007ffbb5160000 - 0x00007ffbb51be000 	C:\WINDOWS\SYSTEM32\POWRPROF.dll
0x00007ffbac470000 - 0x00007ffbac4a5000 	C:\WINDOWS\SYSTEM32\WINMM.dll
0x00007ffbab260000 - 0x00007ffbab26b000 	C:\WINDOWS\SYSTEM32\VERSION.dll
0x00007ffbb5140000 - 0x00007ffbb5154000 	C:\WINDOWS\SYSTEM32\UMPDC.dll
0x00007ffbb4050000 - 0x00007ffbb406b000 	C:\WINDOWS\SYSTEM32\kernel.appcore.dll
0x00007ffbb0420000 - 0x00007ffbb042a000 	C:\Program Files\Android\Android Studio\jbr\bin\jimage.dll
0x00007ffbab470000 - 0x00007ffbab6b2000 	C:\WINDOWS\SYSTEM32\DBGHELP.DLL
0x00007ffbb7af0000 - 0x00007ffbb7e72000 	C:\WINDOWS\System32\combase.dll
0x00007ffbb6e50000 - 0x00007ffbb6f27000 	C:\WINDOWS\System32\OLEAUT32.dll
0x00007ffba11d0000 - 0x00007ffba120b000 	C:\WINDOWS\SYSTEM32\dbgcore.DLL
0x00007ffbb5300000 - 0x00007ffbb53a5000 	C:\WINDOWS\System32\bcryptPrimitives.dll
0x00007ffba7c60000 - 0x00007ffba7c6e000 	C:\Program Files\Android\Android Studio\jbr\bin\instrument.dll
0x00007ffbb0400000 - 0x00007ffbb0420000 	C:\Program Files\Android\Android Studio\jbr\bin\java.dll
0x00007ffbafa60000 - 0x00007ffbafa78000 	C:\Program Files\Android\Android Studio\jbr\bin\zip.dll
0x00007ffbb6f80000 - 0x00007ffbb76df000 	C:\WINDOWS\System32\SHELL32.dll
0x00007ffbb64d0000 - 0x00007ffbb663a000 	C:\WINDOWS\System32\wintypes.dll
0x00007ffbb5c60000 - 0x00007ffbb64c4000 	C:\WINDOWS\System32\windows.storage.dll
0x00007ffbb6ad0000 - 0x00007ffbb6bc7000 	C:\WINDOWS\System32\SHCORE.dll
0x00007ffbb69a0000 - 0x00007ffbb6a07000 	C:\WINDOWS\System32\shlwapi.dll
0x00007ffbb5220000 - 0x00007ffbb5249000 	C:\WINDOWS\SYSTEM32\profapi.dll
0x00007ffbafa50000 - 0x00007ffbafa60000 	C:\Program Files\Android\Android Studio\jbr\bin\net.dll
0x00007ffbac4e0000 - 0x00007ffbac607000 	C:\WINDOWS\SYSTEM32\WINHTTP.dll
0x00007ffbb45a0000 - 0x00007ffbb460b000 	C:\WINDOWS\system32\mswsock.dll
0x00007ffba8240000 - 0x00007ffba8256000 	C:\Program Files\Android\Android Studio\jbr\bin\nio.dll
0x00007ffbb0430000 - 0x00007ffbb0440000 	C:\Program Files\Android\Android Studio\jbr\bin\verify.dll
0x00007ffba61f0000 - 0x00007ffba6217000 	C:\Users\usuario\.gradle\native\660c5614fbf4a5f2a75b1949f50a0caf5cd603558e7d8a26e50b933a0cfb79d1\windows-amd64\native-platform.dll
0x00007ffb9cba0000 - 0x00007ffb9cc17000 	C:\Users\usuario\.gradle\native\0.2.8\x86_64-windows-gnu\gradle-fileevents.dll
0x00007ffba8230000 - 0x00007ffba8239000 	C:\Program Files\Android\Android Studio\jbr\bin\management.dll
0x00007ffba7ff0000 - 0x00007ffba7ffb000 	C:\Program Files\Android\Android Studio\jbr\bin\management_ext.dll
0x00007ffbb6a90000 - 0x00007ffbb6a98000 	C:\WINDOWS\System32\PSAPI.DLL
0x00007ffbb3a40000 - 0x00007ffbb3a73000 	C:\WINDOWS\SYSTEM32\IPHLPAPI.DLL
0x00007ffbb6bd0000 - 0x00007ffbb6bda000 	C:\WINDOWS\System32\NSI.dll
0x00007ffbafa40000 - 0x00007ffbafa49000 	C:\Program Files\Android\Android Studio\jbr\bin\extnet.dll
0x00007ffbb49a0000 - 0x00007ffbb49bb000 	C:\WINDOWS\SYSTEM32\CRYPTSP.dll
0x00007ffbb3fb0000 - 0x00007ffbb3fe9000 	C:\WINDOWS\system32\rsaenh.dll
0x00007ffbb4650000 - 0x00007ffbb4682000 	C:\WINDOWS\SYSTEM32\USERENV.dll
0x00007ffbb51f0000 - 0x00007ffbb521a000 	C:\WINDOWS\SYSTEM32\bcrypt.dll
0x00007ffbb4800000 - 0x00007ffbb480c000 	C:\WINDOWS\SYSTEM32\CRYPTBASE.dll
0x00007ffb81550000 - 0x00007ffb81558000 	C:\WINDOWS\system32\wshunix.dll

JVMTI agents:
C:\Users\usuario\.gradle\wrapper\dists\gradle-9.3.1-bin\23ovyewtku6u96viwx3xl3oks\gradle-9.3.1\lib\agents\gradle-instrumentation-agent-9.3.1.jar path:C:\Program Files\Android\Android Studio\jbr\bin\instrument.dll, loaded, initialized, instrumentlib options:none

dbghelp: loaded successfully - version: 4.0.5 - missing functions: none
symbol engine: initialized successfully - sym options: 0x614 - pdb path: .;C:\Program Files\Android\Android Studio\jbr\bin;C:\WINDOWS\SYSTEM32;C:\WINDOWS\WinSxS\amd64_microsoft.windows.common-controls_6595b64144ccf1df_6.0.26100.7922_none_3e089e1ee3342171;C:\Program Files\Android\Android Studio\jbr\bin\server;C:\Users\usuario\.gradle\native\660c5614fbf4a5f2a75b1949f50a0caf5cd603558e7d8a26e50b933a0cfb79d1\windows-amd64;C:\Users\usuario\.gradle\native\0.2.8\x86_64-windows-gnu

VM Arguments:
jvm_args: --add-opens=java.base/java.lang=ALL-UNNAMED --add-opens=java.base/java.lang.invoke=ALL-UNNAMED --add-opens=java.base/java.util=ALL-UNNAMED --add-opens=java.prefs/java.util.prefs=ALL-UNNAMED --add-exports=jdk.compiler/com.sun.tools.javac.api=ALL-UNNAMED --add-exports=jdk.compiler/com.sun.tools.javac.util=ALL-UNNAMED --add-opens=java.base/java.util=ALL-UNNAMED --add-opens=java.prefs/java.util.prefs=ALL-UNNAMED --add-opens=java.base/java.nio.charset=ALL-UNNAMED --add-opens=java.base/java.net=ALL-UNNAMED --add-opens=java.base/java.util.concurrent=ALL-UNNAMED --add-opens=java.base/java.util.concurrent.atomic=ALL-UNNAMED --add-opens=java.xml/javax.xml.namespace=ALL-UNNAMED --add-opens=java.base/java.time=ALL-UNNAMED -XX:MaxMetaspaceSize=1g -XX:+HeapDumpOnOutOfMemoryError -Xmx4g -Dfile.encoding=UTF-8 -Duser.country=PE -Duser.language=es -Duser.variant -javaagent:C:\Users\usuario\.gradle\wrapper\dists\gradle-9.3.1-bin\23ovyewtku6u96viwx3xl3oks\gradle-9.3.1\lib\agents\gradle-instrumentation-agent-9.3.1.jar 
java_command: org.gradle.launcher.daemon.bootstrap.GradleDaemon 9.3.1
java_class_path (initial): C:\Users\usuario\.gradle\wrapper\dists\gradle-9.3.1-bin\23ovyewtku6u96viwx3xl3oks\gradle-9.3.1\lib\gradle-daemon-main-9.3.1.jar
Launcher Type: SUN_STANDARD

[Global flags]
     intx CICompilerCount                          = 12                                        {product} {ergonomic}
   size_t CompressedClassSpaceSize                 = 872415232                                 {product} {ergonomic}
     uint ConcGCThreads                            = 3                                         {product} {ergonomic}
     uint G1ConcRefinementThreads                  = 13                                        {product} {ergonomic}
   size_t G1HeapRegionSize                         = 2097152                                   {product} {ergonomic}
    uintx GCDrainStackTargetSize                   = 64                                        {product} {ergonomic}
     bool HeapDumpOnOutOfMemoryError               = true                                   {manageable} {command line}
   size_t InitialHeapSize                          = 257949696                                 {product} {ergonomic}
   size_t MarkStackSize                            = 4194304                                   {product} {ergonomic}
   size_t MaxHeapSize                              = 4294967296                                {product} {command line}
   size_t MaxMetaspaceSize                         = 1073741824                                {product} {command line}
   size_t MaxNewSize                               = 2575302656                                {product} {ergonomic}
   size_t MinHeapDeltaBytes                        = 2097152                                   {product} {ergonomic}
   size_t MinHeapSize                              = 8388608                                   {product} {ergonomic}
    uintx NonNMethodCodeHeapSize                   = 7602480                                {pd product} {ergonomic}
    uintx NonProfiledCodeHeapSize                  = 122027880                              {pd product} {ergonomic}
    uintx ProfiledCodeHeapSize                     = 122027880                              {pd product} {ergonomic}
    uintx ReservedCodeCacheSize                    = 251658240                              {pd product} {ergonomic}
     bool SegmentedCodeCache                       = true                                      {product} {ergonomic}
   size_t SoftMaxHeapSize                          = 4294967296                             {manageable} {ergonomic}
     bool UseCompressedOops                        = true                           {product lp64_product} {ergonomic}
     bool UseG1GC                                  = true                                      {product} {ergonomic}
     bool UseLargePagesIndividualAllocation        = false                                  {pd product} {ergonomic}

Logging:
Log output configuration:
 #0: stdout all=warning uptime,level,tags foldmultilines=false
 #1: stderr all=off uptime,level,tags foldmultilines=false

Release file:
JAVA_VERSION="21.0.9" 
MODULES="java.base java.compiler java.datatransfer java.xml java.prefs java.desktop java.instrument java.logging java.management java.security.sasl java.naming java.rmi java.management.rmi java.net.http java.scripting java.security.jgss java.transaction.xa java.sql java.sql.rowset java.xml.crypto java.se java.smartcardio jdk.accessibility jdk.internal.jvmstat jdk.attach jdk.charsets jdk.internal.opt jdk.zipfs jdk.compiler jdk.crypto.ec jdk.crypto.cryptoki jdk.dynalink jdk.hotspot.agent jdk.httpserver jdk.internal.ed jdk.internal.le jdk.internal.vm.ci jdk.jartool jdk.javadoc jdk.jcmd jdk.jdeps jdk.jdwp.agent jdk.jdi jdk.jfr jdk.jlink jdk.jsobject jdk.localedata jdk.management jdk.management.agent jdk.management.jfr jdk.naming.dns jdk.naming.rmi jdk.net jdk.sctp jdk.security.auth jdk.security.jgss jdk.unsupported jdk.unsupported.desktop jdk.xml.dom" 
IMPLEMENTOR="JetBrains s.r.o." 
JAVA_RUNTIME_VERSION="21.0.9+-14787801-b1163.94" 
LIBC="default" 
OS_ARCH="x86_64" 
OS_NAME="Windows" 
SOURCE=".:git:0c757ddc9f2f" 

Environment Variables:
PATH=C:\Program Files (x86)\Common Files\Oracle\Java\java8path;C:\Program Files (x86)\Common Files\Oracle\Java\javapath;C:\Program Files\Python313\Scripts\;C:\Program Files\Python313\;C:\WINDOWS\system32;C:\WINDOWS;C:\WINDOWS\System32\Wbem;C:\WINDOWS\System32\WindowsPowerShell\v1.0\;C:\WINDOWS\System32\OpenSSH\;C:\Users\usuario\AppData\Roaming\Python\Python313t\Scripts;C:\Program Files\Git\cmd;C:\Users\usuario\AppData\Local\Programs\Python\Launcher\;C:\Users\usuario\AppData\Local\Microsoft\WindowsApps;C:\Users\usuario\AppData\Local\Programs\Microsoft VS Code\bin;C:\Users\usuario\AppData\Local\Programs\Antigravity\bin
USERNAME=usuario
OS=Windows_NT
PROCESSOR_IDENTIFIER=AMD64 Family 25 Model 117 Stepping 2, AuthenticAMD
TMP=C:\Users\usuario\AppData\Local\Temp
TEMP=C:\Users\usuario\AppData\Local\Temp




Periodic native trim disabled

JNI global refs:
JNI global refs: 38, weak refs: 37

JNI global refs memory usage: 835, weak refs: 1465

Process memory usage:
Resident Set Size: 860748K (5% of 16103236K total physical memory with 939560K free physical memory)

OOME stack traces (most recent first):
Classloader memory used:
Loader org.gradle.internal.classloader.VisitableURLClassLoader                         : 33376K
Loader bootstrap                                                                       : 22121K
Loader org.gradle.initialization.MixInLegacyTypesClassLoader                           : 6706K
Loader org.gradle.internal.classloader.VisitableURLClassLoader                         : 764K
Loader org.gradle.internal.classloader.VisitableURLClassLoader$InstrumentingVisitableURLClassLoader: 587K
Loader jdk.internal.loader.ClassLoaders$AppClassLoader                                 : 229K
Loader jdk.internal.reflect.DelegatingClassLoader                                      : 199K
Loader jdk.internal.loader.ClassLoaders$PlatformClassLoader                            : 180K
Loader org.gradle.groovy.scripts.internal.DefaultScriptCompilationHandler$ScriptClassLoader: 92336B

Classes loaded by more than one classloader:
Class org.gradle.internal.IoActions                                                   : loaded 3 times (x 71B)
Class org.gradle.api.Action                                                           : loaded 3 times (x 70B)
Class org.gradle.api.GradleException                                                  : loaded 3 times (x 82B)
Class org.gradle.api.internal.classpath.ManifestUtil                                  : loaded 2 times (x 71B)
Class com.google.common.collect.UnmodifiableListIterator                              : loaded 2 times (x 95B)
Class org.gradle.internal.operations.MultipleBuildOperationFailures                   : loaded 2 times (x 95B)
Class org.gradle.internal.classloader.DefaultClassLoaderFactory                       : loaded 2 times (x 82B)
Class kotlin.collections.AbstractList$Companion                                       : loaded 2 times (x 71B)
Class org.gradle.internal.classloader.ClassLoaderVisitor                              : loaded 2 times (x 76B)
Class org.gradle.api.internal.classpath.EffectiveClassPath                            : loaded 2 times (x 90B)
Class org.gradle.api.internal.DefaultClassPathProvider                                : loaded 2 times (x 76B)
Class [Lorg.gradle.api.internal.ClassPathProvider;                                    : loaded 2 times (x 69B)
Class org.gradle.api.internal.ClassPathProvider                                       : loaded 2 times (x 70B)
Class org.gradle.internal.service.UnknownServiceException                             : loaded 2 times (x 83B)
Class org.gradle.internal.classpath.TransformedClassPath                              : loaded 2 times (x 96B)
Class org.gradle.internal.classloader.InstrumentingClassLoader                        : loaded 2 times (x 70B)
Class com.google.common.collect.Iterators$ArrayItr                                    : loaded 2 times (x 97B)
Class kotlin.enums.EnumEntriesList                                                    : loaded 2 times (x 223B)
Class com.google.common.collect.UnmodifiableIterator                                  : loaded 2 times (x 80B)
Class org.gradle.internal.service.ServiceLocator                                      : loaded 2 times (x 70B)
Class com.google.common.collect.Iterators$SingletonIterator                           : loaded 2 times (x 81B)
Class com.google.common.collect.Iterators                                             : loaded 2 times (x 71B)
Class com.google.common.collect.Lists$StringAsImmutableList                           : loaded 2 times (x 207B)
Class ijInit2_7bvni7c5usi662s0dlaek105p                                               : loaded 2 times (x 171B)
Class org.gradle.internal.time.DefaultTimer                                           : loaded 2 times (x 80B)
Class org.gradle.internal.classloader.ClasspathUtil$1                                 : loaded 2 times (x 76B)
Class org.gradle.api.internal.classpath.DefaultModuleRegistry$DefaultModule           : loaded 2 times (x 86B)
Class com.google.common.collect.AbstractIterator                                      : loaded 2 times (x 82B)
Class com.google.common.collect.AbstractIndexedListIterator                           : loaded 2 times (x 96B)
Class org.gradle.internal.time.DefaultCountdownTimer                                  : loaded 2 times (x 88B)
Class org.gradle.api.internal.classpath.Module                                        : loaded 2 times (x 70B)
Class org.gradle.api.internal.classpath.UnknownModuleException                        : loaded 2 times (x 82B)
Class org.gradle.api.internal.DefaultClassPathRegistry                                : loaded 2 times (x 76B)
Class org.gradle.api.internal.ClassPathRegistry                                       : loaded 2 times (x 70B)
Class org.gradle.internal.classpath.DefaultClassPath$ImmutableUniqueList              : loaded 2 times (x 199B)
Class org.gradle.internal.classloader.ClassLoaderHierarchy                            : loaded 2 times (x 70B)
Class com.google.common.collect.Iterators$1                                           : loaded 2 times (x 81B)
Class kotlin.UninitializedPropertyAccessException                                     : loaded 2 times (x 82B)
Class com.google.common.collect.Iterators$4                                           : loaded 2 times (x 82B)
Class org.gradle.api.internal.classpath.ModuleRegistry                                : loaded 2 times (x 70B)
Class org.gradle.internal.installation.GradleInstallation$1                           : loaded 2 times (x 75B)
Class com.google.common.collect.Iterators$5                                           : loaded 2 times (x 82B)
Class com.google.common.collect.ImmutableCollection                                   : loaded 2 times (x 125B)
Class org.gradle.api.internal.classpath.DefaultModuleRegistry                         : loaded 2 times (x 86B)
Class com.google.common.collect.Lists                                                 : loaded 2 times (x 71B)
Class com.google.common.collect.Iterators$9                                           : loaded 2 times (x 81B)
Class org.gradle.internal.time.MonotonicClock                                         : loaded 2 times (x 77B)
Class org.gradle.internal.service.ServiceLookupException                              : loaded 2 times (x 82B)
Class org.gradle.internal.classloader.ClassLoaderFactory                              : loaded 2 times (x 70B)
Class org.gradle.internal.service.CachingServiceLocator                               : loaded 2 times (x 82B)
Class org.gradle.internal.time.TimeSource                                             : loaded 2 times (x 70B)
Class kotlin.enums.EnumEntries                                                        : loaded 2 times (x 70B)
Class org.gradle.internal.exceptions.ResolutionProvider                               : loaded 2 times (x 70B)
Class org.gradle.internal.classloader.ClasspathUtil                                   : loaded 2 times (x 71B)
Class org.gradle.internal.time.TimeSource$1                                           : loaded 2 times (x 77B)
Class kotlin.jvm.internal.DefaultConstructorMarker                                    : loaded 2 times (x 71B)
Class org.gradle.api.specs.Spec                                                       : loaded 2 times (x 70B)
Class ijInit2_7bvni7c5usi662s0dlaek105p$_run_closure1                                 : loaded 2 times (x 140B)
Class org.gradle.internal.time.Clock                                                  : loaded 2 times (x 70B)
Class kotlin.collections.AbstractList                                                 : loaded 2 times (x 197B)
Class kotlin.collections.AbstractCollection                                           : loaded 2 times (x 117B)
Class org.gradle.internal.classloader.VisitableURLClassLoader$InstrumentingVisitableURLClassLoader: loaded 2 times (x 123B)
Class org.gradle.internal.classloader.VisitableURLClassLoader$Spec                    : loaded 2 times (x 74B)
Class org.gradle.internal.classpath.DefaultClassPath                                  : loaded 2 times (x 90B)
Class org.gradle.util.internal.DefaultGradleVersion                                   : loaded 2 times (x 82B)
Class org.gradle.internal.classloader.ClassLoaderSpec                                 : loaded 2 times (x 71B)
Class org.gradle.internal.classloader.VisitableURLClassLoader                         : loaded 2 times (x 117B)
Class org.gradle.internal.classloader.FilteringClassLoader                            : loaded 2 times (x 105B)
Class org.gradle.internal.Cast                                                        : loaded 2 times (x 71B)
Class org.gradle.internal.classpath.DefaultClassPath$ImmutableUniqueList$Builder      : loaded 2 times (x 75B)
Class org.gradle.internal.classpath.ClassPath                                         : loaded 2 times (x 70B)
Class org.gradle.internal.exceptions.NonGradleCauseExceptionsHolder                   : loaded 2 times (x 70B)
Class kotlin.NotImplementedError                                                      : loaded 2 times (x 82B)
Class kotlin.enums.EnumEntriesKt                                                      : loaded 2 times (x 71B)
Class sync_studio_tooling2260_agwvon8j87te6c9ww1szjrdaj$_run_closure1                 : loaded 2 times (x 139B)
Class org.gradle.internal.classloader.SystemClassLoaderSpec                           : loaded 2 times (x 71B)
Class org.gradle.internal.exceptions.MultiCauseException                              : loaded 2 times (x 70B)
Class org.gradle.internal.time.CountdownTimer                                         : loaded 2 times (x 70B)
Class kotlin.jvm.internal.Intrinsics                                                  : loaded 2 times (x 71B)
Class org.gradle.tooling.model.ProjectModel                                           : loaded 2 times (x 70B)
Class kotlin.KotlinNullPointerException                                               : loaded 2 times (x 83B)
Class org.gradle.internal.exceptions.DefaultMultiCauseException                       : loaded 2 times (x 95B)
Class com.google.common.base.Preconditions                                            : loaded 2 times (x 71B)
Class com.google.common.collect.PeekingIterator                                       : loaded 2 times (x 70B)
Class org.gradle.internal.time.Time                                                   : loaded 2 times (x 71B)
Class sync_studio_tooling2260_agwvon8j87te6c9ww1szjrdaj                               : loaded 2 times (x 171B)
Class org.gradle.api.internal.classpath.GlobalCacheRootsProvider                      : loaded 2 times (x 70B)
Class kotlin.NoWhenBranchMatchedException                                             : loaded 2 times (x 82B)
Class org.gradle.internal.time.Timer                                                  : loaded 2 times (x 70B)
Class kotlin.jvm.internal.markers.KMappedMarker                                       : loaded 2 times (x 70B)
Class org.gradle.internal.installation.CurrentGradleInstallationLocator               : loaded 2 times (x 71B)
Class com.google.common.collect.ImmutableList                                         : loaded 2 times (x 206B)
Class org.gradle.internal.service.DefaultServiceLocator                               : loaded 2 times (x 83B)
Class org.gradle.util.GradleVersion                                                   : loaded 2 times (x 81B)
Class org.gradle.internal.installation.CurrentGradleInstallation                      : loaded 2 times (x 73B)
Class org.gradle.util.internal.GUtil                                                  : loaded 2 times (x 71B)
Class com.google.common.collect.Iterators$MergingIterator                             : loaded 2 times (x 81B)
Class org.gradle.internal.installation.GradleInstallation                             : loaded 2 times (x 75B)

---------------  S Y S T E M  ---------------

OS:
 Windows 11 , 64 bit Build 26100 (10.0.26100.7920)
OS uptime: 1 days 5:50 hours
Hyper-V role detected

CPU: total 16 (initial active 16) (16 cores per cpu, 2 threads per core) family 25 model 117 stepping 2 microcode 0xa705206, cx8, cmov, fxsr, ht, mmx, 3dnowpref, sse, sse2, sse3, ssse3, sse4a, sse4.1, sse4.2, popcnt, lzcnt, tsc, tscinvbit, avx, avx2, aes, erms, clmul, bmi1, bmi2, adx, avx512f, avx512dq, avx512cd, avx512bw, avx512vl, sha, fma, vzeroupper, avx512_vpopcntdq, avx512_vpclmulqdq, avx512_vaes, avx512_vnni, clflush, clflushopt, avx512_vbmi2, avx512_vbmi, hv, rdtscp, rdpid, fsrm, gfni, avx512_bitalg, f16c, cet_ss, avx512_ifma
Processor Information for the first 16 processors :
  Max Mhz: 4200, Current Mhz: 4200, Mhz Limit: 4200

Memory: 4k page, system-wide physical 15725M (917M free)
TotalPageFile size 64877M (AvailPageFile size 54M)
current process WorkingSet (physical memory assigned to process): 840M, peak: 851M
current process commit charge ("private bytes"): 890M, peak: 1017M

vm_info: OpenJDK 64-Bit Server VM (21.0.9+-14787801-b1163.94) for windows-amd64 JRE (21.0.9+-14787801-b1163.94), built on 2026-01-27T21:15:44Z by "builder" with MS VC++ 16.10 / 16.11 (VS2019)

END.
